ensembl_gene_id	gene_symbol	study_pmid	geo_series	context_id	cell_type_hcata	cell_type_alternative_2	cell_type_alternative_3	primary_tissue_context	n_donors_in_study	age_min_years	age_max_years	lfc_log2_per_year_reported	slope_reported	intercept_reported	neg_log10_adjusted_p	adjusted_p_derived	adjusted_p_below_0_05	scaled_log2_change_age20_to75	direction_reported	hcata_plotting_id	source_path
ENSG00000078596	ITM2A	36516485	GSE167186	ctx_0234b64ace9c	All Cells,  Skeletal Muscle	NA	NA	1	17	19	90	-0.003	-0.003	1.080	0	1	0	-0.165	down	2753305	source/effects_batch_000.json.gz
ENSG00000078596	ITM2A	36516485	GSE167186	ctx_0fd5032b2b0c	Adventitial cell 8	Mesenchymal stem cell	Myogenic endothelial cell	0	17	19	90	-0.012	-0.012	1.176	0	1	0	-0.660	down	2732459	source/effects_batch_000.json.gz
ENSG00000078596	ITM2A	36516485	GSE167186	ctx_1f3e2a4066d7	Adventitial cell 2	Mesenchymal stem cell	Myogenic endothelial cell	0	17	19	90	-0.001	-0.001	1.150	0	1	0	-0.055	down	2661755	source/effects_batch_000.json.gz
ENSG00000078596	ITM2A	36516485	GSE167186	ctx_238c34ecff52	Unkown	NA	NA	0	17	19	90	0.000	0.000	1.019	0	1	0	0.000	rounded_zero	2875323	source/effects_batch_000.json.gz
ENSG00000078596	ITM2A	36516485	GSE167186	ctx_3c1aedecb8ec	Adventitial cell 7	Mesenchymal stem cell	Myogenic endothelial cell	0	17	19	90	-0.005	-0.005	1.145	0	1	0	-0.275	down	2720802	source/effects_batch_000.json.gz
ENSG00000078596	ITM2A	36516485	GSE167186	ctx_416833ac90ca	Mesenchymal stem cell 3	Adventitial cell	Mesenchymal stromal cell	0	17	19	90	0.003	0.003	1.250	0	1	0	0.165	up	2775793	source/effects_batch_000.json.gz
ENSG00000078596	ITM2A	36516485	GSE167186	ctx_51a23717b452	Mesenchymal stem cell	Pericyte	NA	0	17	19	90	-0.002	-0.002	1.000	0	1	0	-0.110	down	2786484	source/effects_batch_000.json.gz
ENSG00000078596	ITM2A	36516485	GSE167186	ctx_5243fb2c6d5c	Adventitial cell 4	Mesenchymal stem cell	Muscle-derived cell	0	17	19	90	-0.006	-0.006	1.030	0	1	0	-0.330	down	2685515	source/effects_batch_000.json.gz
ENSG00000078596	ITM2A	36516485	GSE167186	ctx_5da05f63762a	Unkown 4	NA	NA	0	17	19	90	0.001	0.001	1.019	0	1	0	0.055	up	2819473	source/effects_batch_000.json.gz
ENSG00000078596	ITM2A	36516485	GSE167186	ctx_66b8877333b1	Adventitial cell 3	Mesenchymal stem cell	Myogenic endothelial cell	0	17	19	90	0.007	0.007	1.075	0	1	0	0.385	up	2673579	source/effects_batch_000.json.gz
ENSG00000078596	ITM2A	36516485	GSE167186	ctx_926384c8242b	Unkown 5	NA	NA	0	17	19	90	0.000	0.000	1.049	0	1	0	0.000	rounded_zero	2830406	source/effects_batch_000.json.gz
ENSG00000078596	ITM2A	36516485	GSE167186	ctx_93986af51167	Adventitial cell 5	Mesenchymal stem cell	Muscle-derived cell	0	17	19	90	-0.004	-0.004	1.103	0	1	0	-0.220	down	2697338	source/effects_batch_000.json.gz
ENSG00000078596	ITM2A	36516485	GSE167186	ctx_9aa0a69d626d	Adventitial cell 6	Mesenchymal stem cell	Myogenic endothelial cell	0	17	19	90	-0.004	-0.004	1.132	0	1	0	-0.220	down	2709135	source/effects_batch_000.json.gz
ENSG00000078596	ITM2A	36516485	GSE167186	ctx_bfd71711437a	Unkown 2	NA	NA	0	17	19	90	-0.001	-0.001	1.005	0	1	0	-0.055	down	2798183	source/effects_batch_000.json.gz
ENSG00000078596	ITM2A	36516485	GSE167186	ctx_c138321e7ebd	Unkown 3	NA	NA	0	17	19	90	0.006	0.006	1.032	0	1	0	0.330	up	2808564	source/effects_batch_000.json.gz
ENSG00000078596	ITM2A	36516485	GSE167186	ctx_c157cf74c34b	Mesenchymal stem cell 2	Adventitial cell	Mesenchymal stromal cell	0	17	19	90	0.007	0.007	1.125	0	1	0	0.385	up	2764886	source/effects_batch_000.json.gz
ENSG00000078596	ITM2A	36516485	GSE167186	ctx_d30649d2fd62	Unkown 7	NA	NA	0	17	19	90	0.010	0.010	1.043	0	1	0	0.550	up	2852891	source/effects_batch_000.json.gz
ENSG00000078596	ITM2A	36516485	GSE167186	ctx_d78029928f98	Adventitial cell	Mesenchymal stem cell	Muscle-derived cell	0	17	19	90	0.017	0.017	1.000	0	1	0	0.935	up	2742428	source/effects_batch_000.json.gz
ENSG00000078596	ITM2A	36516485	GSE167186	ctx_e129c8e975de	Unkown 8	NA	NA	0	17	19	90	0.003	0.003	1.000	0	1	0	0.165	up	2863887	source/effects_batch_000.json.gz
ENSG00000078596	ITM2A	36516485	GSE167186	ctx_e81eac8c401a	Unkown 6	NA	NA	0	17	19	90	-0.001	-0.001	1.138	0	1	0	-0.055	down	2840895	source/effects_batch_000.json.gz
ENSG00000154265	ABCA5	36516485	GSE167186	ctx_0234b64ace9c	All Cells,  Skeletal Muscle	NA	NA	1	17	19	90	0.004	0.004	1.786	0	1	0	0.220	up	2758646	source/effects_batch_000.json.gz
ENSG00000154265	ABCA5	36516485	GSE167186	ctx_0fd5032b2b0c	Adventitial cell 8	Mesenchymal stem cell	Myogenic endothelial cell	0	17	19	90	0.009	0.009	1.368	0	1	0	0.495	up	2737155	source/effects_batch_000.json.gz
ENSG00000154265	ABCA5	36516485	GSE167186	ctx_1f3e2a4066d7	Adventitial cell 2	Mesenchymal stem cell	Myogenic endothelial cell	0	17	19	90	0.008	0.008	1.536	0	1	0	0.440	up	2667116	source/effects_batch_000.json.gz
ENSG00000154265	ABCA5	36516485	GSE167186	ctx_238c34ecff52	Unkown	NA	NA	0	17	19	90	0.005	0.005	1.706	0	1	0	0.275	up	2880035	source/effects_batch_000.json.gz
ENSG00000154265	ABCA5	36516485	GSE167186	ctx_3c1aedecb8ec	Adventitial cell 7	Mesenchymal stem cell	Myogenic endothelial cell	0	17	19	90	0.001	0.001	1.391	0	1	0	0.055	up	2726139	source/effects_batch_000.json.gz
ENSG00000154265	ABCA5	36516485	GSE167186	ctx_416833ac90ca	Mesenchymal stem cell 3	Adventitial cell	Mesenchymal stromal cell	0	17	19	90	0.005	0.005	1.532	0	1	0	0.275	up	2780709	source/effects_batch_000.json.gz
ENSG00000154265	ABCA5	36516485	GSE167186	ctx_51a23717b452	Mesenchymal stem cell	Pericyte	NA	0	17	19	90	0.003	0.003	1.416	0	1	0	0.165	up	2791840	source/effects_batch_000.json.gz
ENSG00000154265	ABCA5	36516485	GSE167186	ctx_5243fb2c6d5c	Adventitial cell 4	Mesenchymal stem cell	Muscle-derived cell	0	17	19	90	0.007	0.007	1.622	0	1	0	0.385	up	2690891	source/effects_batch_000.json.gz
ENSG00000154265	ABCA5	36516485	GSE167186	ctx_5da05f63762a	Unkown 4	NA	NA	0	17	19	90	0.006	0.006	1.934	0.228517567825784	0.59085706408778405	0	0.330	up	2824433	source/effects_batch_000.json.gz
ENSG00000154265	ABCA5	36516485	GSE167186	ctx_66b8877333b1	Adventitial cell 3	Mesenchymal stem cell	Myogenic endothelial cell	0	17	19	90	0.007	0.007	1.518	0	1	0	0.385	up	2679027	source/effects_batch_000.json.gz
ENSG00000154265	ABCA5	36516485	GSE167186	ctx_926384c8242b	Unkown 5	NA	NA	0	17	19	90	0.005	0.005	1.458	0	1	0	0.275	up	2835245	source/effects_batch_000.json.gz
ENSG00000154265	ABCA5	36516485	GSE167186	ctx_93986af51167	Adventitial cell 5	Mesenchymal stem cell	Muscle-derived cell	0	17	19	90	0.003	0.003	1.323	0	1	0	0.165	up	2702719	source/effects_batch_000.json.gz
ENSG00000154265	ABCA5	36516485	GSE167186	ctx_9aa0a69d626d	Adventitial cell 6	Mesenchymal stem cell	Myogenic endothelial cell	0	17	19	90	0.002	0.002	1.655	0	1	0	0.110	up	2714450	source/effects_batch_000.json.gz
ENSG00000154265	ABCA5	36516485	GSE167186	ctx_bfd71711437a	Unkown 2	NA	NA	0	17	19	90	0.006	0.006	1.634	0	1	0	0.330	up	2802921	source/effects_batch_000.json.gz
ENSG00000154265	ABCA5	36516485	GSE167186	ctx_c138321e7ebd	Unkown 3	NA	NA	0	17	19	90	0.006	0.006	2.400	0	1	0	0.330	up	2813525	source/effects_batch_000.json.gz
ENSG00000154265	ABCA5	36516485	GSE167186	ctx_c157cf74c34b	Mesenchymal stem cell 2	Adventitial cell	Mesenchymal stromal cell	0	17	19	90	0.005	0.005	1.731	0	1	0	0.275	up	2769847	source/effects_batch_000.json.gz
ENSG00000154265	ABCA5	36516485	GSE167186	ctx_d30649d2fd62	Unkown 7	NA	NA	0	17	19	90	0.005	0.005	2.084	0	1	0	0.275	up	2857891	source/effects_batch_000.json.gz
ENSG00000154265	ABCA5	36516485	GSE167186	ctx_d78029928f98	Adventitial cell	Mesenchymal stem cell	Muscle-derived cell	0	17	19	90	0.003	0.003	1.784	0	1	0	0.165	up	2747399	source/effects_batch_000.json.gz
ENSG00000154265	ABCA5	36516485	GSE167186	ctx_e129c8e975de	Unkown 8	NA	NA	0	17	19	90	-0.003	-0.003	1.931	0	1	0	-0.165	down	2869077	source/effects_batch_000.json.gz
ENSG00000154265	ABCA5	36516485	GSE167186	ctx_e81eac8c401a	Unkown 6	NA	NA	0	17	19	90	0.000	0.000	1.386	0	1	0	0.000	rounded_zero	2846363	source/effects_batch_000.json.gz
ENSG00000167130	DOLPP1	36516485	GSE167186	ctx_0234b64ace9c	All Cells,  Skeletal Muscle	NA	NA	1	17	19	90	-0.001	-0.001	1.008	0	1	0	-0.055	down	2759915	source/effects_batch_000.json.gz
ENSG00000167130	DOLPP1	36516485	GSE167186	ctx_238c34ecff52	Unkown	NA	NA	0	17	19	90	-0.001	-0.001	1.013	0	1	0	-0.055	down	2881163	source/effects_batch_000.json.gz
ENSG00000167130	DOLPP1	36516485	GSE167186	ctx_51a23717b452	Mesenchymal stem cell	Pericyte	NA	0	17	19	90	0.003	0.003	1.059	0	1	0	0.165	up	2793126	source/effects_batch_000.json.gz
ENSG00000167130	DOLPP1	36516485	GSE167186	ctx_5243fb2c6d5c	Adventitial cell 4	Mesenchymal stem cell	Muscle-derived cell	0	17	19	90	0.002	0.002	1.100	0	1	0	0.110	up	2692174	source/effects_batch_000.json.gz
ENSG00000167130	DOLPP1	36516485	GSE167186	ctx_5da05f63762a	Unkown 4	NA	NA	0	17	19	90	-0.001	-0.001	1.014	0	1	0	-0.055	down	2825635	source/effects_batch_000.json.gz
ENSG00000167130	DOLPP1	36516485	GSE167186	ctx_66b8877333b1	Adventitial cell 3	Mesenchymal stem cell	Myogenic endothelial cell	0	17	19	90	0.000	0.000	1.000	0	1	0	0.000	rounded_zero	2680335	source/effects_batch_000.json.gz
ENSG00000167130	DOLPP1	36516485	GSE167186	ctx_926384c8242b	Unkown 5	NA	NA	0	17	19	90	0.008	0.008	1.000	0	1	0	0.440	up	2836400	source/effects_batch_000.json.gz
ENSG00000167130	DOLPP1	36516485	GSE167186	ctx_9aa0a69d626d	Adventitial cell 6	Mesenchymal stem cell	Myogenic endothelial cell	0	17	19	90	-0.019	-0.019	1.000	0	1	0	-1.045	down	2715712	source/effects_batch_000.json.gz
ENSG00000167130	DOLPP1	36516485	GSE167186	ctx_bfd71711437a	Unkown 2	NA	NA	0	17	19	90	-0.002	-0.002	1.000	0	1	0	-0.110	down	2804059	source/effects_batch_000.json.gz
ENSG00000167130	DOLPP1	36516485	GSE167186	ctx_c138321e7ebd	Unkown 3	NA	NA	0	17	19	90	-0.003	-0.003	1.010	0	1	0	-0.165	down	2814713	source/effects_batch_000.json.gz
ENSG00000167130	DOLPP1	36516485	GSE167186	ctx_c157cf74c34b	Mesenchymal stem cell 2	Adventitial cell	Mesenchymal stromal cell	0	17	19	90	-0.011	-0.011	1.000	0	1	0	-0.605	down	2771045	source/effects_batch_000.json.gz
ENSG00000167130	DOLPP1	36516485	GSE167186	ctx_d30649d2fd62	Unkown 7	NA	NA	0	17	19	90	0.001	0.001	1.014	0	1	0	0.055	up	2859085	source/effects_batch_000.json.gz
ENSG00000167130	DOLPP1	36516485	GSE167186	ctx_d78029928f98	Adventitial cell	Mesenchymal stem cell	Muscle-derived cell	0	17	19	90	0.010	0.010	1.000	0	1	0	0.550	up	2748576	source/effects_batch_000.json.gz
ENSG00000140157	NIPA2	36516485	GSE167186	ctx_0234b64ace9c	All Cells,  Skeletal Muscle	NA	NA	1	17	19	90	-0.002	-0.002	1.036	0	1	0	-0.110	down	2757531	source/effects_batch_000.json.gz
ENSG00000140157	NIPA2	36516485	GSE167186	ctx_0fd5032b2b0c	Adventitial cell 8	Mesenchymal stem cell	Myogenic endothelial cell	0	17	19	90	0.000	0.000	1.000	0	1	0	0.000	rounded_zero	2736180	source/effects_batch_000.json.gz
ENSG00000140157	NIPA2	36516485	GSE167186	ctx_1f3e2a4066d7	Adventitial cell 2	Mesenchymal stem cell	Myogenic endothelial cell	0	17	19	90	0.000	0.000	1.063	0	1	0	0.000	rounded_zero	2666006	source/effects_batch_000.json.gz
ENSG00000140157	NIPA2	36516485	GSE167186	ctx_238c34ecff52	Unkown	NA	NA	0	17	19	90	-0.002	-0.002	1.040	0	1	0	-0.110	down	2879058	source/effects_batch_000.json.gz
ENSG00000140157	NIPA2	36516485	GSE167186	ctx_3c1aedecb8ec	Adventitial cell 7	Mesenchymal stem cell	Myogenic endothelial cell	0	17	19	90	-0.007	-0.007	1.071	0	1	0	-0.385	down	2725034	source/effects_batch_000.json.gz
ENSG00000140157	NIPA2	36516485	GSE167186	ctx_416833ac90ca	Mesenchymal stem cell 3	Adventitial cell	Mesenchymal stromal cell	0	17	19	90	0.004	0.004	1.071	0	1	0	0.220	up	2779675	source/effects_batch_000.json.gz
ENSG00000140157	NIPA2	36516485	GSE167186	ctx_51a23717b452	Mesenchymal stem cell	Pericyte	NA	0	17	19	90	0.001	0.001	1.026	0	1	0	0.055	up	2790716	source/effects_batch_000.json.gz
ENSG00000140157	NIPA2	36516485	GSE167186	ctx_5243fb2c6d5c	Adventitial cell 4	Mesenchymal stem cell	Muscle-derived cell	0	17	19	90	-0.010	-0.010	1.013	0	1	0	-0.550	down	2689764	source/effects_batch_000.json.gz
ENSG00000140157	NIPA2	36516485	GSE167186	ctx_5da05f63762a	Unkown 4	NA	NA	0	17	19	90	0.000	0.000	1.034	0	1	0	0.000	rounded_zero	2823404	source/effects_batch_000.json.gz
ENSG00000140157	NIPA2	36516485	GSE167186	ctx_66b8877333b1	Adventitial cell 3	Mesenchymal stem cell	Myogenic endothelial cell	0	17	19	90	0.001	0.001	1.042	0	1	0	0.055	up	2677879	source/effects_batch_000.json.gz
ENSG00000140157	NIPA2	36516485	GSE167186	ctx_926384c8242b	Unkown 5	NA	NA	0	17	19	90	0.002	0.002	1.029	0	1	0	0.110	up	2834249	source/effects_batch_000.json.gz
ENSG00000140157	NIPA2	36516485	GSE167186	ctx_93986af51167	Adventitial cell 5	Mesenchymal stem cell	Muscle-derived cell	0	17	19	90	0.000	0.000	1.046	0	1	0	0.000	rounded_zero	2701596	source/effects_batch_000.json.gz
ENSG00000140157	NIPA2	36516485	GSE167186	ctx_9aa0a69d626d	Adventitial cell 6	Mesenchymal stem cell	Myogenic endothelial cell	0	17	19	90	-0.007	-0.007	1.034	0	1	0	-0.385	down	2713346	source/effects_batch_000.json.gz
ENSG00000140157	NIPA2	36516485	GSE167186	ctx_bfd71711437a	Unkown 2	NA	NA	0	17	19	90	0.000	0.000	1.042	0	1	0	0.000	rounded_zero	2801942	source/effects_batch_000.json.gz
ENSG00000140157	NIPA2	36516485	GSE167186	ctx_c138321e7ebd	Unkown 3	NA	NA	0	17	19	90	-0.003	-0.003	1.050	0	1	0	-0.165	down	2812501	source/effects_batch_000.json.gz
ENSG00000140157	NIPA2	36516485	GSE167186	ctx_c157cf74c34b	Mesenchymal stem cell 2	Adventitial cell	Mesenchymal stromal cell	0	17	19	90	-0.010	-0.010	1.075	0	1	0	-0.550	down	2768800	source/effects_batch_000.json.gz
ENSG00000140157	NIPA2	36516485	GSE167186	ctx_d30649d2fd62	Unkown 7	NA	NA	0	17	19	90	0.001	0.001	1.045	0	1	0	0.055	up	2856856	source/effects_batch_000.json.gz
ENSG00000140157	NIPA2	36516485	GSE167186	ctx_d78029928f98	Adventitial cell	Mesenchymal stem cell	Muscle-derived cell	0	17	19	90	-0.001	-0.001	1.051	0	1	0	-0.055	down	2746356	source/effects_batch_000.json.gz
ENSG00000140157	NIPA2	36516485	GSE167186	ctx_e129c8e975de	Unkown 8	NA	NA	0	17	19	90	-0.003	-0.003	1.059	0	1	0	-0.165	down	2867987	source/effects_batch_000.json.gz
ENSG00000140157	NIPA2	36516485	GSE167186	ctx_e81eac8c401a	Unkown 6	NA	NA	0	17	19	90	-0.002	-0.002	1.022	0	1	0	-0.110	down	2845216	source/effects_batch_000.json.gz
ENSG00000112972	HMGCS1	36516485	GSE167186	ctx_0234b64ace9c	All Cells,  Skeletal Muscle	NA	NA	1	17	19	90	-0.005	-0.005	1.052	0	1	0	-0.275	down	2755100	source/effects_batch_000.json.gz
ENSG00000112972	HMGCS1	36516485	GSE167186	ctx_0fd5032b2b0c	Adventitial cell 8	Mesenchymal stem cell	Myogenic endothelial cell	0	17	19	90	-0.005	-0.005	1.182	0	1	0	-0.275	down	2734050	source/effects_batch_000.json.gz
ENSG00000112972	HMGCS1	36516485	GSE167186	ctx_1f3e2a4066d7	Adventitial cell 2	Mesenchymal stem cell	Myogenic endothelial cell	0	17	19	90	-0.008	-0.008	1.072	0	1	0	-0.440	down	2663570	source/effects_batch_000.json.gz
ENSG00000112972	HMGCS1	36516485	GSE167186	ctx_238c34ecff52	Unkown	NA	NA	0	17	19	90	-0.007	-0.007	1.042	0.98430237002185	0.10368063060100798	0	-0.385	down	2876911	source/effects_batch_000.json.gz
ENSG00000112972	HMGCS1	36516485	GSE167186	ctx_3c1aedecb8ec	Adventitial cell 7	Mesenchymal stem cell	Myogenic endothelial cell	0	17	19	90	-0.004	-0.004	1.077	0	1	0	-0.220	down	2722622	source/effects_batch_000.json.gz
ENSG00000112972	HMGCS1	36516485	GSE167186	ctx_416833ac90ca	Mesenchymal stem cell 3	Adventitial cell	Mesenchymal stromal cell	0	17	19	90	0.001	0.001	1.048	0	1	0	0.055	up	2777446	source/effects_batch_000.json.gz
ENSG00000112972	HMGCS1	36516485	GSE167186	ctx_51a23717b452	Mesenchymal stem cell	Pericyte	NA	0	17	19	90	-0.008	-0.008	1.035	0	1	0	-0.440	down	2788287	source/effects_batch_000.json.gz
ENSG00000112972	HMGCS1	36516485	GSE167186	ctx_5243fb2c6d5c	Adventitial cell 4	Mesenchymal stem cell	Muscle-derived cell	0	17	19	90	-0.005	-0.005	1.050	0	1	0	-0.275	down	2687327	source/effects_batch_000.json.gz
ENSG00000112972	HMGCS1	36516485	GSE167186	ctx_5da05f63762a	Unkown 4	NA	NA	0	17	19	90	-0.003	-0.003	1.056	0	1	0	-0.165	down	2821147	source/effects_batch_000.json.gz
ENSG00000112972	HMGCS1	36516485	GSE167186	ctx_66b8877333b1	Adventitial cell 3	Mesenchymal stem cell	Myogenic endothelial cell	0	17	19	90	-0.005	-0.005	1.085	0	1	0	-0.275	down	2675409	source/effects_batch_000.json.gz
ENSG00000112972	HMGCS1	36516485	GSE167186	ctx_926384c8242b	Unkown 5	NA	NA	0	17	19	90	-0.001	-0.001	1.023	0	1	0	-0.055	down	2832034	source/effects_batch_000.json.gz
ENSG00000112972	HMGCS1	36516485	GSE167186	ctx_93986af51167	Adventitial cell 5	Mesenchymal stem cell	Muscle-derived cell	0	17	19	90	-0.008	-0.008	1.055	0	1	0	-0.440	down	2699152	source/effects_batch_000.json.gz
ENSG00000112972	HMGCS1	36516485	GSE167186	ctx_9aa0a69d626d	Adventitial cell 6	Mesenchymal stem cell	Myogenic endothelial cell	0	17	19	90	-0.002	-0.002	1.077	0	1	0	-0.110	down	2710921	source/effects_batch_000.json.gz
ENSG00000112972	HMGCS1	36516485	GSE167186	ctx_bfd71711437a	Unkown 2	NA	NA	0	17	19	90	-0.002	-0.002	1.036	0	1	0	-0.110	down	2799779	source/effects_batch_000.json.gz
ENSG00000112972	HMGCS1	36516485	GSE167186	ctx_c138321e7ebd	Unkown 3	NA	NA	0	17	19	90	-0.007	-0.007	1.046	0	1	0	-0.385	down	2810243	source/effects_batch_000.json.gz
ENSG00000112972	HMGCS1	36516485	GSE167186	ctx_c157cf74c34b	Mesenchymal stem cell 2	Adventitial cell	Mesenchymal stromal cell	0	17	19	90	-0.008	-0.008	1.027	0	1	0	-0.440	down	2766543	source/effects_batch_000.json.gz
ENSG00000112972	HMGCS1	36516485	GSE167186	ctx_d30649d2fd62	Unkown 7	NA	NA	0	17	19	90	-0.002	-0.002	1.043	0	1	0	-0.110	down	2854578	source/effects_batch_000.json.gz
ENSG00000112972	HMGCS1	36516485	GSE167186	ctx_d78029928f98	Adventitial cell	Mesenchymal stem cell	Muscle-derived cell	0	17	19	90	-0.007	-0.007	1.000	0	1	0	-0.385	down	2744104	source/effects_batch_000.json.gz
ENSG00000112972	HMGCS1	36516485	GSE167186	ctx_e129c8e975de	Unkown 8	NA	NA	0	17	19	90	0.000	0.000	1.031	0	1	0	0.000	rounded_zero	2865618	source/effects_batch_000.json.gz
ENSG00000112972	HMGCS1	36516485	GSE167186	ctx_e81eac8c401a	Unkown 6	NA	NA	0	17	19	90	0.000	0.000	1.048	0	1	0	0.000	rounded_zero	2842742	source/effects_batch_000.json.gz
ENSG00000035862	TIMP2	36516485	GSE167186	ctx_0234b64ace9c	All Cells,  Skeletal Muscle	NA	NA	1	17	19	90	0.000	0.000	1.164	0	1	0	0.000	rounded_zero	2752652	source/effects_batch_000.json.gz
ENSG00000035862	TIMP2	36516485	GSE167186	ctx_0fd5032b2b0c	Adventitial cell 8	Mesenchymal stem cell	Myogenic endothelial cell	0	17	19	90	-0.004	-0.004	1.154	0	1	0	-0.220	down	2731863	source/effects_batch_000.json.gz
ENSG00000035862	TIMP2	36516485	GSE167186	ctx_1f3e2a4066d7	Adventitial cell 2	Mesenchymal stem cell	Myogenic endothelial cell	0	17	19	90	-0.006	-0.006	1.110	0	1	0	-0.330	down	2661106	source/effects_batch_000.json.gz
ENSG00000035862	TIMP2	36516485	GSE167186	ctx_238c34ecff52	Unkown	NA	NA	0	17	19	90	0.003	0.003	1.022	0	1	0	0.165	up	2874740	source/effects_batch_000.json.gz
ENSG00000035862	TIMP2	36516485	GSE167186	ctx_3c1aedecb8ec	Adventitial cell 7	Mesenchymal stem cell	Myogenic endothelial cell	0	17	19	90	0.002	0.002	1.153	0	1	0	0.110	up	2720145	source/effects_batch_000.json.gz
ENSG00000035862	TIMP2	36516485	GSE167186	ctx_416833ac90ca	Mesenchymal stem cell 3	Adventitial cell	Mesenchymal stromal cell	0	17	19	90	-0.012	-0.012	1.077	0	1	0	-0.660	down	2775181	source/effects_batch_000.json.gz
ENSG00000035862	TIMP2	36516485	GSE167186	ctx_51a23717b452	Mesenchymal stem cell	Pericyte	NA	0	17	19	90	0.000	0.000	1.097	0	1	0	0.000	rounded_zero	2785833	source/effects_batch_000.json.gz
ENSG00000035862	TIMP2	36516485	GSE167186	ctx_5243fb2c6d5c	Adventitial cell 4	Mesenchymal stem cell	Muscle-derived cell	0	17	19	90	-0.002	-0.002	1.142	0	1	0	-0.110	down	2684863	source/effects_batch_000.json.gz
ENSG00000035862	TIMP2	36516485	GSE167186	ctx_5da05f63762a	Unkown 4	NA	NA	0	17	19	90	0.002	0.002	1.050	0	1	0	0.110	up	2818868	source/effects_batch_000.json.gz
ENSG00000035862	TIMP2	36516485	GSE167186	ctx_66b8877333b1	Adventitial cell 3	Mesenchymal stem cell	Myogenic endothelial cell	0	17	19	90	-0.001	-0.001	1.077	0	1	0	-0.055	down	2672915	source/effects_batch_000.json.gz
ENSG00000035862	TIMP2	36516485	GSE167186	ctx_926384c8242b	Unkown 5	NA	NA	0	17	19	90	0.001	0.001	1.062	0	1	0	0.055	up	2829814	source/effects_batch_000.json.gz
ENSG00000035862	TIMP2	36516485	GSE167186	ctx_93986af51167	Adventitial cell 5	Mesenchymal stem cell	Muscle-derived cell	0	17	19	90	0.002	0.002	1.406	0	1	0	0.110	up	2696689	source/effects_batch_000.json.gz
ENSG00000035862	TIMP2	36516485	GSE167186	ctx_9aa0a69d626d	Adventitial cell 6	Mesenchymal stem cell	Myogenic endothelial cell	0	17	19	90	-0.013	-0.013	1.000	0	1	0	-0.715	down	2708486	source/effects_batch_000.json.gz
ENSG00000035862	TIMP2	36516485	GSE167186	ctx_bfd71711437a	Unkown 2	NA	NA	0	17	19	90	0.001	0.001	1.050	0	1	0	0.055	up	2797602	source/effects_batch_000.json.gz
ENSG00000035862	TIMP2	36516485	GSE167186	ctx_c138321e7ebd	Unkown 3	NA	NA	0	17	19	90	0.002	0.002	1.048	0	1	0	0.110	up	2807958	source/effects_batch_000.json.gz
ENSG00000035862	TIMP2	36516485	GSE167186	ctx_c157cf74c34b	Mesenchymal stem cell 2	Adventitial cell	Mesenchymal stromal cell	0	17	19	90	-0.015	-0.015	1.077	0	1	0	-0.825	down	2764285	source/effects_batch_000.json.gz
ENSG00000035862	TIMP2	36516485	GSE167186	ctx_d30649d2fd62	Unkown 7	NA	NA	0	17	19	90	0.005	0.005	1.024	0	1	0	0.275	up	2852284	source/effects_batch_000.json.gz
ENSG00000035862	TIMP2	36516485	GSE167186	ctx_d78029928f98	Adventitial cell	Mesenchymal stem cell	Muscle-derived cell	0	17	19	90	0.003	0.003	1.069	0	1	0	0.165	up	2741823	source/effects_batch_000.json.gz
ENSG00000035862	TIMP2	36516485	GSE167186	ctx_e129c8e975de	Unkown 8	NA	NA	0	17	19	90	0.053	0.053	1.000	0	1	0	2.915	up	2863247	source/effects_batch_000.json.gz
ENSG00000035862	TIMP2	36516485	GSE167186	ctx_e81eac8c401a	Unkown 6	NA	NA	0	17	19	90	0.000	0.000	1.310	0	1	0	0.000	rounded_zero	2840236	source/effects_batch_000.json.gz
ENSG00000107957	SH3PXD2A	36516485	GSE167186	ctx_0234b64ace9c	All Cells,  Skeletal Muscle	NA	NA	1	17	19	90	-0.003	-0.003	1.100	0	1	0	-0.165	down	2754666	source/effects_batch_000.json.gz
ENSG00000107957	SH3PXD2A	36516485	GSE167186	ctx_0fd5032b2b0c	Adventitial cell 8	Mesenchymal stem cell	Myogenic endothelial cell	0	17	19	90	0.004	0.004	1.206	0	1	0	0.220	up	2733662	source/effects_batch_000.json.gz
ENSG00000107957	SH3PXD2A	36516485	GSE167186	ctx_1f3e2a4066d7	Adventitial cell 2	Mesenchymal stem cell	Myogenic endothelial cell	0	17	19	90	-0.007	-0.007	1.118	0	1	0	-0.385	down	2663142	source/effects_batch_000.json.gz
ENSG00000107957	SH3PXD2A	36516485	GSE167186	ctx_238c34ecff52	Unkown	NA	NA	0	17	19	90	-0.005	-0.005	1.076	0	1	0	-0.275	down	2876531	source/effects_batch_000.json.gz
ENSG00000107957	SH3PXD2A	36516485	GSE167186	ctx_3c1aedecb8ec	Adventitial cell 7	Mesenchymal stem cell	Myogenic endothelial cell	0	17	19	90	-0.007	-0.007	1.115	0	1	0	-0.385	down	2722187	source/effects_batch_000.json.gz
ENSG00000107957	SH3PXD2A	36516485	GSE167186	ctx_416833ac90ca	Mesenchymal stem cell 3	Adventitial cell	Mesenchymal stromal cell	0	17	19	90	-0.008	-0.008	1.098	0	1	0	-0.440	down	2777044	source/effects_batch_000.json.gz
ENSG00000107957	SH3PXD2A	36516485	GSE167186	ctx_51a23717b452	Mesenchymal stem cell	Pericyte	NA	0	17	19	90	-0.007	-0.007	1.138	0	1	0	-0.385	down	2787853	source/effects_batch_000.json.gz
ENSG00000107957	SH3PXD2A	36516485	GSE167186	ctx_5243fb2c6d5c	Adventitial cell 4	Mesenchymal stem cell	Muscle-derived cell	0	17	19	90	-0.004	-0.004	1.146	0	1	0	-0.220	down	2686889	source/effects_batch_000.json.gz
ENSG00000107957	SH3PXD2A	36516485	GSE167186	ctx_5da05f63762a	Unkown 4	NA	NA	0	17	19	90	-0.002	-0.002	1.150	0	1	0	-0.110	down	2820742	source/effects_batch_000.json.gz
ENSG00000107957	SH3PXD2A	36516485	GSE167186	ctx_66b8877333b1	Adventitial cell 3	Mesenchymal stem cell	Myogenic endothelial cell	0	17	19	90	0.001	0.001	1.128	0	1	0	0.055	up	2674969	source/effects_batch_000.json.gz
ENSG00000107957	SH3PXD2A	36516485	GSE167186	ctx_926384c8242b	Unkown 5	NA	NA	0	17	19	90	-0.001	-0.001	1.102	0	1	0	-0.055	down	2831647	source/effects_batch_000.json.gz
ENSG00000107957	SH3PXD2A	36516485	GSE167186	ctx_93986af51167	Adventitial cell 5	Mesenchymal stem cell	Muscle-derived cell	0	17	19	90	-0.006	-0.006	1.117	0	1	0	-0.330	down	2698714	source/effects_batch_000.json.gz
ENSG00000107957	SH3PXD2A	36516485	GSE167186	ctx_9aa0a69d626d	Adventitial cell 6	Mesenchymal stem cell	Myogenic endothelial cell	0	17	19	90	0.003	0.003	1.091	0	1	0	0.165	up	2710496	source/effects_batch_000.json.gz
ENSG00000107957	SH3PXD2A	36516485	GSE167186	ctx_bfd71711437a	Unkown 2	NA	NA	0	17	19	90	-0.001	-0.001	1.102	0	1	0	-0.055	down	2799395	source/effects_batch_000.json.gz
ENSG00000107957	SH3PXD2A	36516485	GSE167186	ctx_c138321e7ebd	Unkown 3	NA	NA	0	17	19	90	-0.001	-0.001	1.074	0	1	0	-0.055	down	2809843	source/effects_batch_000.json.gz
ENSG00000107957	SH3PXD2A	36516485	GSE167186	ctx_c157cf74c34b	Mesenchymal stem cell 2	Adventitial cell	Mesenchymal stromal cell	0	17	19	90	-0.004	-0.004	1.261	0	1	0	-0.220	down	2766145	source/effects_batch_000.json.gz
ENSG00000107957	SH3PXD2A	36516485	GSE167186	ctx_d30649d2fd62	Unkown 7	NA	NA	0	17	19	90	-0.006	-0.006	1.126	0	1	0	-0.330	down	2854178	source/effects_batch_000.json.gz
ENSG00000107957	SH3PXD2A	36516485	GSE167186	ctx_d78029928f98	Adventitial cell	Mesenchymal stem cell	Muscle-derived cell	0	17	19	90	0.003	0.003	1.214	0	1	0	0.165	up	2743702	source/effects_batch_000.json.gz
ENSG00000107957	SH3PXD2A	36516485	GSE167186	ctx_e129c8e975de	Unkown 8	NA	NA	0	17	19	90	-0.005	-0.005	1.157	0	1	0	-0.275	down	2865195	source/effects_batch_000.json.gz
ENSG00000107957	SH3PXD2A	36516485	GSE167186	ctx_e81eac8c401a	Unkown 6	NA	NA	0	17	19	90	-0.009	-0.009	1.152	0	1	0	-0.495	down	2842298	source/effects_batch_000.json.gz
ENSG00000104763	ASAH1	36516485	GSE167186	ctx_0234b64ace9c	All Cells,  Skeletal Muscle	NA	NA	1	17	19	90	0.002	0.002	1.346	0	1	0	0.110	up	2754333	source/effects_batch_000.json.gz
ENSG00000104763	ASAH1	36516485	GSE167186	ctx_0fd5032b2b0c	Adventitial cell 8	Mesenchymal stem cell	Myogenic endothelial cell	0	17	19	90	0.009	0.009	1.258	0	1	0	0.495	up	2733372	source/effects_batch_000.json.gz
ENSG00000104763	ASAH1	36516485	GSE167186	ctx_1f3e2a4066d7	Adventitial cell 2	Mesenchymal stem cell	Myogenic endothelial cell	0	17	19	90	0.002	0.002	1.250	0	1	0	0.110	up	2662799	source/effects_batch_000.json.gz
ENSG00000104763	ASAH1	36516485	GSE167186	ctx_238c34ecff52	Unkown	NA	NA	0	17	19	90	0.001	0.001	1.288	0	1	0	0.055	up	2876241	source/effects_batch_000.json.gz
ENSG00000104763	ASAH1	36516485	GSE167186	ctx_3c1aedecb8ec	Adventitial cell 7	Mesenchymal stem cell	Myogenic endothelial cell	0	17	19	90	-0.003	-0.003	1.238	0	1	0	-0.165	down	2721847	source/effects_batch_000.json.gz
ENSG00000104763	ASAH1	36516485	GSE167186	ctx_416833ac90ca	Mesenchymal stem cell 3	Adventitial cell	Mesenchymal stromal cell	0	17	19	90	-0.003	-0.003	1.461	0	1	0	-0.165	down	2776741	source/effects_batch_000.json.gz
ENSG00000104763	ASAH1	36516485	GSE167186	ctx_51a23717b452	Mesenchymal stem cell	Pericyte	NA	0	17	19	90	-0.003	-0.003	1.326	0	1	0	-0.165	down	2787515	source/effects_batch_000.json.gz
ENSG00000104763	ASAH1	36516485	GSE167186	ctx_5243fb2c6d5c	Adventitial cell 4	Mesenchymal stem cell	Muscle-derived cell	0	17	19	90	0.002	0.002	1.329	0	1	0	0.110	up	2686555	source/effects_batch_000.json.gz
ENSG00000104763	ASAH1	36516485	GSE167186	ctx_5da05f63762a	Unkown 4	NA	NA	0	17	19	90	0.003	0.003	1.558	0	1	0	0.165	up	2820436	source/effects_batch_000.json.gz
ENSG00000104763	ASAH1	36516485	GSE167186	ctx_66b8877333b1	Adventitial cell 3	Mesenchymal stem cell	Myogenic endothelial cell	0	17	19	90	0.003	0.003	1.310	0	1	0	0.165	up	2674629	source/effects_batch_000.json.gz
ENSG00000104763	ASAH1	36516485	GSE167186	ctx_926384c8242b	Unkown 5	NA	NA	0	17	19	90	0.004	0.004	1.208	0	1	0	0.220	up	2831344	source/effects_batch_000.json.gz
ENSG00000104763	ASAH1	36516485	GSE167186	ctx_93986af51167	Adventitial cell 5	Mesenchymal stem cell	Muscle-derived cell	0	17	19	90	0.003	0.003	1.123	0	1	0	0.165	up	2698380	source/effects_batch_000.json.gz
ENSG00000104763	ASAH1	36516485	GSE167186	ctx_9aa0a69d626d	Adventitial cell 6	Mesenchymal stem cell	Myogenic endothelial cell	0	17	19	90	0.000	0.000	1.355	0	1	0	0.000	rounded_zero	2710166	source/effects_batch_000.json.gz
ENSG00000104763	ASAH1	36516485	GSE167186	ctx_bfd71711437a	Unkown 2	NA	NA	0	17	19	90	0.001	0.001	1.426	0	1	0	0.055	up	2799104	source/effects_batch_000.json.gz
ENSG00000104763	ASAH1	36516485	GSE167186	ctx_c138321e7ebd	Unkown 3	NA	NA	0	17	19	90	0.001	0.001	1.416	0	1	0	0.055	up	2809531	source/effects_batch_000.json.gz
ENSG00000104763	ASAH1	36516485	GSE167186	ctx_c157cf74c34b	Mesenchymal stem cell 2	Adventitial cell	Mesenchymal stromal cell	0	17	19	90	0.006	0.006	1.551	0	1	0	0.330	up	2765843	source/effects_batch_000.json.gz
ENSG00000104763	ASAH1	36516485	GSE167186	ctx_d30649d2fd62	Unkown 7	NA	NA	0	17	19	90	0.002	0.002	1.540	0	1	0	0.110	up	2853864	source/effects_batch_000.json.gz
ENSG00000104763	ASAH1	36516485	GSE167186	ctx_d78029928f98	Adventitial cell	Mesenchymal stem cell	Muscle-derived cell	0	17	19	90	0.002	0.002	1.236	0	1	0	0.110	up	2743389	source/effects_batch_000.json.gz
ENSG00000104763	ASAH1	36516485	GSE167186	ctx_e129c8e975de	Unkown 8	NA	NA	0	17	19	90	0.002	0.002	1.385	0	1	0	0.110	up	2864885	source/effects_batch_000.json.gz
ENSG00000104763	ASAH1	36516485	GSE167186	ctx_e81eac8c401a	Unkown 6	NA	NA	0	17	19	90	0.003	0.003	1.154	0	1	0	0.165	up	2841957	source/effects_batch_000.json.gz
ENSG00000115415	STAT1	36516485	GSE167186	ctx_0234b64ace9c	All Cells,  Skeletal Muscle	NA	NA	1	17	19	90	0.003	0.003	1.176	0	1	0	0.165	up	2755305	source/effects_batch_000.json.gz
ENSG00000115415	STAT1	36516485	GSE167186	ctx_0fd5032b2b0c	Adventitial cell 8	Mesenchymal stem cell	Myogenic endothelial cell	0	17	19	90	0.000	0.000	1.394	0	1	0	0.000	rounded_zero	2734246	source/effects_batch_000.json.gz
ENSG00000115415	STAT1	36516485	GSE167186	ctx_1f3e2a4066d7	Adventitial cell 2	Mesenchymal stem cell	Myogenic endothelial cell	0	17	19	90	-0.003	-0.003	1.202	0	1	0	-0.165	down	2663779	source/effects_batch_000.json.gz
ENSG00000115415	STAT1	36516485	GSE167186	ctx_238c34ecff52	Unkown	NA	NA	0	17	19	90	0.009	0.009	1.126	0	1	0	0.495	up	2877098	source/effects_batch_000.json.gz
ENSG00000115415	STAT1	36516485	GSE167186	ctx_3c1aedecb8ec	Adventitial cell 7	Mesenchymal stem cell	Myogenic endothelial cell	0	17	19	90	-0.003	-0.003	1.261	0	1	0	-0.165	down	2722837	source/effects_batch_000.json.gz
ENSG00000115415	STAT1	36516485	GSE167186	ctx_416833ac90ca	Mesenchymal stem cell 3	Adventitial cell	Mesenchymal stromal cell	0	17	19	90	0.006	0.006	1.200	0	1	0	0.330	up	2777637	source/effects_batch_000.json.gz
ENSG00000115415	STAT1	36516485	GSE167186	ctx_51a23717b452	Mesenchymal stem cell	Pericyte	NA	0	17	19	90	-0.003	-0.003	1.106	0	1	0	-0.165	down	2788503	source/effects_batch_000.json.gz
ENSG00000115415	STAT1	36516485	GSE167186	ctx_5243fb2c6d5c	Adventitial cell 4	Mesenchymal stem cell	Muscle-derived cell	0	17	19	90	0.000	0.000	1.136	0	1	0	0.000	rounded_zero	2687535	source/effects_batch_000.json.gz
ENSG00000115415	STAT1	36516485	GSE167186	ctx_5da05f63762a	Unkown 4	NA	NA	0	17	19	90	0.003	0.003	1.090	0	1	0	0.165	up	2821343	source/effects_batch_000.json.gz
ENSG00000115415	STAT1	36516485	GSE167186	ctx_66b8877333b1	Adventitial cell 3	Mesenchymal stem cell	Myogenic endothelial cell	0	17	19	90	0.003	0.003	1.392	0	1	0	0.165	up	2675621	source/effects_batch_000.json.gz
ENSG00000115415	STAT1	36516485	GSE167186	ctx_926384c8242b	Unkown 5	NA	NA	0	17	19	90	0.006	0.006	1.087	0	1	0	0.330	up	2832222	source/effects_batch_000.json.gz
ENSG00000115415	STAT1	36516485	GSE167186	ctx_93986af51167	Adventitial cell 5	Mesenchymal stem cell	Muscle-derived cell	0	17	19	90	0.007	0.007	1.216	0	1	0	0.385	up	2699357	source/effects_batch_000.json.gz
ENSG00000115415	STAT1	36516485	GSE167186	ctx_9aa0a69d626d	Adventitial cell 6	Mesenchymal stem cell	Myogenic endothelial cell	0	17	19	90	-0.002	-0.002	1.243	0	1	0	-0.110	down	2711126	source/effects_batch_000.json.gz
ENSG00000115415	STAT1	36516485	GSE167186	ctx_bfd71711437a	Unkown 2	NA	NA	0	17	19	90	0.006	0.006	1.092	0	1	0	0.330	up	2799969	source/effects_batch_000.json.gz
ENSG00000115415	STAT1	36516485	GSE167186	ctx_c138321e7ebd	Unkown 3	NA	NA	0	17	19	90	0.009	0.009	1.148	0	1	0	0.495	up	2810440	source/effects_batch_000.json.gz
ENSG00000115415	STAT1	36516485	GSE167186	ctx_c157cf74c34b	Mesenchymal stem cell 2	Adventitial cell	Mesenchymal stromal cell	0	17	19	90	-0.008	-0.008	1.222	0	1	0	-0.440	down	2766733	source/effects_batch_000.json.gz
ENSG00000115415	STAT1	36516485	GSE167186	ctx_d30649d2fd62	Unkown 7	NA	NA	0	17	19	90	0.003	0.003	1.136	0	1	0	0.165	up	2854773	source/effects_batch_000.json.gz
ENSG00000115415	STAT1	36516485	GSE167186	ctx_d78029928f98	Adventitial cell	Mesenchymal stem cell	Muscle-derived cell	0	17	19	90	0.005	0.005	1.103	0	1	0	0.275	up	2744298	source/effects_batch_000.json.gz
ENSG00000115415	STAT1	36516485	GSE167186	ctx_e129c8e975de	Unkown 8	NA	NA	0	17	19	90	-0.004	-0.004	1.065	0	1	0	-0.220	down	2865824	source/effects_batch_000.json.gz
ENSG00000115415	STAT1	36516485	GSE167186	ctx_e81eac8c401a	Unkown 6	NA	NA	0	17	19	90	0.003	0.003	1.158	0	1	0	0.165	up	2842954	source/effects_batch_000.json.gz
ENSG00000168610	STAT3	36516485	GSE167186	ctx_0234b64ace9c	All Cells,  Skeletal Muscle	NA	NA	1	17	19	90	0.002	0.002	1.180	0	1	0	0.110	up	2760128	source/effects_batch_000.json.gz
ENSG00000168610	STAT3	36516485	GSE167186	ctx_0fd5032b2b0c	Adventitial cell 8	Mesenchymal stem cell	Myogenic endothelial cell	0	17	19	90	-0.002	-0.002	1.227	0	1	0	-0.110	down	2738437	source/effects_batch_000.json.gz
ENSG00000168610	STAT3	36516485	GSE167186	ctx_1f3e2a4066d7	Adventitial cell 2	Mesenchymal stem cell	Myogenic endothelial cell	0	17	19	90	0.001	0.001	1.190	0	1	0	0.055	up	2668612	source/effects_batch_000.json.gz
ENSG00000168610	STAT3	36516485	GSE167186	ctx_238c34ecff52	Unkown	NA	NA	0	17	19	90	0.004	0.004	1.182	0	1	0	0.220	up	2881347	source/effects_batch_000.json.gz
ENSG00000168610	STAT3	36516485	GSE167186	ctx_3c1aedecb8ec	Adventitial cell 7	Mesenchymal stem cell	Myogenic endothelial cell	0	17	19	90	-0.001	-0.001	1.308	0	1	0	-0.055	down	2727643	source/effects_batch_000.json.gz
ENSG00000168610	STAT3	36516485	GSE167186	ctx_416833ac90ca	Mesenchymal stem cell 3	Adventitial cell	Mesenchymal stromal cell	0	17	19	90	0.000	0.000	1.147	0	1	0	0.000	rounded_zero	2782046	source/effects_batch_000.json.gz
ENSG00000168610	STAT3	36516485	GSE167186	ctx_51a23717b452	Mesenchymal stem cell	Pericyte	NA	0	17	19	90	-0.001	-0.001	1.200	0	1	0	-0.055	down	2793342	source/effects_batch_000.json.gz
ENSG00000168610	STAT3	36516485	GSE167186	ctx_5243fb2c6d5c	Adventitial cell 4	Mesenchymal stem cell	Muscle-derived cell	0	17	19	90	0.003	0.003	1.178	0	1	0	0.165	up	2692388	source/effects_batch_000.json.gz
ENSG00000168610	STAT3	36516485	GSE167186	ctx_5da05f63762a	Unkown 4	NA	NA	0	17	19	90	0.002	0.002	1.194	0	1	0	0.110	up	2825833	source/effects_batch_000.json.gz
ENSG00000168610	STAT3	36516485	GSE167186	ctx_66b8877333b1	Adventitial cell 3	Mesenchymal stem cell	Myogenic endothelial cell	0	17	19	90	0.003	0.003	1.193	0	1	0	0.165	up	2680557	source/effects_batch_000.json.gz
ENSG00000168610	STAT3	36516485	GSE167186	ctx_926384c8242b	Unkown 5	NA	NA	0	17	19	90	0.003	0.003	1.112	0	1	0	0.165	up	2836592	source/effects_batch_000.json.gz
ENSG00000168610	STAT3	36516485	GSE167186	ctx_93986af51167	Adventitial cell 5	Mesenchymal stem cell	Muscle-derived cell	0	17	19	90	0.002	0.002	1.169	0	1	0	0.110	up	2704233	source/effects_batch_000.json.gz
ENSG00000168610	STAT3	36516485	GSE167186	ctx_9aa0a69d626d	Adventitial cell 6	Mesenchymal stem cell	Myogenic endothelial cell	0	17	19	90	-0.001	-0.001	1.195	0	1	0	-0.055	down	2715928	source/effects_batch_000.json.gz
ENSG00000168610	STAT3	36516485	GSE167186	ctx_bfd71711437a	Unkown 2	NA	NA	0	17	19	90	0.001	0.001	1.222	0	1	0	0.055	up	2804245	source/effects_batch_000.json.gz
ENSG00000168610	STAT3	36516485	GSE167186	ctx_c138321e7ebd	Unkown 3	NA	NA	0	17	19	90	0.004	0.004	1.206	0	1	0	0.220	up	2814912	source/effects_batch_000.json.gz
ENSG00000168610	STAT3	36516485	GSE167186	ctx_c157cf74c34b	Mesenchymal stem cell 2	Adventitial cell	Mesenchymal stromal cell	0	17	19	90	0.003	0.003	1.205	0	1	0	0.165	up	2771237	source/effects_batch_000.json.gz
ENSG00000168610	STAT3	36516485	GSE167186	ctx_d30649d2fd62	Unkown 7	NA	NA	0	17	19	90	0.000	0.000	1.196	0	1	0	0.000	rounded_zero	2859283	source/effects_batch_000.json.gz
ENSG00000168610	STAT3	36516485	GSE167186	ctx_d78029928f98	Adventitial cell	Mesenchymal stem cell	Muscle-derived cell	0	17	19	90	0.001	0.001	1.238	0	1	0	0.055	up	2748766	source/effects_batch_000.json.gz
ENSG00000168610	STAT3	36516485	GSE167186	ctx_e129c8e975de	Unkown 8	NA	NA	0	17	19	90	0.003	0.003	1.188	0	1	0	0.165	up	2870525	source/effects_batch_000.json.gz
ENSG00000168610	STAT3	36516485	GSE167186	ctx_e81eac8c401a	Unkown 6	NA	NA	0	17	19	90	0.001	0.001	1.200	0	1	0	0.055	up	2847897	source/effects_batch_000.json.gz
ENSG00000123545	NDUFAF4	36516485	GSE167186	ctx_0234b64ace9c	All Cells,  Skeletal Muscle	NA	NA	1	17	19	90	-0.004	-0.004	1.072	0	1	0	-0.220	down	2755960	source/effects_batch_000.json.gz
ENSG00000123545	NDUFAF4	36516485	GSE167186	ctx_0fd5032b2b0c	Adventitial cell 8	Mesenchymal stem cell	Myogenic endothelial cell	0	17	19	90	-0.001	-0.001	1.143	0	1	0	-0.055	down	2734820	source/effects_batch_000.json.gz
ENSG00000123545	NDUFAF4	36516485	GSE167186	ctx_1f3e2a4066d7	Adventitial cell 2	Mesenchymal stem cell	Myogenic endothelial cell	0	17	19	90	0.003	0.003	1.029	0	1	0	0.165	up	2664439	source/effects_batch_000.json.gz
ENSG00000123545	NDUFAF4	36516485	GSE167186	ctx_238c34ecff52	Unkown	NA	NA	0	17	19	90	-0.006	-0.006	1.048	0	1	0	-0.330	down	2877691	source/effects_batch_000.json.gz
ENSG00000123545	NDUFAF4	36516485	GSE167186	ctx_3c1aedecb8ec	Adventitial cell 7	Mesenchymal stem cell	Myogenic endothelial cell	0	17	19	90	-0.016	-0.016	1.000	0	1	0	-0.880	down	2723486	source/effects_batch_000.json.gz
ENSG00000123545	NDUFAF4	36516485	GSE167186	ctx_416833ac90ca	Mesenchymal stem cell 3	Adventitial cell	Mesenchymal stromal cell	0	17	19	90	-0.014	-0.014	1.063	0	1	0	-0.770	down	2778245	source/effects_batch_000.json.gz
ENSG00000123545	NDUFAF4	36516485	GSE167186	ctx_51a23717b452	Mesenchymal stem cell	Pericyte	NA	0	17	19	90	0.002	0.002	1.055	0	1	0	0.110	up	2789155	source/effects_batch_000.json.gz
ENSG00000123545	NDUFAF4	36516485	GSE167186	ctx_5243fb2c6d5c	Adventitial cell 4	Mesenchymal stem cell	Muscle-derived cell	0	17	19	90	-0.001	-0.001	1.084	0	1	0	-0.055	down	2688188	source/effects_batch_000.json.gz
ENSG00000123545	NDUFAF4	36516485	GSE167186	ctx_5da05f63762a	Unkown 4	NA	NA	0	17	19	90	-0.005	-0.005	1.080	0	1	0	-0.275	down	2821953	source/effects_batch_000.json.gz
ENSG00000123545	NDUFAF4	36516485	GSE167186	ctx_66b8877333b1	Adventitial cell 3	Mesenchymal stem cell	Myogenic endothelial cell	0	17	19	90	-0.004	-0.004	1.067	0	1	0	-0.220	down	2676281	source/effects_batch_000.json.gz
ENSG00000123545	NDUFAF4	36516485	GSE167186	ctx_926384c8242b	Unkown 5	NA	NA	0	17	19	90	-0.001	-0.001	1.052	0	1	0	-0.055	down	2832829	source/effects_batch_000.json.gz
ENSG00000123545	NDUFAF4	36516485	GSE167186	ctx_93986af51167	Adventitial cell 5	Mesenchymal stem cell	Muscle-derived cell	0	17	19	90	0.001	0.001	1.000	0	1	0	0.055	up	2700015	source/effects_batch_000.json.gz
ENSG00000123545	NDUFAF4	36516485	GSE167186	ctx_9aa0a69d626d	Adventitial cell 6	Mesenchymal stem cell	Myogenic endothelial cell	0	17	19	90	-0.006	-0.006	1.063	0	1	0	-0.330	down	2711776	source/effects_batch_000.json.gz
ENSG00000123545	NDUFAF4	36516485	GSE167186	ctx_bfd71711437a	Unkown 2	NA	NA	0	17	19	90	-0.004	-0.004	1.062	0	1	0	-0.220	down	2800560	source/effects_batch_000.json.gz
ENSG00000123545	NDUFAF4	36516485	GSE167186	ctx_c138321e7ebd	Unkown 3	NA	NA	0	17	19	90	-0.004	-0.004	1.078	0	1	0	-0.220	down	2811058	source/effects_batch_000.json.gz
ENSG00000123545	NDUFAF4	36516485	GSE167186	ctx_c157cf74c34b	Mesenchymal stem cell 2	Adventitial cell	Mesenchymal stromal cell	0	17	19	90	-0.012	-0.012	1.085	0	1	0	-0.660	down	2767350	source/effects_batch_000.json.gz
ENSG00000123545	NDUFAF4	36516485	GSE167186	ctx_d30649d2fd62	Unkown 7	NA	NA	0	17	19	90	-0.003	-0.003	1.092	0	1	0	-0.165	down	2855397	source/effects_batch_000.json.gz
ENSG00000123545	NDUFAF4	36516485	GSE167186	ctx_d78029928f98	Adventitial cell	Mesenchymal stem cell	Muscle-derived cell	0	17	19	90	-0.010	-0.010	1.044	0	1	0	-0.550	down	2744914	source/effects_batch_000.json.gz
ENSG00000123545	NDUFAF4	36516485	GSE167186	ctx_e129c8e975de	Unkown 8	NA	NA	0	17	19	90	-0.007	-0.007	1.243	0	1	0	-0.385	down	2866465	source/effects_batch_000.json.gz
ENSG00000123545	NDUFAF4	36516485	GSE167186	ctx_e81eac8c401a	Unkown 6	NA	NA	0	17	19	90	-0.005	-0.005	1.077	0	1	0	-0.275	down	2843622	source/effects_batch_000.json.gz
ENSG00000108821	COL1A1	36516485	GSE167186	ctx_0234b64ace9c	All Cells,  Skeletal Muscle	NA	NA	1	17	19	90	-0.017	-0.017	1.428	0	1	0	-0.935	down	2754751	source/effects_batch_000.json.gz
ENSG00000108821	COL1A1	36516485	GSE167186	ctx_0fd5032b2b0c	Adventitial cell 8	Mesenchymal stem cell	Myogenic endothelial cell	0	17	19	90	-0.012	-0.012	1.627	0	1	0	-0.660	down	2733741	source/effects_batch_000.json.gz
ENSG00000108821	COL1A1	36516485	GSE167186	ctx_1f3e2a4066d7	Adventitial cell 2	Mesenchymal stem cell	Myogenic endothelial cell	0	17	19	90	-0.011	-0.011	1.187	0	1	0	-0.605	down	2663226	source/effects_batch_000.json.gz
ENSG00000108821	COL1A1	36516485	GSE167186	ctx_238c34ecff52	Unkown	NA	NA	0	17	19	90	-0.009	-0.009	1.024	0	1	0	-0.495	down	2876608	source/effects_batch_000.json.gz
ENSG00000108821	COL1A1	36516485	GSE167186	ctx_3c1aedecb8ec	Adventitial cell 7	Mesenchymal stem cell	Myogenic endothelial cell	0	17	19	90	-0.012	-0.012	1.321	0	1	0	-0.660	down	2722271	source/effects_batch_000.json.gz
ENSG00000108821	COL1A1	36516485	GSE167186	ctx_416833ac90ca	Mesenchymal stem cell 3	Adventitial cell	Mesenchymal stromal cell	0	17	19	90	-0.039	-0.039	1.556	0	1	0	-2.145	down	2777127	source/effects_batch_000.json.gz
ENSG00000108821	COL1A1	36516485	GSE167186	ctx_51a23717b452	Mesenchymal stem cell	Pericyte	NA	0	17	19	90	-0.012	-0.012	1.288	0	1	0	-0.660	down	2787937	source/effects_batch_000.json.gz
ENSG00000108821	COL1A1	36516485	GSE167186	ctx_5243fb2c6d5c	Adventitial cell 4	Mesenchymal stem cell	Muscle-derived cell	0	17	19	90	-0.012	-0.012	1.234	0	1	0	-0.660	down	2686974	source/effects_batch_000.json.gz
ENSG00000108821	COL1A1	36516485	GSE167186	ctx_5da05f63762a	Unkown 4	NA	NA	0	17	19	90	-0.010	-0.010	1.022	0	1	0	-0.550	down	2820826	source/effects_batch_000.json.gz
ENSG00000108821	COL1A1	36516485	GSE167186	ctx_66b8877333b1	Adventitial cell 3	Mesenchymal stem cell	Myogenic endothelial cell	0	17	19	90	-0.013	-0.013	1.266	0	1	0	-0.715	down	2675057	source/effects_batch_000.json.gz
ENSG00000108821	COL1A1	36516485	GSE167186	ctx_926384c8242b	Unkown 5	NA	NA	0	17	19	90	-0.012	-0.012	1.085	0	1	0	-0.660	down	2831725	source/effects_batch_000.json.gz
ENSG00000108821	COL1A1	36516485	GSE167186	ctx_93986af51167	Adventitial cell 5	Mesenchymal stem cell	Muscle-derived cell	0	17	19	90	-0.015	-0.015	2.506	0	1	0	-0.825	down	2698800	source/effects_batch_000.json.gz
ENSG00000108821	COL1A1	36516485	GSE167186	ctx_9aa0a69d626d	Adventitial cell 6	Mesenchymal stem cell	Myogenic endothelial cell	0	17	19	90	-0.011	-0.011	1.048	0	1	0	-0.605	down	2710582	source/effects_batch_000.json.gz
ENSG00000108821	COL1A1	36516485	GSE167186	ctx_bfd71711437a	Unkown 2	NA	NA	0	17	19	90	-0.010	-0.010	1.044	0	1	0	-0.550	down	2799475	source/effects_batch_000.json.gz
ENSG00000108821	COL1A1	36516485	GSE167186	ctx_c138321e7ebd	Unkown 3	NA	NA	0	17	19	90	-0.007	-0.007	1.030	0	1	0	-0.385	down	2809927	source/effects_batch_000.json.gz
ENSG00000108821	COL1A1	36516485	GSE167186	ctx_c157cf74c34b	Mesenchymal stem cell 2	Adventitial cell	Mesenchymal stromal cell	0	17	19	90	-0.008	-0.008	1.000	0	1	0	-0.440	down	2766225	source/effects_batch_000.json.gz
ENSG00000108821	COL1A1	36516485	GSE167186	ctx_d30649d2fd62	Unkown 7	NA	NA	0	17	19	90	-0.013	-0.013	1.000	0	1	0	-0.715	down	2854261	source/effects_batch_000.json.gz
ENSG00000108821	COL1A1	36516485	GSE167186	ctx_d78029928f98	Adventitial cell	Mesenchymal stem cell	Muscle-derived cell	0	17	19	90	-0.006	-0.006	1.061	0	1	0	-0.330	down	2743783	source/effects_batch_000.json.gz
ENSG00000108821	COL1A1	36516485	GSE167186	ctx_e129c8e975de	Unkown 8	NA	NA	0	17	19	90	0.006	0.006	1.063	0	1	0	0.330	up	2865276	source/effects_batch_000.json.gz
ENSG00000108821	COL1A1	36516485	GSE167186	ctx_e81eac8c401a	Unkown 6	NA	NA	0	17	19	90	-0.016	-0.016	1.684	0	1	0	-0.880	down	2842381	source/effects_batch_000.json.gz
ENSG00000123338	NCKAP1L	36516485	GSE167186	ctx_0234b64ace9c	All Cells,  Skeletal Muscle	NA	NA	1	17	19	90	0.002	0.002	1.176	0	1	0	0.110	up	2755946	source/effects_batch_000.json.gz
ENSG00000123338	NCKAP1L	36516485	GSE167186	ctx_1f3e2a4066d7	Adventitial cell 2	Mesenchymal stem cell	Myogenic endothelial cell	0	17	19	90	-0.005	-0.005	1.105	0	1	0	-0.275	down	2664424	source/effects_batch_000.json.gz
ENSG00000123338	NCKAP1L	36516485	GSE167186	ctx_416833ac90ca	Mesenchymal stem cell 3	Adventitial cell	Mesenchymal stromal cell	0	17	19	90	-0.001	-0.001	1.128	0	1	0	-0.055	down	2778231	source/effects_batch_000.json.gz
ENSG00000123338	NCKAP1L	36516485	GSE167186	ctx_51a23717b452	Mesenchymal stem cell	Pericyte	NA	0	17	19	90	0.020	0.020	1.067	0	1	0	1.100	up	2789140	source/effects_batch_000.json.gz
ENSG00000123338	NCKAP1L	36516485	GSE167186	ctx_66b8877333b1	Adventitial cell 3	Mesenchymal stem cell	Myogenic endothelial cell	0	17	19	90	0.002	0.002	1.264	0	1	0	0.110	up	2676265	source/effects_batch_000.json.gz
ENSG00000123338	NCKAP1L	36516485	GSE167186	ctx_926384c8242b	Unkown 5	NA	NA	0	17	19	90	0.005	0.005	1.071	0	1	0	0.275	up	2832818	source/effects_batch_000.json.gz
ENSG00000123338	NCKAP1L	36516485	GSE167186	ctx_9aa0a69d626d	Adventitial cell 6	Mesenchymal stem cell	Myogenic endothelial cell	0	17	19	90	0.006	0.006	1.094	0	1	0	0.330	up	2711762	source/effects_batch_000.json.gz
ENSG00000069974	RAB27A	36516485	GSE167186	ctx_1f3e2a4066d7	Adventitial cell 2	Mesenchymal stem cell	Myogenic endothelial cell	0	17	19	90	0.004	0.004	1.000	0	1	0	0.220	up	2661516	source/effects_batch_000.json.gz
ENSG00000069974	RAB27A	36516485	GSE167186	ctx_3c1aedecb8ec	Adventitial cell 7	Mesenchymal stem cell	Myogenic endothelial cell	0	17	19	90	0.004	0.004	1.000	0	1	0	0.220	up	2720560	source/effects_batch_000.json.gz
ENSG00000069974	RAB27A	36516485	GSE167186	ctx_51a23717b452	Mesenchymal stem cell	Pericyte	NA	0	17	19	90	0.005	0.005	1.000	0	1	0	0.275	up	2786246	source/effects_batch_000.json.gz
ENSG00000069974	RAB27A	36516485	GSE167186	ctx_5243fb2c6d5c	Adventitial cell 4	Mesenchymal stem cell	Muscle-derived cell	0	17	19	90	-0.005	-0.005	1.000	0	1	0	-0.275	down	2685270	source/effects_batch_000.json.gz
ENSG00000069974	RAB27A	36516485	GSE167186	ctx_93986af51167	Adventitial cell 5	Mesenchymal stem cell	Muscle-derived cell	0	17	19	90	-0.017	-0.017	1.067	0	1	0	-0.935	down	2697095	source/effects_batch_000.json.gz
ENSG00000069974	RAB27A	36516485	GSE167186	ctx_9aa0a69d626d	Adventitial cell 6	Mesenchymal stem cell	Myogenic endothelial cell	0	17	19	90	0.000	0.000	1.047	0	1	0	0.000	rounded_zero	2708894	source/effects_batch_000.json.gz
ENSG00000069974	RAB27A	36516485	GSE167186	ctx_e129c8e975de	Unkown 8	NA	NA	0	17	19	90	0.041	0.041	1.000	0	1	0	2.255	up	2863652	source/effects_batch_000.json.gz
ENSG00000069974	RAB27A	36516485	GSE167186	ctx_e81eac8c401a	Unkown 6	NA	NA	0	17	19	90	-0.008	-0.008	1.068	0	1	0	-0.440	down	2840648	source/effects_batch_000.json.gz
ENSG00000164405	UQCRQ	36516485	GSE167186	ctx_0234b64ace9c	All Cells,  Skeletal Muscle	NA	NA	1	17	19	90	0.002	0.002	1.140	0	1	0	0.110	up	2759544	source/effects_batch_000.json.gz
ENSG00000164405	UQCRQ	36516485	GSE167186	ctx_0fd5032b2b0c	Adventitial cell 8	Mesenchymal stem cell	Myogenic endothelial cell	0	17	19	90	-0.008	-0.008	1.081	0	1	0	-0.440	down	2737933	source/effects_batch_000.json.gz
ENSG00000164405	UQCRQ	36516485	GSE167186	ctx_1f3e2a4066d7	Adventitial cell 2	Mesenchymal stem cell	Myogenic endothelial cell	0	17	19	90	0.002	0.002	1.164	0	1	0	0.110	up	2668029	source/effects_batch_000.json.gz
ENSG00000164405	UQCRQ	36516485	GSE167186	ctx_238c34ecff52	Unkown	NA	NA	0	17	19	90	0.000	0.000	1.146	0	1	0	0.000	rounded_zero	2880830	source/effects_batch_000.json.gz
ENSG00000164405	UQCRQ	36516485	GSE167186	ctx_3c1aedecb8ec	Adventitial cell 7	Mesenchymal stem cell	Myogenic endothelial cell	0	17	19	90	0.005	0.005	1.195	0	1	0	0.275	up	2727054	source/effects_batch_000.json.gz
ENSG00000164405	UQCRQ	36516485	GSE167186	ctx_416833ac90ca	Mesenchymal stem cell 3	Adventitial cell	Mesenchymal stromal cell	0	17	19	90	0.004	0.004	1.095	0	1	0	0.220	up	2781524	source/effects_batch_000.json.gz
ENSG00000164405	UQCRQ	36516485	GSE167186	ctx_51a23717b452	Mesenchymal stem cell	Pericyte	NA	0	17	19	90	0.004	0.004	1.169	0	1	0	0.220	up	2792748	source/effects_batch_000.json.gz
ENSG00000164405	UQCRQ	36516485	GSE167186	ctx_5243fb2c6d5c	Adventitial cell 4	Mesenchymal stem cell	Muscle-derived cell	0	17	19	90	0.001	0.001	1.140	0	1	0	0.055	up	2691796	source/effects_batch_000.json.gz
ENSG00000164405	UQCRQ	36516485	GSE167186	ctx_5da05f63762a	Unkown 4	NA	NA	0	17	19	90	0.001	0.001	1.150	0	1	0	0.055	up	2825283	source/effects_batch_000.json.gz
ENSG00000164405	UQCRQ	36516485	GSE167186	ctx_66b8877333b1	Adventitial cell 3	Mesenchymal stem cell	Myogenic endothelial cell	0	17	19	90	-0.002	-0.002	1.167	0	1	0	-0.110	down	2679963	source/effects_batch_000.json.gz
ENSG00000164405	UQCRQ	36516485	GSE167186	ctx_926384c8242b	Unkown 5	NA	NA	0	17	19	90	-0.003	-0.003	1.364	0	1	0	-0.165	down	2836058	source/effects_batch_000.json.gz
ENSG00000164405	UQCRQ	36516485	GSE167186	ctx_93986af51167	Adventitial cell 5	Mesenchymal stem cell	Muscle-derived cell	0	17	19	90	0.002	0.002	1.122	0	1	0	0.110	up	2703641	source/effects_batch_000.json.gz
ENSG00000164405	UQCRQ	36516485	GSE167186	ctx_9aa0a69d626d	Adventitial cell 6	Mesenchymal stem cell	Myogenic endothelial cell	0	17	19	90	0.000	0.000	1.140	0	1	0	0.000	rounded_zero	2715344	source/effects_batch_000.json.gz
ENSG00000164405	UQCRQ	36516485	GSE167186	ctx_bfd71711437a	Unkown 2	NA	NA	0	17	19	90	0.003	0.003	1.104	0	1	0	0.165	up	2803730	source/effects_batch_000.json.gz
ENSG00000164405	UQCRQ	36516485	GSE167186	ctx_c138321e7ebd	Unkown 3	NA	NA	0	17	19	90	0.004	0.004	1.122	0	1	0	0.220	up	2814361	source/effects_batch_000.json.gz
ENSG00000164405	UQCRQ	36516485	GSE167186	ctx_c157cf74c34b	Mesenchymal stem cell 2	Adventitial cell	Mesenchymal stromal cell	0	17	19	90	0.006	0.006	1.145	0	1	0	0.330	up	2770686	source/effects_batch_000.json.gz
ENSG00000164405	UQCRQ	36516485	GSE167186	ctx_d30649d2fd62	Unkown 7	NA	NA	0	17	19	90	0.002	0.002	1.138	0	1	0	0.110	up	2858736	source/effects_batch_000.json.gz
ENSG00000164405	UQCRQ	36516485	GSE167186	ctx_d78029928f98	Adventitial cell	Mesenchymal stem cell	Muscle-derived cell	0	17	19	90	0.001	0.001	1.164	0	1	0	0.055	up	2748226	source/effects_batch_000.json.gz
ENSG00000164405	UQCRQ	36516485	GSE167186	ctx_e129c8e975de	Unkown 8	NA	NA	0	17	19	90	0.005	0.005	1.158	0	1	0	0.275	up	2869963	source/effects_batch_000.json.gz
ENSG00000164405	UQCRQ	36516485	GSE167186	ctx_e81eac8c401a	Unkown 6	NA	NA	0	17	19	90	0.003	0.003	1.126	0	1	0	0.165	up	2847302	source/effects_batch_000.json.gz
ENSG00000091483	FH	36516485	GSE167186	ctx_0234b64ace9c	All Cells,  Skeletal Muscle	NA	NA	1	17	19	90	0.000	0.000	1.048	0	1	0	0.000	rounded_zero	2753667	source/effects_batch_000.json.gz
ENSG00000091483	FH	36516485	GSE167186	ctx_0fd5032b2b0c	Adventitial cell 8	Mesenchymal stem cell	Myogenic endothelial cell	0	17	19	90	0.004	0.004	1.000	0	1	0	0.220	up	2732783	source/effects_batch_000.json.gz
ENSG00000091483	FH	36516485	GSE167186	ctx_1f3e2a4066d7	Adventitial cell 2	Mesenchymal stem cell	Myogenic endothelial cell	0	17	19	90	0.002	0.002	1.056	0	1	0	0.110	up	2662115	source/effects_batch_000.json.gz
ENSG00000091483	FH	36516485	GSE167186	ctx_238c34ecff52	Unkown	NA	NA	0	17	19	90	0.000	0.000	1.056	0	1	0	0.000	rounded_zero	2875642	source/effects_batch_000.json.gz
ENSG00000091483	FH	36516485	GSE167186	ctx_3c1aedecb8ec	Adventitial cell 7	Mesenchymal stem cell	Myogenic endothelial cell	0	17	19	90	0.007	0.007	1.032	0	1	0	0.385	up	2721159	source/effects_batch_000.json.gz
ENSG00000091483	FH	36516485	GSE167186	ctx_416833ac90ca	Mesenchymal stem cell 3	Adventitial cell	Mesenchymal stromal cell	0	17	19	90	0.000	0.000	1.036	0	1	0	0.000	rounded_zero	2776121	source/effects_batch_000.json.gz
ENSG00000091483	FH	36516485	GSE167186	ctx_51a23717b452	Mesenchymal stem cell	Pericyte	NA	0	17	19	90	0.000	0.000	1.104	0	1	0	0.000	rounded_zero	2786838	source/effects_batch_000.json.gz
ENSG00000091483	FH	36516485	GSE167186	ctx_5243fb2c6d5c	Adventitial cell 4	Mesenchymal stem cell	Muscle-derived cell	0	17	19	90	0.003	0.003	1.070	0	1	0	0.165	up	2685871	source/effects_batch_000.json.gz
ENSG00000091483	FH	36516485	GSE167186	ctx_5da05f63762a	Unkown 4	NA	NA	0	17	19	90	-0.001	-0.001	1.096	0	1	0	-0.055	down	2819814	source/effects_batch_000.json.gz
ENSG00000091483	FH	36516485	GSE167186	ctx_66b8877333b1	Adventitial cell 3	Mesenchymal stem cell	Myogenic endothelial cell	0	17	19	90	0.003	0.003	1.053	0	1	0	0.165	up	2673940	source/effects_batch_000.json.gz
ENSG00000091483	FH	36516485	GSE167186	ctx_926384c8242b	Unkown 5	NA	NA	0	17	19	90	-0.001	-0.001	1.052	0	1	0	-0.055	down	2830735	source/effects_batch_000.json.gz
ENSG00000091483	FH	36516485	GSE167186	ctx_93986af51167	Adventitial cell 5	Mesenchymal stem cell	Muscle-derived cell	0	17	19	90	-0.004	-0.004	1.063	0	1	0	-0.220	down	2697689	source/effects_batch_000.json.gz
ENSG00000091483	FH	36516485	GSE167186	ctx_9aa0a69d626d	Adventitial cell 6	Mesenchymal stem cell	Myogenic endothelial cell	0	17	19	90	0.002	0.002	1.059	0	1	0	0.110	up	2709489	source/effects_batch_000.json.gz
ENSG00000091483	FH	36516485	GSE167186	ctx_bfd71711437a	Unkown 2	NA	NA	0	17	19	90	-0.001	-0.001	1.058	0	1	0	-0.055	down	2798504	source/effects_batch_000.json.gz
ENSG00000091483	FH	36516485	GSE167186	ctx_c138321e7ebd	Unkown 3	NA	NA	0	17	19	90	0.000	0.000	1.062	0	1	0	0.000	rounded_zero	2808903	source/effects_batch_000.json.gz
ENSG00000091483	FH	36516485	GSE167186	ctx_c157cf74c34b	Mesenchymal stem cell 2	Adventitial cell	Mesenchymal stromal cell	0	17	19	90	0.000	0.000	1.037	0	1	0	0.000	rounded_zero	2765217	source/effects_batch_000.json.gz
ENSG00000091483	FH	36516485	GSE167186	ctx_d30649d2fd62	Unkown 7	NA	NA	0	17	19	90	0.001	0.001	1.071	0	1	0	0.055	up	2853231	source/effects_batch_000.json.gz
ENSG00000091483	FH	36516485	GSE167186	ctx_d78029928f98	Adventitial cell	Mesenchymal stem cell	Muscle-derived cell	0	17	19	90	-0.001	-0.001	1.051	0	1	0	-0.055	down	2742762	source/effects_batch_000.json.gz
ENSG00000091483	FH	36516485	GSE167186	ctx_e129c8e975de	Unkown 8	NA	NA	0	17	19	90	0.002	0.002	1.107	0	1	0	0.110	up	2864236	source/effects_batch_000.json.gz
ENSG00000091483	FH	36516485	GSE167186	ctx_e81eac8c401a	Unkown 6	NA	NA	0	17	19	90	0.001	0.001	1.047	0	1	0	0.055	up	2841260	source/effects_batch_000.json.gz
ENSG00000179091	CYC1	36516485	GSE167186	ctx_0234b64ace9c	All Cells,  Skeletal Muscle	NA	NA	1	17	19	90	0.002	0.002	1.134	0	1	0	0.110	up	2761130	source/effects_batch_000.json.gz
ENSG00000179091	CYC1	36516485	GSE167186	ctx_0fd5032b2b0c	Adventitial cell 8	Mesenchymal stem cell	Myogenic endothelial cell	0	17	19	90	-0.003	-0.003	1.038	0	1	0	-0.165	down	2739284	source/effects_batch_000.json.gz
ENSG00000179091	CYC1	36516485	GSE167186	ctx_1f3e2a4066d7	Adventitial cell 2	Mesenchymal stem cell	Myogenic endothelial cell	0	17	19	90	0.002	0.002	1.148	0	1	0	0.110	up	2669637	source/effects_batch_000.json.gz
ENSG00000179091	CYC1	36516485	GSE167186	ctx_238c34ecff52	Unkown	NA	NA	0	17	19	90	0.002	0.002	1.148	0	1	0	0.110	up	2882227	source/effects_batch_000.json.gz
ENSG00000179091	CYC1	36516485	GSE167186	ctx_3c1aedecb8ec	Adventitial cell 7	Mesenchymal stem cell	Myogenic endothelial cell	0	17	19	90	0.003	0.003	1.120	0	1	0	0.165	up	2728659	source/effects_batch_000.json.gz
ENSG00000179091	CYC1	36516485	GSE167186	ctx_416833ac90ca	Mesenchymal stem cell 3	Adventitial cell	Mesenchymal stromal cell	0	17	19	90	0.008	0.008	1.132	0	1	0	0.440	up	2782976	source/effects_batch_000.json.gz
ENSG00000179091	CYC1	36516485	GSE167186	ctx_51a23717b452	Mesenchymal stem cell	Pericyte	NA	0	17	19	90	0.001	0.001	1.123	0	1	0	0.055	up	2794374	source/effects_batch_000.json.gz
ENSG00000179091	CYC1	36516485	GSE167186	ctx_5243fb2c6d5c	Adventitial cell 4	Mesenchymal stem cell	Muscle-derived cell	0	17	19	90	-0.001	-0.001	1.156	0	1	0	-0.055	down	2693399	source/effects_batch_000.json.gz
ENSG00000179091	CYC1	36516485	GSE167186	ctx_5da05f63762a	Unkown 4	NA	NA	0	17	19	90	0.002	0.002	1.240	0	1	0	0.110	up	2826761	source/effects_batch_000.json.gz
ENSG00000179091	CYC1	36516485	GSE167186	ctx_66b8877333b1	Adventitial cell 3	Mesenchymal stem cell	Myogenic endothelial cell	0	17	19	90	0.000	0.000	1.107	0	1	0	0.000	rounded_zero	2681586	source/effects_batch_000.json.gz
ENSG00000179091	CYC1	36516485	GSE167186	ctx_926384c8242b	Unkown 5	NA	NA	0	17	19	90	0.000	0.000	1.228	0	1	0	0.000	rounded_zero	2837480	source/effects_batch_000.json.gz
ENSG00000179091	CYC1	36516485	GSE167186	ctx_93986af51167	Adventitial cell 5	Mesenchymal stem cell	Muscle-derived cell	0	17	19	90	0.000	0.000	1.136	0	1	0	0.000	rounded_zero	2705250	source/effects_batch_000.json.gz
ENSG00000179091	CYC1	36516485	GSE167186	ctx_9aa0a69d626d	Adventitial cell 6	Mesenchymal stem cell	Myogenic endothelial cell	0	17	19	90	-0.006	-0.006	1.159	0	1	0	-0.330	down	2716922	source/effects_batch_000.json.gz
ENSG00000179091	CYC1	36516485	GSE167186	ctx_bfd71711437a	Unkown 2	NA	NA	0	17	19	90	0.001	0.001	1.138	0	1	0	0.055	up	2805130	source/effects_batch_000.json.gz
ENSG00000179091	CYC1	36516485	GSE167186	ctx_c138321e7ebd	Unkown 3	NA	NA	0	17	19	90	0.002	0.002	1.164	0	1	0	0.110	up	2815843	source/effects_batch_000.json.gz
ENSG00000179091	CYC1	36516485	GSE167186	ctx_c157cf74c34b	Mesenchymal stem cell 2	Adventitial cell	Mesenchymal stromal cell	0	17	19	90	0.002	0.002	1.157	0	1	0	0.110	up	2772179	source/effects_batch_000.json.gz
ENSG00000179091	CYC1	36516485	GSE167186	ctx_d30649d2fd62	Unkown 7	NA	NA	0	17	19	90	0.001	0.001	1.234	0	1	0	0.055	up	2860213	source/effects_batch_000.json.gz
ENSG00000179091	CYC1	36516485	GSE167186	ctx_d78029928f98	Adventitial cell	Mesenchymal stem cell	Muscle-derived cell	0	17	19	90	-0.002	-0.002	1.131	0	1	0	-0.110	down	2749681	source/effects_batch_000.json.gz
ENSG00000179091	CYC1	36516485	GSE167186	ctx_e129c8e975de	Unkown 8	NA	NA	0	17	19	90	0.003	0.003	1.168	0	1	0	0.165	up	2871522	source/effects_batch_000.json.gz
ENSG00000179091	CYC1	36516485	GSE167186	ctx_e81eac8c401a	Unkown 6	NA	NA	0	17	19	90	0.001	0.001	1.106	0	1	0	0.055	up	2848943	source/effects_batch_000.json.gz
ENSG00000105372	RPS19	36516485	GSE167186	ctx_0234b64ace9c	All Cells,  Skeletal Muscle	NA	NA	1	17	19	90	0.004	0.004	1.218	0	1	0	0.220	up	2754408	source/effects_batch_000.json.gz
ENSG00000105372	RPS19	36516485	GSE167186	ctx_0fd5032b2b0c	Adventitial cell 8	Mesenchymal stem cell	Myogenic endothelial cell	0	17	19	90	0.004	0.004	1.250	0	1	0	0.220	up	2733436	source/effects_batch_000.json.gz
ENSG00000105372	RPS19	36516485	GSE167186	ctx_1f3e2a4066d7	Adventitial cell 2	Mesenchymal stem cell	Myogenic endothelial cell	0	17	19	90	0.000	0.000	1.348	0	1	0	0.000	rounded_zero	2662875	source/effects_batch_000.json.gz
ENSG00000105372	RPS19	36516485	GSE167186	ctx_238c34ecff52	Unkown	NA	NA	0	17	19	90	0.006	0.006	1.152	0	1	0	0.330	up	2876306	source/effects_batch_000.json.gz
ENSG00000105372	RPS19	36516485	GSE167186	ctx_3c1aedecb8ec	Adventitial cell 7	Mesenchymal stem cell	Myogenic endothelial cell	0	17	19	90	0.001	0.001	1.571	0	1	0	0.055	up	2721923	source/effects_batch_000.json.gz
ENSG00000105372	RPS19	36516485	GSE167186	ctx_416833ac90ca	Mesenchymal stem cell 3	Adventitial cell	Mesenchymal stromal cell	0	17	19	90	0.007	0.007	1.122	0	1	0	0.385	up	2776810	source/effects_batch_000.json.gz
ENSG00000105372	RPS19	36516485	GSE167186	ctx_51a23717b452	Mesenchymal stem cell	Pericyte	NA	0	17	19	90	0.003	0.003	1.252	0	1	0	0.165	up	2787589	source/effects_batch_000.json.gz
ENSG00000105372	RPS19	36516485	GSE167186	ctx_5243fb2c6d5c	Adventitial cell 4	Mesenchymal stem cell	Muscle-derived cell	0	17	19	90	0.002	0.002	1.338	0	1	0	0.110	up	2686628	source/effects_batch_000.json.gz
ENSG00000105372	RPS19	36516485	GSE167186	ctx_5da05f63762a	Unkown 4	NA	NA	0	17	19	90	0.006	0.006	1.174	0	1	0	0.330	up	2820504	source/effects_batch_000.json.gz
ENSG00000105372	RPS19	36516485	GSE167186	ctx_66b8877333b1	Adventitial cell 3	Mesenchymal stem cell	Myogenic endothelial cell	0	17	19	90	0.004	0.004	1.183	0	1	0	0.220	up	2674707	source/effects_batch_000.json.gz
ENSG00000105372	RPS19	36516485	GSE167186	ctx_926384c8242b	Unkown 5	NA	NA	0	17	19	90	0.001	0.001	1.354	0	1	0	0.055	up	2831409	source/effects_batch_000.json.gz
ENSG00000105372	RPS19	36516485	GSE167186	ctx_93986af51167	Adventitial cell 5	Mesenchymal stem cell	Muscle-derived cell	0	17	19	90	0.006	0.006	1.231	0	1	0	0.330	up	2698457	source/effects_batch_000.json.gz
ENSG00000105372	RPS19	36516485	GSE167186	ctx_9aa0a69d626d	Adventitial cell 6	Mesenchymal stem cell	Myogenic endothelial cell	0	17	19	90	0.000	0.000	1.385	0	1	0	0.000	rounded_zero	2710242	source/effects_batch_000.json.gz
ENSG00000105372	RPS19	36516485	GSE167186	ctx_bfd71711437a	Unkown 2	NA	NA	0	17	19	90	0.005	0.005	1.156	0	1	0	0.275	up	2799170	source/effects_batch_000.json.gz
ENSG00000105372	RPS19	36516485	GSE167186	ctx_c138321e7ebd	Unkown 3	NA	NA	0	17	19	90	0.006	0.006	1.158	0	1	0	0.330	up	2809600	source/effects_batch_000.json.gz
ENSG00000105372	RPS19	36516485	GSE167186	ctx_c157cf74c34b	Mesenchymal stem cell 2	Adventitial cell	Mesenchymal stromal cell	0	17	19	90	0.005	0.005	1.145	0	1	0	0.275	up	2765911	source/effects_batch_000.json.gz
ENSG00000105372	RPS19	36516485	GSE167186	ctx_d30649d2fd62	Unkown 7	NA	NA	0	17	19	90	0.007	0.007	1.170	0	1	0	0.385	up	2853931	source/effects_batch_000.json.gz
ENSG00000105372	RPS19	36516485	GSE167186	ctx_d78029928f98	Adventitial cell	Mesenchymal stem cell	Muscle-derived cell	0	17	19	90	0.009	0.009	1.356	0	1	0	0.495	up	2743458	source/effects_batch_000.json.gz
ENSG00000105372	RPS19	36516485	GSE167186	ctx_e129c8e975de	Unkown 8	NA	NA	0	17	19	90	0.011	0.011	1.138	0	1	0	0.605	up	2864949	source/effects_batch_000.json.gz
ENSG00000105372	RPS19	36516485	GSE167186	ctx_e81eac8c401a	Unkown 6	NA	NA	0	17	19	90	0.003	0.003	1.170	0	1	0	0.165	up	2842034	source/effects_batch_000.json.gz
ENSG00000082146	STRADB	36516485	GSE167186	ctx_0234b64ace9c	All Cells,  Skeletal Muscle	NA	NA	1	17	19	90	-0.001	-0.001	1.088	0	1	0	-0.055	down	2753396	source/effects_batch_000.json.gz
ENSG00000082146	STRADB	36516485	GSE167186	ctx_0fd5032b2b0c	Adventitial cell 8	Mesenchymal stem cell	Myogenic endothelial cell	0	17	19	90	-0.007	-0.007	1.160	0	1	0	-0.385	down	2732542	source/effects_batch_000.json.gz
ENSG00000082146	STRADB	36516485	GSE167186	ctx_1f3e2a4066d7	Adventitial cell 2	Mesenchymal stem cell	Myogenic endothelial cell	0	17	19	90	0.000	0.000	1.057	0	1	0	0.000	rounded_zero	2661846	source/effects_batch_000.json.gz
ENSG00000082146	STRADB	36516485	GSE167186	ctx_238c34ecff52	Unkown	NA	NA	0	17	19	90	-0.001	-0.001	1.046	0	1	0	-0.055	down	2875403	source/effects_batch_000.json.gz
ENSG00000082146	STRADB	36516485	GSE167186	ctx_3c1aedecb8ec	Adventitial cell 7	Mesenchymal stem cell	Myogenic endothelial cell	0	17	19	90	0.005	0.005	1.042	0	1	0	0.275	up	2720892	source/effects_batch_000.json.gz
ENSG00000082146	STRADB	36516485	GSE167186	ctx_416833ac90ca	Mesenchymal stem cell 3	Adventitial cell	Mesenchymal stromal cell	0	17	19	90	-0.008	-0.008	1.063	0	1	0	-0.440	down	2775876	source/effects_batch_000.json.gz
ENSG00000082146	STRADB	36516485	GSE167186	ctx_51a23717b452	Mesenchymal stem cell	Pericyte	NA	0	17	19	90	0.000	0.000	1.072	0	1	0	0.000	rounded_zero	2786571	source/effects_batch_000.json.gz
ENSG00000082146	STRADB	36516485	GSE167186	ctx_5243fb2c6d5c	Adventitial cell 4	Mesenchymal stem cell	Muscle-derived cell	0	17	19	90	-0.004	-0.004	1.111	0	1	0	-0.220	down	2685603	source/effects_batch_000.json.gz
ENSG00000082146	STRADB	36516485	GSE167186	ctx_5da05f63762a	Unkown 4	NA	NA	0	17	19	90	0.001	0.001	1.108	0	1	0	0.055	up	2819558	source/effects_batch_000.json.gz
ENSG00000082146	STRADB	36516485	GSE167186	ctx_66b8877333b1	Adventitial cell 3	Mesenchymal stem cell	Myogenic endothelial cell	0	17	19	90	-0.003	-0.003	1.074	0	1	0	-0.165	down	2673667	source/effects_batch_000.json.gz
ENSG00000082146	STRADB	36516485	GSE167186	ctx_926384c8242b	Unkown 5	NA	NA	0	17	19	90	0.002	0.002	1.068	0	1	0	0.110	up	2830489	source/effects_batch_000.json.gz
ENSG00000082146	STRADB	36516485	GSE167186	ctx_93986af51167	Adventitial cell 5	Mesenchymal stem cell	Muscle-derived cell	0	17	19	90	0.002	0.002	1.109	0	1	0	0.110	up	2697424	source/effects_batch_000.json.gz
ENSG00000082146	STRADB	36516485	GSE167186	ctx_9aa0a69d626d	Adventitial cell 6	Mesenchymal stem cell	Myogenic endothelial cell	0	17	19	90	0.009	0.009	1.067	0	1	0	0.495	up	2709225	source/effects_batch_000.json.gz
ENSG00000082146	STRADB	36516485	GSE167186	ctx_bfd71711437a	Unkown 2	NA	NA	0	17	19	90	-0.002	-0.002	1.064	0	1	0	-0.110	down	2798263	source/effects_batch_000.json.gz
ENSG00000082146	STRADB	36516485	GSE167186	ctx_c138321e7ebd	Unkown 3	NA	NA	0	17	19	90	0.000	0.000	1.108	0	1	0	0.000	rounded_zero	2808648	source/effects_batch_000.json.gz
ENSG00000082146	STRADB	36516485	GSE167186	ctx_c157cf74c34b	Mesenchymal stem cell 2	Adventitial cell	Mesenchymal stromal cell	0	17	19	90	0.000	0.000	1.048	0	1	0	0.000	rounded_zero	2764969	source/effects_batch_000.json.gz
ENSG00000082146	STRADB	36516485	GSE167186	ctx_d30649d2fd62	Unkown 7	NA	NA	0	17	19	90	0.001	0.001	1.100	0	1	0	0.055	up	2852978	source/effects_batch_000.json.gz
ENSG00000082146	STRADB	36516485	GSE167186	ctx_d78029928f98	Adventitial cell	Mesenchymal stem cell	Muscle-derived cell	0	17	19	90	-0.003	-0.003	1.097	0	1	0	-0.165	down	2742513	source/effects_batch_000.json.gz
ENSG00000082146	STRADB	36516485	GSE167186	ctx_e129c8e975de	Unkown 8	NA	NA	0	17	19	90	-0.001	-0.001	1.250	0	1	0	-0.055	down	2863973	source/effects_batch_000.json.gz
ENSG00000082146	STRADB	36516485	GSE167186	ctx_e81eac8c401a	Unkown 6	NA	NA	0	17	19	90	-0.001	-0.001	1.122	0	1	0	-0.055	down	2840986	source/effects_batch_000.json.gz
ENSG00000088543	C3orf18	36516485	GSE167186	ctx_0234b64ace9c	All Cells,  Skeletal Muscle	NA	NA	1	17	19	90	-0.008	-0.008	1.042	0	1	0	-0.440	down	2753562	source/effects_batch_000.json.gz
ENSG00000088543	C3orf18	36516485	GSE167186	ctx_0fd5032b2b0c	Adventitial cell 8	Mesenchymal stem cell	Myogenic endothelial cell	0	17	19	90	0.004	0.004	1.000	0	1	0	0.220	up	2732688	source/effects_batch_000.json.gz
ENSG00000088543	C3orf18	36516485	GSE167186	ctx_1f3e2a4066d7	Adventitial cell 2	Mesenchymal stem cell	Myogenic endothelial cell	0	17	19	90	-0.007	-0.007	1.053	0	1	0	-0.385	down	2662011	source/effects_batch_000.json.gz
ENSG00000088543	C3orf18	36516485	GSE167186	ctx_238c34ecff52	Unkown	NA	NA	0	17	19	90	-0.010	-0.010	1.048	0	1	0	-0.550	down	2875553	source/effects_batch_000.json.gz
ENSG00000088543	C3orf18	36516485	GSE167186	ctx_3c1aedecb8ec	Adventitial cell 7	Mesenchymal stem cell	Myogenic endothelial cell	0	17	19	90	-0.011	-0.011	1.000	0	1	0	-0.605	down	2721055	source/effects_batch_000.json.gz
ENSG00000088543	C3orf18	36516485	GSE167186	ctx_416833ac90ca	Mesenchymal stem cell 3	Adventitial cell	Mesenchymal stromal cell	0	17	19	90	-0.011	-0.011	1.000	0	1	0	-0.605	down	2776026	source/effects_batch_000.json.gz
ENSG00000088543	C3orf18	36516485	GSE167186	ctx_51a23717b452	Mesenchymal stem cell	Pericyte	NA	0	17	19	90	-0.004	-0.004	1.032	0	1	0	-0.220	down	2786734	source/effects_batch_000.json.gz
ENSG00000088543	C3orf18	36516485	GSE167186	ctx_5243fb2c6d5c	Adventitial cell 4	Mesenchymal stem cell	Muscle-derived cell	0	17	19	90	-0.005	-0.005	1.024	0	1	0	-0.275	down	2685770	source/effects_batch_000.json.gz
ENSG00000088543	C3orf18	36516485	GSE167186	ctx_5da05f63762a	Unkown 4	NA	NA	0	17	19	90	-0.009	-0.009	1.040	0	1	0	-0.495	down	2819719	source/effects_batch_000.json.gz
ENSG00000088543	C3orf18	36516485	GSE167186	ctx_66b8877333b1	Adventitial cell 3	Mesenchymal stem cell	Myogenic endothelial cell	0	17	19	90	-0.008	-0.008	1.000	0	1	0	-0.440	down	2673834	source/effects_batch_000.json.gz
ENSG00000088543	C3orf18	36516485	GSE167186	ctx_926384c8242b	Unkown 5	NA	NA	0	17	19	90	-0.009	-0.009	1.029	0	1	0	-0.495	down	2830643	source/effects_batch_000.json.gz
ENSG00000088543	C3orf18	36516485	GSE167186	ctx_93986af51167	Adventitial cell 5	Mesenchymal stem cell	Muscle-derived cell	0	17	19	90	-0.003	-0.003	1.065	0	1	0	-0.165	down	2697584	source/effects_batch_000.json.gz
ENSG00000088543	C3orf18	36516485	GSE167186	ctx_9aa0a69d626d	Adventitial cell 6	Mesenchymal stem cell	Myogenic endothelial cell	0	17	19	90	0.005	0.005	1.050	0	1	0	0.275	up	2709386	source/effects_batch_000.json.gz
ENSG00000088543	C3orf18	36516485	GSE167186	ctx_bfd71711437a	Unkown 2	NA	NA	0	17	19	90	-0.011	-0.011	1.045	0	1	0	-0.605	down	2798416	source/effects_batch_000.json.gz
ENSG00000088543	C3orf18	36516485	GSE167186	ctx_c138321e7ebd	Unkown 3	NA	NA	0	17	19	90	-0.007	-0.007	1.046	0	1	0	-0.385	down	2808811	source/effects_batch_000.json.gz
ENSG00000088543	C3orf18	36516485	GSE167186	ctx_c157cf74c34b	Mesenchymal stem cell 2	Adventitial cell	Mesenchymal stromal cell	0	17	19	90	-0.010	-0.010	1.100	0	1	0	-0.550	down	2765127	source/effects_batch_000.json.gz
ENSG00000088543	C3orf18	36516485	GSE167186	ctx_d30649d2fd62	Unkown 7	NA	NA	0	17	19	90	-0.014	-0.014	1.024	0	1	0	-0.770	down	2853138	source/effects_batch_000.json.gz
ENSG00000088543	C3orf18	36516485	GSE167186	ctx_d78029928f98	Adventitial cell	Mesenchymal stem cell	Muscle-derived cell	0	17	19	90	0.003	0.003	1.015	0	1	0	0.165	up	2742670	source/effects_batch_000.json.gz
ENSG00000088543	C3orf18	36516485	GSE167186	ctx_e129c8e975de	Unkown 8	NA	NA	0	17	19	90	-0.004	-0.004	1.000	0	1	0	-0.220	down	2864134	source/effects_batch_000.json.gz
ENSG00000088543	C3orf18	36516485	GSE167186	ctx_e81eac8c401a	Unkown 6	NA	NA	0	17	19	90	-0.001	-0.001	1.050	0	1	0	-0.055	down	2841153	source/effects_batch_000.json.gz
ENSG00000143321	HDGF	36516485	GSE167186	ctx_0234b64ace9c	All Cells,  Skeletal Muscle	NA	NA	1	17	19	90	-0.001	-0.001	1.036	0	1	0	-0.055	down	2757812	source/effects_batch_000.json.gz
ENSG00000143321	HDGF	36516485	GSE167186	ctx_0fd5032b2b0c	Adventitial cell 8	Mesenchymal stem cell	Myogenic endothelial cell	0	17	19	90	-0.003	-0.003	1.100	0	1	0	-0.165	down	2736427	source/effects_batch_000.json.gz
ENSG00000143321	HDGF	36516485	GSE167186	ctx_1f3e2a4066d7	Adventitial cell 2	Mesenchymal stem cell	Myogenic endothelial cell	0	17	19	90	-0.002	-0.002	1.095	0	1	0	-0.110	down	2666286	source/effects_batch_000.json.gz
ENSG00000143321	HDGF	36516485	GSE167186	ctx_238c34ecff52	Unkown	NA	NA	0	17	19	90	0.000	0.000	1.060	0	1	0	0.000	rounded_zero	2879303	source/effects_batch_000.json.gz
ENSG00000143321	HDGF	36516485	GSE167186	ctx_3c1aedecb8ec	Adventitial cell 7	Mesenchymal stem cell	Myogenic endothelial cell	0	17	19	90	0.003	0.003	1.044	0	1	0	0.165	up	2725313	source/effects_batch_000.json.gz
ENSG00000143321	HDGF	36516485	GSE167186	ctx_416833ac90ca	Mesenchymal stem cell 3	Adventitial cell	Mesenchymal stromal cell	0	17	19	90	0.012	0.012	1.077	0	1	0	0.660	up	2779946	source/effects_batch_000.json.gz
ENSG00000143321	HDGF	36516485	GSE167186	ctx_51a23717b452	Mesenchymal stem cell	Pericyte	NA	0	17	19	90	-0.004	-0.004	1.076	0	1	0	-0.220	down	2791004	source/effects_batch_000.json.gz
ENSG00000143321	HDGF	36516485	GSE167186	ctx_5243fb2c6d5c	Adventitial cell 4	Mesenchymal stem cell	Muscle-derived cell	0	17	19	90	-0.002	-0.002	1.071	0	1	0	-0.110	down	2690048	source/effects_batch_000.json.gz
ENSG00000143321	HDGF	36516485	GSE167186	ctx_5da05f63762a	Unkown 4	NA	NA	0	17	19	90	-0.002	-0.002	1.042	0	1	0	-0.110	down	2823664	source/effects_batch_000.json.gz
ENSG00000143321	HDGF	36516485	GSE167186	ctx_66b8877333b1	Adventitial cell 3	Mesenchymal stem cell	Myogenic endothelial cell	0	17	19	90	0.003	0.003	1.048	0	1	0	0.165	up	2678172	source/effects_batch_000.json.gz
ENSG00000143321	HDGF	36516485	GSE167186	ctx_926384c8242b	Unkown 5	NA	NA	0	17	19	90	0.000	0.000	1.078	0	1	0	0.000	rounded_zero	2834501	source/effects_batch_000.json.gz
ENSG00000143321	HDGF	36516485	GSE167186	ctx_93986af51167	Adventitial cell 5	Mesenchymal stem cell	Muscle-derived cell	0	17	19	90	-0.005	-0.005	1.031	0	1	0	-0.275	down	2701879	source/effects_batch_000.json.gz
ENSG00000143321	HDGF	36516485	GSE167186	ctx_9aa0a69d626d	Adventitial cell 6	Mesenchymal stem cell	Myogenic endothelial cell	0	17	19	90	-0.008	-0.008	1.055	0	1	0	-0.440	down	2713628	source/effects_batch_000.json.gz
ENSG00000143321	HDGF	36516485	GSE167186	ctx_bfd71711437a	Unkown 2	NA	NA	0	17	19	90	0.002	0.002	1.036	0	1	0	0.110	up	2802189	source/effects_batch_000.json.gz
ENSG00000143321	HDGF	36516485	GSE167186	ctx_c138321e7ebd	Unkown 3	NA	NA	0	17	19	90	0.000	0.000	1.072	0	1	0	0.000	rounded_zero	2812758	source/effects_batch_000.json.gz
ENSG00000143321	HDGF	36516485	GSE167186	ctx_c157cf74c34b	Mesenchymal stem cell 2	Adventitial cell	Mesenchymal stromal cell	0	17	19	90	-0.005	-0.005	1.127	0	1	0	-0.275	down	2769064	source/effects_batch_000.json.gz
ENSG00000143321	HDGF	36516485	GSE167186	ctx_d30649d2fd62	Unkown 7	NA	NA	0	17	19	90	0.001	0.001	1.057	0	1	0	0.055	up	2857118	source/effects_batch_000.json.gz
ENSG00000143321	HDGF	36516485	GSE167186	ctx_d78029928f98	Adventitial cell	Mesenchymal stem cell	Muscle-derived cell	0	17	19	90	-0.001	-0.001	1.058	0	1	0	-0.055	down	2746618	source/effects_batch_000.json.gz
ENSG00000143321	HDGF	36516485	GSE167186	ctx_e129c8e975de	Unkown 8	NA	NA	0	17	19	90	-0.004	-0.004	1.089	0	1	0	-0.220	down	2868247	source/effects_batch_000.json.gz
ENSG00000143321	HDGF	36516485	GSE167186	ctx_e81eac8c401a	Unkown 6	NA	NA	0	17	19	90	-0.004	-0.004	1.062	0	1	0	-0.220	down	2845506	source/effects_batch_000.json.gz
ENSG00000166337	TAF10	36516485	GSE167186	ctx_0234b64ace9c	All Cells,  Skeletal Muscle	NA	NA	1	17	19	90	-0.001	-0.001	1.018	0	1	0	-0.055	down	2759811	source/effects_batch_000.json.gz
ENSG00000166337	TAF10	36516485	GSE167186	ctx_0fd5032b2b0c	Adventitial cell 8	Mesenchymal stem cell	Myogenic endothelial cell	0	17	19	90	-0.086	-0.086	1.000	0	1	0	-4.730	down	2738164	source/effects_batch_000.json.gz
ENSG00000166337	TAF10	36516485	GSE167186	ctx_1f3e2a4066d7	Adventitial cell 2	Mesenchymal stem cell	Myogenic endothelial cell	0	17	19	90	0.001	0.001	1.067	0	1	0	0.055	up	2668294	source/effects_batch_000.json.gz
ENSG00000166337	TAF10	36516485	GSE167186	ctx_238c34ecff52	Unkown	NA	NA	0	17	19	90	0.002	0.002	1.034	0	1	0	0.110	up	2881074	source/effects_batch_000.json.gz
ENSG00000166337	TAF10	36516485	GSE167186	ctx_3c1aedecb8ec	Adventitial cell 7	Mesenchymal stem cell	Myogenic endothelial cell	0	17	19	90	-0.007	-0.007	1.000	0	1	0	-0.385	down	2727323	source/effects_batch_000.json.gz
ENSG00000166337	TAF10	36516485	GSE167186	ctx_416833ac90ca	Mesenchymal stem cell 3	Adventitial cell	Mesenchymal stromal cell	0	17	19	90	-0.003	-0.003	1.000	0	1	0	-0.165	down	2781760	source/effects_batch_000.json.gz
ENSG00000166337	TAF10	36516485	GSE167186	ctx_51a23717b452	Mesenchymal stem cell	Pericyte	NA	0	17	19	90	-0.009	-0.009	1.000	0	1	0	-0.495	down	2793019	source/effects_batch_000.json.gz
ENSG00000166337	TAF10	36516485	GSE167186	ctx_5243fb2c6d5c	Adventitial cell 4	Mesenchymal stem cell	Muscle-derived cell	0	17	19	90	0.008	0.008	1.050	0	1	0	0.440	up	2692064	source/effects_batch_000.json.gz
ENSG00000166337	TAF10	36516485	GSE167186	ctx_5da05f63762a	Unkown 4	NA	NA	0	17	19	90	-0.001	-0.001	1.021	0	1	0	-0.055	down	2825540	source/effects_batch_000.json.gz
ENSG00000166337	TAF10	36516485	GSE167186	ctx_66b8877333b1	Adventitial cell 3	Mesenchymal stem cell	Myogenic endothelial cell	0	17	19	90	0.005	0.005	1.026	0	1	0	0.275	up	2680225	source/effects_batch_000.json.gz
ENSG00000166337	TAF10	36516485	GSE167186	ctx_926384c8242b	Unkown 5	NA	NA	0	17	19	90	0.000	0.000	1.031	0	1	0	0.000	rounded_zero	2836307	source/effects_batch_000.json.gz
ENSG00000166337	TAF10	36516485	GSE167186	ctx_93986af51167	Adventitial cell 5	Mesenchymal stem cell	Muscle-derived cell	0	17	19	90	0.001	0.001	1.016	0	1	0	0.055	up	2703913	source/effects_batch_000.json.gz
ENSG00000166337	TAF10	36516485	GSE167186	ctx_9aa0a69d626d	Adventitial cell 6	Mesenchymal stem cell	Myogenic endothelial cell	0	17	19	90	0.012	0.012	1.000	0	1	0	0.660	up	2715603	source/effects_batch_000.json.gz
ENSG00000166337	TAF10	36516485	GSE167186	ctx_bfd71711437a	Unkown 2	NA	NA	0	17	19	90	-0.003	-0.003	1.031	0	1	0	-0.165	down	2803970	source/effects_batch_000.json.gz
ENSG00000166337	TAF10	36516485	GSE167186	ctx_c138321e7ebd	Unkown 3	NA	NA	0	17	19	90	0.001	0.001	1.019	0	1	0	0.055	up	2814619	source/effects_batch_000.json.gz
ENSG00000166337	TAF10	36516485	GSE167186	ctx_c157cf74c34b	Mesenchymal stem cell 2	Adventitial cell	Mesenchymal stromal cell	0	17	19	90	-0.008	-0.008	1.050	0	1	0	-0.440	down	2770949	source/effects_batch_000.json.gz
ENSG00000166337	TAF10	36516485	GSE167186	ctx_d30649d2fd62	Unkown 7	NA	NA	0	17	19	90	0.000	0.000	1.008	0	1	0	0.000	rounded_zero	2858991	source/effects_batch_000.json.gz
ENSG00000166337	TAF10	36516485	GSE167186	ctx_d78029928f98	Adventitial cell	Mesenchymal stem cell	Muscle-derived cell	0	17	19	90	0.002	0.002	1.034	0	1	0	0.110	up	2748481	source/effects_batch_000.json.gz
ENSG00000166337	TAF10	36516485	GSE167186	ctx_e129c8e975de	Unkown 8	NA	NA	0	17	19	90	-0.012	-0.012	1.000	0	1	0	-0.660	down	2870237	source/effects_batch_000.json.gz
ENSG00000166337	TAF10	36516485	GSE167186	ctx_e81eac8c401a	Unkown 6	NA	NA	0	17	19	90	0.001	0.001	1.033	0	1	0	0.055	up	2847577	source/effects_batch_000.json.gz
ENSG00000113448	PDE4D	36516485	GSE167186	ctx_0234b64ace9c	All Cells,  Skeletal Muscle	NA	NA	1	17	19	90	0.000	0.000	1.402	0	1	0	0.000	rounded_zero	2755133	source/effects_batch_001.json.gz
ENSG00000113448	PDE4D	36516485	GSE167186	ctx_0fd5032b2b0c	Adventitial cell 8	Mesenchymal stem cell	Myogenic endothelial cell	0	17	19	90	0.007	0.007	1.219	0	1	0	0.385	up	2734080	source/effects_batch_001.json.gz
ENSG00000113448	PDE4D	36516485	GSE167186	ctx_1f3e2a4066d7	Adventitial cell 2	Mesenchymal stem cell	Myogenic endothelial cell	0	17	19	90	0.001	0.001	1.282	0	1	0	0.055	up	2663604	source/effects_batch_001.json.gz
ENSG00000113448	PDE4D	36516485	GSE167186	ctx_238c34ecff52	Unkown	NA	NA	0	17	19	90	0.001	0.001	1.420	0	1	0	0.055	up	2876940	source/effects_batch_001.json.gz
ENSG00000113448	PDE4D	36516485	GSE167186	ctx_3c1aedecb8ec	Adventitial cell 7	Mesenchymal stem cell	Myogenic endothelial cell	0	17	19	90	0.001	0.001	1.115	0	1	0	0.055	up	2722656	source/effects_batch_001.json.gz
ENSG00000113448	PDE4D	36516485	GSE167186	ctx_416833ac90ca	Mesenchymal stem cell 3	Adventitial cell	Mesenchymal stromal cell	0	17	19	90	-0.004	-0.004	1.367	0	1	0	-0.220	down	2777478	source/effects_batch_001.json.gz
ENSG00000113448	PDE4D	36516485	GSE167186	ctx_51a23717b452	Mesenchymal stem cell	Pericyte	NA	0	17	19	90	0.004	0.004	1.280	0	1	0	0.220	up	2788320	source/effects_batch_001.json.gz
ENSG00000113448	PDE4D	36516485	GSE167186	ctx_5243fb2c6d5c	Adventitial cell 4	Mesenchymal stem cell	Muscle-derived cell	0	17	19	90	0.002	0.002	1.322	0	1	0	0.110	up	2687362	source/effects_batch_001.json.gz
ENSG00000113448	PDE4D	36516485	GSE167186	ctx_5da05f63762a	Unkown 4	NA	NA	0	17	19	90	0.003	0.003	1.392	0	1	0	0.165	up	2821179	source/effects_batch_001.json.gz
ENSG00000113448	PDE4D	36516485	GSE167186	ctx_66b8877333b1	Adventitial cell 3	Mesenchymal stem cell	Myogenic endothelial cell	0	17	19	90	0.003	0.003	1.280	0	1	0	0.165	up	2675442	source/effects_batch_001.json.gz
ENSG00000113448	PDE4D	36516485	GSE167186	ctx_926384c8242b	Unkown 5	NA	NA	0	17	19	90	0.002	0.002	1.278	0	1	0	0.110	up	2832063	source/effects_batch_001.json.gz
ENSG00000113448	PDE4D	36516485	GSE167186	ctx_93986af51167	Adventitial cell 5	Mesenchymal stem cell	Muscle-derived cell	0	17	19	90	0.002	0.002	1.188	0	1	0	0.110	up	2699186	source/effects_batch_001.json.gz
ENSG00000113448	PDE4D	36516485	GSE167186	ctx_9aa0a69d626d	Adventitial cell 6	Mesenchymal stem cell	Myogenic endothelial cell	0	17	19	90	0.003	0.003	1.387	0	1	0	0.165	up	2710956	source/effects_batch_001.json.gz
ENSG00000113448	PDE4D	36516485	GSE167186	ctx_bfd71711437a	Unkown 2	NA	NA	0	17	19	90	0.002	0.002	1.262	0	1	0	0.110	up	2799809	source/effects_batch_001.json.gz
ENSG00000113448	PDE4D	36516485	GSE167186	ctx_c138321e7ebd	Unkown 3	NA	NA	0	17	19	90	0.001	0.001	1.738	0	1	0	0.055	up	2810274	source/effects_batch_001.json.gz
ENSG00000113448	PDE4D	36516485	GSE167186	ctx_c157cf74c34b	Mesenchymal stem cell 2	Adventitial cell	Mesenchymal stromal cell	0	17	19	90	-0.001	-0.001	1.453	0	1	0	-0.055	down	2766574	source/effects_batch_001.json.gz
ENSG00000113448	PDE4D	36516485	GSE167186	ctx_d30649d2fd62	Unkown 7	NA	NA	0	17	19	90	0.000	0.000	1.506	0	1	0	0.000	rounded_zero	2854610	source/effects_batch_001.json.gz
ENSG00000113448	PDE4D	36516485	GSE167186	ctx_d78029928f98	Adventitial cell	Mesenchymal stem cell	Muscle-derived cell	0	17	19	90	-0.003	-0.003	1.362	0	1	0	-0.165	down	2744137	source/effects_batch_001.json.gz
ENSG00000113448	PDE4D	36516485	GSE167186	ctx_e129c8e975de	Unkown 8	NA	NA	0	17	19	90	0.008	0.008	1.579	0	1	0	0.440	up	2865654	source/effects_batch_001.json.gz
ENSG00000113448	PDE4D	36516485	GSE167186	ctx_e81eac8c401a	Unkown 6	NA	NA	0	17	19	90	0.003	0.003	1.230	0	1	0	0.165	up	2842778	source/effects_batch_001.json.gz
ENSG00000172115	CYCS	36516485	GSE167186	ctx_0234b64ace9c	All Cells,  Skeletal Muscle	NA	NA	1	17	19	90	-0.004	-0.004	1.084	0	1	0	-0.220	down	2760528	source/effects_batch_001.json.gz
ENSG00000172115	CYCS	36516485	GSE167186	ctx_0fd5032b2b0c	Adventitial cell 8	Mesenchymal stem cell	Myogenic endothelial cell	0	17	19	90	-0.003	-0.003	1.000	0	1	0	-0.165	down	2738774	source/effects_batch_001.json.gz
ENSG00000172115	CYCS	36516485	GSE167186	ctx_1f3e2a4066d7	Adventitial cell 2	Mesenchymal stem cell	Myogenic endothelial cell	0	17	19	90	-0.002	-0.002	1.075	0	1	0	-0.110	down	2669019	source/effects_batch_001.json.gz
ENSG00000172115	CYCS	36516485	GSE167186	ctx_238c34ecff52	Unkown	NA	NA	0	17	19	90	-0.003	-0.003	1.110	0	1	0	-0.165	down	2881699	source/effects_batch_001.json.gz
ENSG00000172115	CYCS	36516485	GSE167186	ctx_3c1aedecb8ec	Adventitial cell 7	Mesenchymal stem cell	Myogenic endothelial cell	0	17	19	90	-0.002	-0.002	1.095	0	1	0	-0.110	down	2728044	source/effects_batch_001.json.gz
ENSG00000172115	CYCS	36516485	GSE167186	ctx_416833ac90ca	Mesenchymal stem cell 3	Adventitial cell	Mesenchymal stromal cell	0	17	19	90	0.000	0.000	1.167	0	1	0	0.000	rounded_zero	2782417	source/effects_batch_001.json.gz
ENSG00000172115	CYCS	36516485	GSE167186	ctx_51a23717b452	Mesenchymal stem cell	Pericyte	NA	0	17	19	90	-0.003	-0.003	1.092	0	1	0	-0.165	down	2793750	source/effects_batch_001.json.gz
ENSG00000172115	CYCS	36516485	GSE167186	ctx_5243fb2c6d5c	Adventitial cell 4	Mesenchymal stem cell	Muscle-derived cell	0	17	19	90	0.002	0.002	1.036	0	1	0	0.110	up	2692786	source/effects_batch_001.json.gz
ENSG00000172115	CYCS	36516485	GSE167186	ctx_5da05f63762a	Unkown 4	NA	NA	0	17	19	90	-0.007	-0.007	1.152	0	1	0	-0.385	down	2826199	source/effects_batch_001.json.gz
ENSG00000172115	CYCS	36516485	GSE167186	ctx_66b8877333b1	Adventitial cell 3	Mesenchymal stem cell	Myogenic endothelial cell	0	17	19	90	-0.004	-0.004	1.107	0	1	0	-0.220	down	2680969	source/effects_batch_001.json.gz
ENSG00000172115	CYCS	36516485	GSE167186	ctx_926384c8242b	Unkown 5	NA	NA	0	17	19	90	-0.003	-0.003	1.090	0	1	0	-0.165	down	2836944	source/effects_batch_001.json.gz
ENSG00000172115	CYCS	36516485	GSE167186	ctx_93986af51167	Adventitial cell 5	Mesenchymal stem cell	Muscle-derived cell	0	17	19	90	-0.003	-0.003	1.095	0	1	0	-0.165	down	2704636	source/effects_batch_001.json.gz
ENSG00000172115	CYCS	36516485	GSE167186	ctx_9aa0a69d626d	Adventitial cell 6	Mesenchymal stem cell	Myogenic endothelial cell	0	17	19	90	0.000	0.000	1.086	0	1	0	0.000	rounded_zero	2716321	source/effects_batch_001.json.gz
ENSG00000172115	CYCS	36516485	GSE167186	ctx_bfd71711437a	Unkown 2	NA	NA	0	17	19	90	-0.005	-0.005	1.142	0	1	0	-0.275	down	2804598	source/effects_batch_001.json.gz
ENSG00000172115	CYCS	36516485	GSE167186	ctx_c138321e7ebd	Unkown 3	NA	NA	0	17	19	90	-0.006	-0.006	1.126	0	1	0	-0.330	down	2815281	source/effects_batch_001.json.gz
ENSG00000172115	CYCS	36516485	GSE167186	ctx_c157cf74c34b	Mesenchymal stem cell 2	Adventitial cell	Mesenchymal stromal cell	0	17	19	90	-0.004	-0.004	1.123	0	1	0	-0.220	down	2771615	source/effects_batch_001.json.gz
ENSG00000172115	CYCS	36516485	GSE167186	ctx_d30649d2fd62	Unkown 7	NA	NA	0	17	19	90	-0.007	-0.007	1.134	0	1	0	-0.385	down	2859650	source/effects_batch_001.json.gz
ENSG00000172115	CYCS	36516485	GSE167186	ctx_d78029928f98	Adventitial cell	Mesenchymal stem cell	Muscle-derived cell	0	17	19	90	-0.003	-0.003	1.076	0	1	0	-0.165	down	2749130	source/effects_batch_001.json.gz
ENSG00000172115	CYCS	36516485	GSE167186	ctx_e129c8e975de	Unkown 8	NA	NA	0	17	19	90	-0.010	-0.010	1.260	0	1	0	-0.550	down	2870923	source/effects_batch_001.json.gz
ENSG00000172115	CYCS	36516485	GSE167186	ctx_e81eac8c401a	Unkown 6	NA	NA	0	17	19	90	-0.003	-0.003	1.072	0	1	0	-0.165	down	2848306	source/effects_batch_001.json.gz
ENSG00000162961	DPY30	36516485	GSE167186	ctx_0234b64ace9c	All Cells,  Skeletal Muscle	NA	NA	1	17	19	90	0.001	0.001	1.030	0	1	0	0.055	up	2759275	source/effects_batch_001.json.gz
ENSG00000162961	DPY30	36516485	GSE167186	ctx_0fd5032b2b0c	Adventitial cell 8	Mesenchymal stem cell	Myogenic endothelial cell	0	17	19	90	-0.001	-0.001	1.143	0	1	0	-0.055	down	2737690	source/effects_batch_001.json.gz
ENSG00000162961	DPY30	36516485	GSE167186	ctx_1f3e2a4066d7	Adventitial cell 2	Mesenchymal stem cell	Myogenic endothelial cell	0	17	19	90	0.006	0.006	1.053	0	1	0	0.330	up	2667755	source/effects_batch_001.json.gz
ENSG00000162961	DPY30	36516485	GSE167186	ctx_238c34ecff52	Unkown	NA	NA	0	17	19	90	0.002	0.002	1.032	0	1	0	0.110	up	2880582	source/effects_batch_001.json.gz
ENSG00000162961	DPY30	36516485	GSE167186	ctx_3c1aedecb8ec	Adventitial cell 7	Mesenchymal stem cell	Myogenic endothelial cell	0	17	19	90	-0.018	-0.018	1.040	0	1	0	-0.990	down	2726779	source/effects_batch_001.json.gz
ENSG00000162961	DPY30	36516485	GSE167186	ctx_416833ac90ca	Mesenchymal stem cell 3	Adventitial cell	Mesenchymal stromal cell	0	17	19	90	0.001	0.001	1.056	0	1	0	0.055	up	2781277	source/effects_batch_001.json.gz
ENSG00000162961	DPY30	36516485	GSE167186	ctx_51a23717b452	Mesenchymal stem cell	Pericyte	NA	0	17	19	90	0.005	0.005	1.035	0	1	0	0.275	up	2792472	source/effects_batch_001.json.gz
ENSG00000162961	DPY30	36516485	GSE167186	ctx_5243fb2c6d5c	Adventitial cell 4	Mesenchymal stem cell	Muscle-derived cell	0	17	19	90	0.005	0.005	1.000	0	1	0	0.275	up	2691524	source/effects_batch_001.json.gz
ENSG00000162961	DPY30	36516485	GSE167186	ctx_5da05f63762a	Unkown 4	NA	NA	0	17	19	90	0.001	0.001	1.046	0	1	0	0.055	up	2825025	source/effects_batch_001.json.gz
ENSG00000162961	DPY30	36516485	GSE167186	ctx_66b8877333b1	Adventitial cell 3	Mesenchymal stem cell	Myogenic endothelial cell	0	17	19	90	0.000	0.000	1.030	0	1	0	0.000	rounded_zero	2679688	source/effects_batch_001.json.gz
ENSG00000162961	DPY30	36516485	GSE167186	ctx_926384c8242b	Unkown 5	NA	NA	0	17	19	90	0.002	0.002	1.016	0	1	0	0.110	up	2835814	source/effects_batch_001.json.gz
ENSG00000162961	DPY30	36516485	GSE167186	ctx_93986af51167	Adventitial cell 5	Mesenchymal stem cell	Muscle-derived cell	0	17	19	90	-0.002	-0.002	1.035	0	1	0	-0.110	down	2703362	source/effects_batch_001.json.gz
ENSG00000162961	DPY30	36516485	GSE167186	ctx_9aa0a69d626d	Adventitial cell 6	Mesenchymal stem cell	Myogenic endothelial cell	0	17	19	90	0.003	0.003	1.032	0	1	0	0.165	up	2715074	source/effects_batch_001.json.gz
ENSG00000162961	DPY30	36516485	GSE167186	ctx_bfd71711437a	Unkown 2	NA	NA	0	17	19	90	0.003	0.003	1.042	0	1	0	0.165	up	2803483	source/effects_batch_001.json.gz
ENSG00000162961	DPY30	36516485	GSE167186	ctx_c138321e7ebd	Unkown 3	NA	NA	0	17	19	90	0.001	0.001	1.044	0	1	0	0.055	up	2814105	source/effects_batch_001.json.gz
ENSG00000162961	DPY30	36516485	GSE167186	ctx_c157cf74c34b	Mesenchymal stem cell 2	Adventitial cell	Mesenchymal stromal cell	0	17	19	90	0.003	0.003	1.045	0	1	0	0.165	up	2770437	source/effects_batch_001.json.gz
ENSG00000162961	DPY30	36516485	GSE167186	ctx_d30649d2fd62	Unkown 7	NA	NA	0	17	19	90	0.008	0.008	1.033	0	1	0	0.440	up	2858478	source/effects_batch_001.json.gz
ENSG00000162961	DPY30	36516485	GSE167186	ctx_d78029928f98	Adventitial cell	Mesenchymal stem cell	Muscle-derived cell	0	17	19	90	0.007	0.007	1.034	0	1	0	0.385	up	2747971	source/effects_batch_001.json.gz
ENSG00000162961	DPY30	36516485	GSE167186	ctx_e129c8e975de	Unkown 8	NA	NA	0	17	19	90	-0.003	-0.003	1.000	0	1	0	-0.165	down	2869684	source/effects_batch_001.json.gz
ENSG00000162961	DPY30	36516485	GSE167186	ctx_e81eac8c401a	Unkown 6	NA	NA	0	17	19	90	0.001	0.001	1.049	0	1	0	0.055	up	2847014	source/effects_batch_001.json.gz
ENSG00000154518	ATP5MC3	36516485	GSE167186	ctx_0234b64ace9c	All Cells,  Skeletal Muscle	NA	NA	1	17	19	90	-0.003	-0.003	1.208	0	1	0	-0.165	down	2758660	source/effects_batch_001.json.gz
ENSG00000154518	ATP5MC3	36516485	GSE167186	ctx_0fd5032b2b0c	Adventitial cell 8	Mesenchymal stem cell	Myogenic endothelial cell	0	17	19	90	-0.002	-0.002	1.318	0	1	0	-0.110	down	2737166	source/effects_batch_001.json.gz
ENSG00000154518	ATP5MC3	36516485	GSE167186	ctx_1f3e2a4066d7	Adventitial cell 2	Mesenchymal stem cell	Myogenic endothelial cell	0	17	19	90	-0.003	-0.003	1.183	0	1	0	-0.165	down	2667131	source/effects_batch_001.json.gz
ENSG00000154518	ATP5MC3	36516485	GSE167186	ctx_238c34ecff52	Unkown	NA	NA	0	17	19	90	-0.004	-0.004	1.184	0	1	0	-0.220	down	2880048	source/effects_batch_001.json.gz
ENSG00000154518	ATP5MC3	36516485	GSE167186	ctx_3c1aedecb8ec	Adventitial cell 7	Mesenchymal stem cell	Myogenic endothelial cell	0	17	19	90	-0.006	-0.006	1.221	0	1	0	-0.330	down	2726153	source/effects_batch_001.json.gz
ENSG00000154518	ATP5MC3	36516485	GSE167186	ctx_416833ac90ca	Mesenchymal stem cell 3	Adventitial cell	Mesenchymal stromal cell	0	17	19	90	-0.001	-0.001	1.159	0	1	0	-0.055	down	2780723	source/effects_batch_001.json.gz
ENSG00000154518	ATP5MC3	36516485	GSE167186	ctx_51a23717b452	Mesenchymal stem cell	Pericyte	NA	0	17	19	90	0.002	0.002	1.189	0	1	0	0.110	up	2791854	source/effects_batch_001.json.gz
ENSG00000154518	ATP5MC3	36516485	GSE167186	ctx_5243fb2c6d5c	Adventitial cell 4	Mesenchymal stem cell	Muscle-derived cell	0	17	19	90	-0.002	-0.002	1.154	0	1	0	-0.110	down	2690905	source/effects_batch_001.json.gz
ENSG00000154518	ATP5MC3	36516485	GSE167186	ctx_5da05f63762a	Unkown 4	NA	NA	0	17	19	90	-0.003	-0.003	1.200	0	1	0	-0.165	down	2824447	source/effects_batch_001.json.gz
ENSG00000154518	ATP5MC3	36516485	GSE167186	ctx_66b8877333b1	Adventitial cell 3	Mesenchymal stem cell	Myogenic endothelial cell	0	17	19	90	-0.002	-0.002	1.133	0	1	0	-0.110	down	2679042	source/effects_batch_001.json.gz
ENSG00000154518	ATP5MC3	36516485	GSE167186	ctx_926384c8242b	Unkown 5	NA	NA	0	17	19	90	-0.003	-0.003	1.330	0	1	0	-0.165	down	2835258	source/effects_batch_001.json.gz
ENSG00000154518	ATP5MC3	36516485	GSE167186	ctx_93986af51167	Adventitial cell 5	Mesenchymal stem cell	Muscle-derived cell	0	17	19	90	-0.005	-0.005	1.121	0	1	0	-0.275	down	2702733	source/effects_batch_001.json.gz
ENSG00000154518	ATP5MC3	36516485	GSE167186	ctx_9aa0a69d626d	Adventitial cell 6	Mesenchymal stem cell	Myogenic endothelial cell	0	17	19	90	-0.006	-0.006	1.155	0	1	0	-0.330	down	2714464	source/effects_batch_001.json.gz
ENSG00000154518	ATP5MC3	36516485	GSE167186	ctx_bfd71711437a	Unkown 2	NA	NA	0	17	19	90	-0.003	-0.003	1.162	0	1	0	-0.165	down	2802935	source/effects_batch_001.json.gz
ENSG00000154518	ATP5MC3	36516485	GSE167186	ctx_c138321e7ebd	Unkown 3	NA	NA	0	17	19	90	-0.004	-0.004	1.234	0	1	0	-0.220	down	2813539	source/effects_batch_001.json.gz
ENSG00000154518	ATP5MC3	36516485	GSE167186	ctx_c157cf74c34b	Mesenchymal stem cell 2	Adventitial cell	Mesenchymal stromal cell	0	17	19	90	-0.005	-0.005	1.186	0	1	0	-0.275	down	2769861	source/effects_batch_001.json.gz
ENSG00000154518	ATP5MC3	36516485	GSE167186	ctx_d30649d2fd62	Unkown 7	NA	NA	0	17	19	90	-0.005	-0.005	1.228	0	1	0	-0.275	down	2857905	source/effects_batch_001.json.gz
ENSG00000154518	ATP5MC3	36516485	GSE167186	ctx_d78029928f98	Adventitial cell	Mesenchymal stem cell	Muscle-derived cell	0	17	19	90	-0.004	-0.004	1.145	0	1	0	-0.220	down	2747413	source/effects_batch_001.json.gz
ENSG00000154518	ATP5MC3	36516485	GSE167186	ctx_e129c8e975de	Unkown 8	NA	NA	0	17	19	90	-0.008	-0.008	1.210	0	1	0	-0.440	down	2869092	source/effects_batch_001.json.gz
ENSG00000154518	ATP5MC3	36516485	GSE167186	ctx_e81eac8c401a	Unkown 6	NA	NA	0	17	19	90	-0.001	-0.001	1.128	0	1	0	-0.055	down	2846377	source/effects_batch_001.json.gz
ENSG00000100242	SUN2	36516485	GSE167186	ctx_0234b64ace9c	All Cells,  Skeletal Muscle	NA	NA	1	17	19	90	0.005	0.005	1.062	0	1	0	0.275	up	2753862	source/effects_batch_001.json.gz
ENSG00000100242	SUN2	36516485	GSE167186	ctx_0fd5032b2b0c	Adventitial cell 8	Mesenchymal stem cell	Myogenic endothelial cell	0	17	19	90	-0.008	-0.008	1.115	0	1	0	-0.440	down	2732956	source/effects_batch_001.json.gz
ENSG00000100242	SUN2	36516485	GSE167186	ctx_1f3e2a4066d7	Adventitial cell 2	Mesenchymal stem cell	Myogenic endothelial cell	0	17	19	90	0.005	0.005	1.057	0	1	0	0.275	up	2662310	source/effects_batch_001.json.gz
ENSG00000100242	SUN2	36516485	GSE167186	ctx_238c34ecff52	Unkown	NA	NA	0	17	19	90	0.006	0.006	1.052	0	1	0	0.330	up	2875815	source/effects_batch_001.json.gz
ENSG00000100242	SUN2	36516485	GSE167186	ctx_3c1aedecb8ec	Adventitial cell 7	Mesenchymal stem cell	Myogenic endothelial cell	0	17	19	90	-0.002	-0.002	1.091	0	1	0	-0.110	down	2721359	source/effects_batch_001.json.gz
ENSG00000100242	SUN2	36516485	GSE167186	ctx_416833ac90ca	Mesenchymal stem cell 3	Adventitial cell	Mesenchymal stromal cell	0	17	19	90	0.006	0.006	1.114	0	1	0	0.330	up	2776303	source/effects_batch_001.json.gz
ENSG00000100242	SUN2	36516485	GSE167186	ctx_51a23717b452	Mesenchymal stem cell	Pericyte	NA	0	17	19	90	0.003	0.003	1.062	0	1	0	0.165	up	2787034	source/effects_batch_001.json.gz
ENSG00000100242	SUN2	36516485	GSE167186	ctx_5243fb2c6d5c	Adventitial cell 4	Mesenchymal stem cell	Muscle-derived cell	0	17	19	90	-0.001	-0.001	1.158	0	1	0	-0.055	down	2686066	source/effects_batch_001.json.gz
ENSG00000100242	SUN2	36516485	GSE167186	ctx_5da05f63762a	Unkown 4	NA	NA	0	17	19	90	0.008	0.008	1.094	0	1	0	0.440	up	2819992	source/effects_batch_001.json.gz
ENSG00000100242	SUN2	36516485	GSE167186	ctx_66b8877333b1	Adventitial cell 3	Mesenchymal stem cell	Myogenic endothelial cell	0	17	19	90	0.001	0.001	1.086	0	1	0	0.055	up	2674140	source/effects_batch_001.json.gz
ENSG00000100242	SUN2	36516485	GSE167186	ctx_926384c8242b	Unkown 5	NA	NA	0	17	19	90	0.006	0.006	1.040	0	1	0	0.330	up	2830908	source/effects_batch_001.json.gz
ENSG00000100242	SUN2	36516485	GSE167186	ctx_93986af51167	Adventitial cell 5	Mesenchymal stem cell	Muscle-derived cell	0	17	19	90	-0.001	-0.001	1.074	0	1	0	-0.055	down	2697888	source/effects_batch_001.json.gz
ENSG00000100242	SUN2	36516485	GSE167186	ctx_9aa0a69d626d	Adventitial cell 6	Mesenchymal stem cell	Myogenic endothelial cell	0	17	19	90	-0.002	-0.002	1.172	0	1	0	-0.110	down	2709686	source/effects_batch_001.json.gz
ENSG00000100242	SUN2	36516485	GSE167186	ctx_bfd71711437a	Unkown 2	NA	NA	0	17	19	90	0.008	0.008	1.066	0	1	0	0.440	up	2798677	source/effects_batch_001.json.gz
ENSG00000100242	SUN2	36516485	GSE167186	ctx_c138321e7ebd	Unkown 3	NA	NA	0	17	19	90	0.006	0.006	1.094	0	1	0	0.330	up	2809085	source/effects_batch_001.json.gz
ENSG00000100242	SUN2	36516485	GSE167186	ctx_c157cf74c34b	Mesenchymal stem cell 2	Adventitial cell	Mesenchymal stromal cell	0	17	19	90	0.000	0.000	1.090	0	1	0	0.000	rounded_zero	2765400	source/effects_batch_001.json.gz
ENSG00000100242	SUN2	36516485	GSE167186	ctx_d30649d2fd62	Unkown 7	NA	NA	0	17	19	90	0.007	0.007	1.082	0	1	0	0.385	up	2853412	source/effects_batch_001.json.gz
ENSG00000100242	SUN2	36516485	GSE167186	ctx_d78029928f98	Adventitial cell	Mesenchymal stem cell	Muscle-derived cell	0	17	19	90	0.011	0.011	1.121	0	1	0	0.605	up	2742943	source/effects_batch_001.json.gz
ENSG00000100242	SUN2	36516485	GSE167186	ctx_e129c8e975de	Unkown 8	NA	NA	0	17	19	90	-0.002	-0.002	1.143	0	1	0	-0.110	down	2864424	source/effects_batch_001.json.gz
ENSG00000100242	SUN2	36516485	GSE167186	ctx_e81eac8c401a	Unkown 6	NA	NA	0	17	19	90	-0.001	-0.001	1.062	0	1	0	-0.055	down	2841461	source/effects_batch_001.json.gz
ENSG00000174444	RPL4	36516485	GSE167186	ctx_0234b64ace9c	All Cells,  Skeletal Muscle	NA	NA	1	17	19	90	0.004	0.004	1.146	0	1	0	0.220	up	2760758	source/effects_batch_001.json.gz
ENSG00000174444	RPL4	36516485	GSE167186	ctx_0fd5032b2b0c	Adventitial cell 8	Mesenchymal stem cell	Myogenic endothelial cell	0	17	19	90	-0.004	-0.004	1.216	0	1	0	-0.220	down	2738973	source/effects_batch_001.json.gz
ENSG00000174444	RPL4	36516485	GSE167186	ctx_1f3e2a4066d7	Adventitial cell 2	Mesenchymal stem cell	Myogenic endothelial cell	0	17	19	90	0.001	0.001	1.170	0	1	0	0.055	up	2669255	source/effects_batch_001.json.gz
ENSG00000174444	RPL4	36516485	GSE167186	ctx_238c34ecff52	Unkown	NA	NA	0	17	19	90	0.007	0.007	1.098	0	1	0	0.385	up	2881901	source/effects_batch_001.json.gz
ENSG00000174444	RPL4	36516485	GSE167186	ctx_3c1aedecb8ec	Adventitial cell 7	Mesenchymal stem cell	Myogenic endothelial cell	0	17	19	90	0.002	0.002	1.352	0	1	0	0.110	up	2728274	source/effects_batch_001.json.gz
ENSG00000174444	RPL4	36516485	GSE167186	ctx_416833ac90ca	Mesenchymal stem cell 3	Adventitial cell	Mesenchymal stromal cell	0	17	19	90	0.007	0.007	1.041	0	1	0	0.385	up	2782632	source/effects_batch_001.json.gz
ENSG00000174444	RPL4	36516485	GSE167186	ctx_51a23717b452	Mesenchymal stem cell	Pericyte	NA	0	17	19	90	0.002	0.002	1.136	0	1	0	0.110	up	2793989	source/effects_batch_001.json.gz
ENSG00000174444	RPL4	36516485	GSE167186	ctx_5243fb2c6d5c	Adventitial cell 4	Mesenchymal stem cell	Muscle-derived cell	0	17	19	90	0.002	0.002	1.162	0	1	0	0.110	up	2693018	source/effects_batch_001.json.gz
ENSG00000174444	RPL4	36516485	GSE167186	ctx_5da05f63762a	Unkown 4	NA	NA	0	17	19	90	0.004	0.004	1.100	0	1	0	0.220	up	2826413	source/effects_batch_001.json.gz
ENSG00000174444	RPL4	36516485	GSE167186	ctx_66b8877333b1	Adventitial cell 3	Mesenchymal stem cell	Myogenic endothelial cell	0	17	19	90	0.003	0.003	1.130	0	1	0	0.165	up	2681205	source/effects_batch_001.json.gz
ENSG00000174444	RPL4	36516485	GSE167186	ctx_926384c8242b	Unkown 5	NA	NA	0	17	19	90	0.000	0.000	1.238	0	1	0	0.000	rounded_zero	2837152	source/effects_batch_001.json.gz
ENSG00000174444	RPL4	36516485	GSE167186	ctx_93986af51167	Adventitial cell 5	Mesenchymal stem cell	Muscle-derived cell	0	17	19	90	-0.002	-0.002	1.129	0	1	0	-0.110	down	2704873	source/effects_batch_001.json.gz
ENSG00000174444	RPL4	36516485	GSE167186	ctx_9aa0a69d626d	Adventitial cell 6	Mesenchymal stem cell	Myogenic endothelial cell	0	17	19	90	0.009	0.009	1.131	0	1	0	0.495	up	2716555	source/effects_batch_001.json.gz
ENSG00000174444	RPL4	36516485	GSE167186	ctx_bfd71711437a	Unkown 2	NA	NA	0	17	19	90	0.003	0.003	1.080	0	1	0	0.165	up	2804801	source/effects_batch_001.json.gz
ENSG00000174444	RPL4	36516485	GSE167186	ctx_c138321e7ebd	Unkown 3	NA	NA	0	17	19	90	0.006	0.006	1.096	0	1	0	0.330	up	2815497	source/effects_batch_001.json.gz
ENSG00000174444	RPL4	36516485	GSE167186	ctx_c157cf74c34b	Mesenchymal stem cell 2	Adventitial cell	Mesenchymal stromal cell	0	17	19	90	0.008	0.008	1.200	0	1	0	0.440	up	2771829	source/effects_batch_001.json.gz
ENSG00000174444	RPL4	36516485	GSE167186	ctx_d30649d2fd62	Unkown 7	NA	NA	0	17	19	90	0.012	0.012	1.116	0	1	0	0.660	up	2859865	source/effects_batch_001.json.gz
ENSG00000174444	RPL4	36516485	GSE167186	ctx_d78029928f98	Adventitial cell	Mesenchymal stem cell	Muscle-derived cell	0	17	19	90	0.013	0.013	1.208	0	1	0	0.715	up	2749336	source/effects_batch_001.json.gz
ENSG00000174444	RPL4	36516485	GSE167186	ctx_e129c8e975de	Unkown 8	NA	NA	0	17	19	90	0.005	0.005	1.136	0	1	0	0.275	up	2871149	source/effects_batch_001.json.gz
ENSG00000174444	RPL4	36516485	GSE167186	ctx_e81eac8c401a	Unkown 6	NA	NA	0	17	19	90	0.002	0.002	1.106	0	1	0	0.110	up	2848552	source/effects_batch_001.json.gz
ENSG00000067704	IARS2	36516485	GSE167186	ctx_0234b64ace9c	All Cells,  Skeletal Muscle	NA	NA	1	17	19	90	-0.001	-0.001	1.072	0	1	0	-0.055	down	2753007	source/effects_batch_001.json.gz
ENSG00000067704	IARS2	36516485	GSE167186	ctx_0fd5032b2b0c	Adventitial cell 8	Mesenchymal stem cell	Myogenic endothelial cell	0	17	19	90	-0.002	-0.002	1.095	0	1	0	-0.110	down	2732171	source/effects_batch_001.json.gz
ENSG00000067704	IARS2	36516485	GSE167186	ctx_1f3e2a4066d7	Adventitial cell 2	Mesenchymal stem cell	Myogenic endothelial cell	0	17	19	90	-0.001	-0.001	1.108	0	1	0	-0.055	down	2661459	source/effects_batch_001.json.gz
ENSG00000067704	IARS2	36516485	GSE167186	ctx_238c34ecff52	Unkown	NA	NA	0	17	19	90	0.001	0.001	1.062	0	1	0	0.055	up	2875058	source/effects_batch_001.json.gz
ENSG00000067704	IARS2	36516485	GSE167186	ctx_3c1aedecb8ec	Adventitial cell 7	Mesenchymal stem cell	Myogenic endothelial cell	0	17	19	90	0.002	0.002	1.162	0	1	0	0.110	up	2720503	source/effects_batch_001.json.gz
ENSG00000067704	IARS2	36516485	GSE167186	ctx_416833ac90ca	Mesenchymal stem cell 3	Adventitial cell	Mesenchymal stromal cell	0	17	19	90	-0.001	-0.001	1.025	0	1	0	-0.055	down	2775516	source/effects_batch_001.json.gz
ENSG00000067704	IARS2	36516485	GSE167186	ctx_51a23717b452	Mesenchymal stem cell	Pericyte	NA	0	17	19	90	0.001	0.001	1.072	0	1	0	0.055	up	2786189	source/effects_batch_001.json.gz
ENSG00000067704	IARS2	36516485	GSE167186	ctx_5243fb2c6d5c	Adventitial cell 4	Mesenchymal stem cell	Muscle-derived cell	0	17	19	90	-0.003	-0.003	1.076	0	1	0	-0.165	down	2685214	source/effects_batch_001.json.gz
ENSG00000067704	IARS2	36516485	GSE167186	ctx_5da05f63762a	Unkown 4	NA	NA	0	17	19	90	-0.001	-0.001	1.060	0	1	0	-0.055	down	2819196	source/effects_batch_001.json.gz
ENSG00000067704	IARS2	36516485	GSE167186	ctx_66b8877333b1	Adventitial cell 3	Mesenchymal stem cell	Myogenic endothelial cell	0	17	19	90	0.001	0.001	1.049	0	1	0	0.055	up	2673275	source/effects_batch_001.json.gz
ENSG00000067704	IARS2	36516485	GSE167186	ctx_926384c8242b	Unkown 5	NA	NA	0	17	19	90	0.000	0.000	1.070	0	1	0	0.000	rounded_zero	2830138	source/effects_batch_001.json.gz
ENSG00000067704	IARS2	36516485	GSE167186	ctx_93986af51167	Adventitial cell 5	Mesenchymal stem cell	Muscle-derived cell	0	17	19	90	0.000	0.000	1.082	0	1	0	0.000	rounded_zero	2697040	source/effects_batch_001.json.gz
ENSG00000067704	IARS2	36516485	GSE167186	ctx_9aa0a69d626d	Adventitial cell 6	Mesenchymal stem cell	Myogenic endothelial cell	0	17	19	90	0.003	0.003	1.045	0	1	0	0.165	up	2708839	source/effects_batch_001.json.gz
ENSG00000067704	IARS2	36516485	GSE167186	ctx_bfd71711437a	Unkown 2	NA	NA	0	17	19	90	-0.001	-0.001	1.056	0	1	0	-0.055	down	2797919	source/effects_batch_001.json.gz
ENSG00000067704	IARS2	36516485	GSE167186	ctx_c138321e7ebd	Unkown 3	NA	NA	0	17	19	90	0.000	0.000	1.086	0	1	0	0.000	rounded_zero	2808289	source/effects_batch_001.json.gz
ENSG00000067704	IARS2	36516485	GSE167186	ctx_c157cf74c34b	Mesenchymal stem cell 2	Adventitial cell	Mesenchymal stromal cell	0	17	19	90	-0.004	-0.004	1.138	0	1	0	-0.220	down	2764613	source/effects_batch_001.json.gz
ENSG00000067704	IARS2	36516485	GSE167186	ctx_d30649d2fd62	Unkown 7	NA	NA	0	17	19	90	-0.001	-0.001	1.074	0	1	0	-0.055	down	2852617	source/effects_batch_001.json.gz
ENSG00000067704	IARS2	36516485	GSE167186	ctx_d78029928f98	Adventitial cell	Mesenchymal stem cell	Muscle-derived cell	0	17	19	90	0.004	0.004	1.068	0	1	0	0.220	up	2742159	source/effects_batch_001.json.gz
ENSG00000067704	IARS2	36516485	GSE167186	ctx_e129c8e975de	Unkown 8	NA	NA	0	17	19	90	0.008	0.008	1.125	0	1	0	0.440	up	2863598	source/effects_batch_001.json.gz
ENSG00000067704	IARS2	36516485	GSE167186	ctx_e81eac8c401a	Unkown 6	NA	NA	0	17	19	90	-0.001	-0.001	1.080	0	1	0	-0.055	down	2840592	source/effects_batch_001.json.gz
ENSG00000092068	SLC7A8	36516485	GSE167186	ctx_0234b64ace9c	All Cells,  Skeletal Muscle	NA	NA	1	17	19	90	-0.003	-0.003	1.072	0	1	0	-0.165	down	2753681	source/effects_batch_001.json.gz
ENSG00000092068	SLC7A8	36516485	GSE167186	ctx_1f3e2a4066d7	Adventitial cell 2	Mesenchymal stem cell	Myogenic endothelial cell	0	17	19	90	-0.002	-0.002	1.048	0	1	0	-0.110	down	2662132	source/effects_batch_001.json.gz
ENSG00000092068	SLC7A8	36516485	GSE167186	ctx_238c34ecff52	Unkown	NA	NA	0	17	19	90	-0.005	-0.005	1.072	0	1	0	-0.275	down	2875654	source/effects_batch_001.json.gz
ENSG00000092068	SLC7A8	36516485	GSE167186	ctx_3c1aedecb8ec	Adventitial cell 7	Mesenchymal stem cell	Myogenic endothelial cell	0	17	19	90	-0.015	-0.015	1.200	0	1	0	-0.825	down	2721176	source/effects_batch_001.json.gz
ENSG00000092068	SLC7A8	36516485	GSE167186	ctx_416833ac90ca	Mesenchymal stem cell 3	Adventitial cell	Mesenchymal stromal cell	0	17	19	90	0.003	0.003	1.182	0	1	0	0.165	up	2776135	source/effects_batch_001.json.gz
ENSG00000092068	SLC7A8	36516485	GSE167186	ctx_51a23717b452	Mesenchymal stem cell	Pericyte	NA	0	17	19	90	-0.004	-0.004	1.072	0	1	0	-0.220	down	2786853	source/effects_batch_001.json.gz
ENSG00000092068	SLC7A8	36516485	GSE167186	ctx_5243fb2c6d5c	Adventitial cell 4	Mesenchymal stem cell	Muscle-derived cell	0	17	19	90	-0.001	-0.001	1.103	0	1	0	-0.055	down	2685888	source/effects_batch_001.json.gz
ENSG00000092068	SLC7A8	36516485	GSE167186	ctx_5da05f63762a	Unkown 4	NA	NA	0	17	19	90	-0.002	-0.002	1.070	0	1	0	-0.110	down	2819827	source/effects_batch_001.json.gz
ENSG00000092068	SLC7A8	36516485	GSE167186	ctx_66b8877333b1	Adventitial cell 3	Mesenchymal stem cell	Myogenic endothelial cell	0	17	19	90	-0.002	-0.002	1.114	0	1	0	-0.110	down	2673955	source/effects_batch_001.json.gz
ENSG00000092068	SLC7A8	36516485	GSE167186	ctx_926384c8242b	Unkown 5	NA	NA	0	17	19	90	-0.002	-0.002	1.044	0	1	0	-0.110	down	2830749	source/effects_batch_001.json.gz
ENSG00000092068	SLC7A8	36516485	GSE167186	ctx_93986af51167	Adventitial cell 5	Mesenchymal stem cell	Muscle-derived cell	0	17	19	90	0.000	0.000	1.038	0	1	0	0.000	rounded_zero	2697706	source/effects_batch_001.json.gz
ENSG00000092068	SLC7A8	36516485	GSE167186	ctx_9aa0a69d626d	Adventitial cell 6	Mesenchymal stem cell	Myogenic endothelial cell	0	17	19	90	-0.010	-0.010	1.091	0	1	0	-0.550	down	2709506	source/effects_batch_001.json.gz
ENSG00000092068	SLC7A8	36516485	GSE167186	ctx_bfd71711437a	Unkown 2	NA	NA	0	17	19	90	-0.003	-0.003	1.048	0	1	0	-0.165	down	2798516	source/effects_batch_001.json.gz
ENSG00000092068	SLC7A8	36516485	GSE167186	ctx_c138321e7ebd	Unkown 3	NA	NA	0	17	19	90	-0.003	-0.003	1.134	0	1	0	-0.165	down	2808917	source/effects_batch_001.json.gz
ENSG00000092068	SLC7A8	36516485	GSE167186	ctx_c157cf74c34b	Mesenchymal stem cell 2	Adventitial cell	Mesenchymal stromal cell	0	17	19	90	-0.010	-0.010	1.052	0	1	0	-0.550	down	2765232	source/effects_batch_001.json.gz
ENSG00000092068	SLC7A8	36516485	GSE167186	ctx_d30649d2fd62	Unkown 7	NA	NA	0	17	19	90	-0.005	-0.005	1.134	0	1	0	-0.275	down	2853245	source/effects_batch_001.json.gz
ENSG00000092068	SLC7A8	36516485	GSE167186	ctx_d78029928f98	Adventitial cell	Mesenchymal stem cell	Muscle-derived cell	0	17	19	90	-0.008	-0.008	1.030	0	1	0	-0.440	down	2742777	source/effects_batch_001.json.gz
ENSG00000092068	SLC7A8	36516485	GSE167186	ctx_e129c8e975de	Unkown 8	NA	NA	0	17	19	90	-0.003	-0.003	1.136	0	1	0	-0.165	down	2864253	source/effects_batch_001.json.gz
ENSG00000092068	SLC7A8	36516485	GSE167186	ctx_e81eac8c401a	Unkown 6	NA	NA	0	17	19	90	-0.005	-0.005	1.059	0	1	0	-0.275	down	2841277	source/effects_batch_001.json.gz
ENSG00000086015	MAST2	36516485	GSE167186	ctx_0234b64ace9c	All Cells,  Skeletal Muscle	NA	NA	1	17	19	90	0.000	0.000	1.176	0	1	0	0.000	rounded_zero	2753490	source/effects_batch_001.json.gz
ENSG00000086015	MAST2	36516485	GSE167186	ctx_0fd5032b2b0c	Adventitial cell 8	Mesenchymal stem cell	Myogenic endothelial cell	0	17	19	90	0.005	0.005	1.182	0	1	0	0.275	up	2732623	source/effects_batch_001.json.gz
ENSG00000086015	MAST2	36516485	GSE167186	ctx_1f3e2a4066d7	Adventitial cell 2	Mesenchymal stem cell	Myogenic endothelial cell	0	17	19	90	0.003	0.003	1.174	0	1	0	0.165	up	2661940	source/effects_batch_001.json.gz
ENSG00000086015	MAST2	36516485	GSE167186	ctx_238c34ecff52	Unkown	NA	NA	0	17	19	90	-0.001	-0.001	1.158	0	1	0	-0.055	down	2875489	source/effects_batch_001.json.gz
ENSG00000086015	MAST2	36516485	GSE167186	ctx_3c1aedecb8ec	Adventitial cell 7	Mesenchymal stem cell	Myogenic endothelial cell	0	17	19	90	-0.006	-0.006	1.091	0	1	0	-0.330	down	2720986	source/effects_batch_001.json.gz
ENSG00000086015	MAST2	36516485	GSE167186	ctx_416833ac90ca	Mesenchymal stem cell 3	Adventitial cell	Mesenchymal stromal cell	0	17	19	90	0.005	0.005	1.170	0	1	0	0.275	up	2775961	source/effects_batch_001.json.gz
ENSG00000086015	MAST2	36516485	GSE167186	ctx_51a23717b452	Mesenchymal stem cell	Pericyte	NA	0	17	19	90	-0.001	-0.001	1.112	0	1	0	-0.055	down	2786665	source/effects_batch_001.json.gz
ENSG00000086015	MAST2	36516485	GSE167186	ctx_5243fb2c6d5c	Adventitial cell 4	Mesenchymal stem cell	Muscle-derived cell	0	17	19	90	-0.002	-0.002	1.131	0	1	0	-0.110	down	2685698	source/effects_batch_001.json.gz
ENSG00000086015	MAST2	36516485	GSE167186	ctx_5da05f63762a	Unkown 4	NA	NA	0	17	19	90	0.002	0.002	1.260	0	1	0	0.110	up	2819650	source/effects_batch_001.json.gz
ENSG00000086015	MAST2	36516485	GSE167186	ctx_66b8877333b1	Adventitial cell 3	Mesenchymal stem cell	Myogenic endothelial cell	0	17	19	90	0.001	0.001	1.123	0	1	0	0.055	up	2673761	source/effects_batch_001.json.gz
ENSG00000086015	MAST2	36516485	GSE167186	ctx_926384c8242b	Unkown 5	NA	NA	0	17	19	90	-0.001	-0.001	1.136	0	1	0	-0.055	down	2830576	source/effects_batch_001.json.gz
ENSG00000086015	MAST2	36516485	GSE167186	ctx_93986af51167	Adventitial cell 5	Mesenchymal stem cell	Muscle-derived cell	0	17	19	90	-0.002	-0.002	1.132	0	1	0	-0.110	down	2697514	source/effects_batch_001.json.gz
ENSG00000086015	MAST2	36516485	GSE167186	ctx_9aa0a69d626d	Adventitial cell 6	Mesenchymal stem cell	Myogenic endothelial cell	0	17	19	90	-0.002	-0.002	1.156	0	1	0	-0.110	down	2709316	source/effects_batch_001.json.gz
ENSG00000086015	MAST2	36516485	GSE167186	ctx_bfd71711437a	Unkown 2	NA	NA	0	17	19	90	0.001	0.001	1.182	0	1	0	0.055	up	2798349	source/effects_batch_001.json.gz
ENSG00000086015	MAST2	36516485	GSE167186	ctx_c138321e7ebd	Unkown 3	NA	NA	0	17	19	90	0.001	0.001	1.256	0	1	0	0.055	up	2808742	source/effects_batch_001.json.gz
ENSG00000086015	MAST2	36516485	GSE167186	ctx_c157cf74c34b	Mesenchymal stem cell 2	Adventitial cell	Mesenchymal stromal cell	0	17	19	90	0.009	0.009	1.241	0	1	0	0.495	up	2765059	source/effects_batch_001.json.gz
ENSG00000086015	MAST2	36516485	GSE167186	ctx_d30649d2fd62	Unkown 7	NA	NA	0	17	19	90	-0.001	-0.001	1.278	0	1	0	-0.055	down	2853069	source/effects_batch_001.json.gz
ENSG00000086015	MAST2	36516485	GSE167186	ctx_d78029928f98	Adventitial cell	Mesenchymal stem cell	Muscle-derived cell	0	17	19	90	-0.001	-0.001	1.166	0	1	0	-0.055	down	2742603	source/effects_batch_001.json.gz
ENSG00000086015	MAST2	36516485	GSE167186	ctx_e129c8e975de	Unkown 8	NA	NA	0	17	19	90	0.002	0.002	1.308	0	1	0	0.110	up	2864066	source/effects_batch_001.json.gz
ENSG00000086015	MAST2	36516485	GSE167186	ctx_e81eac8c401a	Unkown 6	NA	NA	0	17	19	90	-0.003	-0.003	1.130	0	1	0	-0.165	down	2841082	source/effects_batch_001.json.gz
ENSG00000143158	MPC2	36516485	GSE167186	ctx_0234b64ace9c	All Cells,  Skeletal Muscle	NA	NA	1	17	19	90	0.002	0.002	1.044	0	1	0	0.110	up	2757791	source/effects_batch_001.json.gz
ENSG00000143158	MPC2	36516485	GSE167186	ctx_0fd5032b2b0c	Adventitial cell 8	Mesenchymal stem cell	Myogenic endothelial cell	0	17	19	90	0.005	0.005	1.000	0	1	0	0.275	up	2736407	source/effects_batch_001.json.gz
ENSG00000143158	MPC2	36516485	GSE167186	ctx_1f3e2a4066d7	Adventitial cell 2	Mesenchymal stem cell	Myogenic endothelial cell	0	17	19	90	0.005	0.005	1.049	0	1	0	0.275	up	2666266	source/effects_batch_001.json.gz
ENSG00000143158	MPC2	36516485	GSE167186	ctx_238c34ecff52	Unkown	NA	NA	0	17	19	90	0.000	0.000	1.038	0	1	0	0.000	rounded_zero	2879283	source/effects_batch_001.json.gz
ENSG00000143158	MPC2	36516485	GSE167186	ctx_3c1aedecb8ec	Adventitial cell 7	Mesenchymal stem cell	Myogenic endothelial cell	0	17	19	90	0.006	0.006	1.037	0	1	0	0.330	up	2725293	source/effects_batch_001.json.gz
ENSG00000143158	MPC2	36516485	GSE167186	ctx_416833ac90ca	Mesenchymal stem cell 3	Adventitial cell	Mesenchymal stromal cell	0	17	19	90	-0.013	-0.013	1.056	0	1	0	-0.715	down	2779925	source/effects_batch_001.json.gz
ENSG00000143158	MPC2	36516485	GSE167186	ctx_51a23717b452	Mesenchymal stem cell	Pericyte	NA	0	17	19	90	0.005	0.005	1.035	0	1	0	0.275	up	2790983	source/effects_batch_001.json.gz
ENSG00000143158	MPC2	36516485	GSE167186	ctx_5243fb2c6d5c	Adventitial cell 4	Mesenchymal stem cell	Muscle-derived cell	0	17	19	90	-0.001	-0.001	1.066	0	1	0	-0.055	down	2690026	source/effects_batch_001.json.gz
ENSG00000143158	MPC2	36516485	GSE167186	ctx_5da05f63762a	Unkown 4	NA	NA	0	17	19	90	0.001	0.001	1.078	0	1	0	0.055	up	2823644	source/effects_batch_001.json.gz
ENSG00000143158	MPC2	36516485	GSE167186	ctx_66b8877333b1	Adventitial cell 3	Mesenchymal stem cell	Myogenic endothelial cell	0	17	19	90	0.008	0.008	1.089	0	1	0	0.440	up	2678150	source/effects_batch_001.json.gz
ENSG00000143158	MPC2	36516485	GSE167186	ctx_926384c8242b	Unkown 5	NA	NA	0	17	19	90	0.001	0.001	1.100	0	1	0	0.055	up	2834481	source/effects_batch_001.json.gz
ENSG00000143158	MPC2	36516485	GSE167186	ctx_93986af51167	Adventitial cell 5	Mesenchymal stem cell	Muscle-derived cell	0	17	19	90	0.001	0.001	1.024	0	1	0	0.055	up	2701857	source/effects_batch_001.json.gz
ENSG00000143158	MPC2	36516485	GSE167186	ctx_9aa0a69d626d	Adventitial cell 6	Mesenchymal stem cell	Myogenic endothelial cell	0	17	19	90	-0.004	-0.004	1.026	0	1	0	-0.220	down	2713607	source/effects_batch_001.json.gz
ENSG00000143158	MPC2	36516485	GSE167186	ctx_bfd71711437a	Unkown 2	NA	NA	0	17	19	90	0.000	0.000	1.046	0	1	0	0.000	rounded_zero	2802169	source/effects_batch_001.json.gz
ENSG00000143158	MPC2	36516485	GSE167186	ctx_c138321e7ebd	Unkown 3	NA	NA	0	17	19	90	0.001	0.001	1.044	0	1	0	0.055	up	2812738	source/effects_batch_001.json.gz
ENSG00000143158	MPC2	36516485	GSE167186	ctx_c157cf74c34b	Mesenchymal stem cell 2	Adventitial cell	Mesenchymal stromal cell	0	17	19	90	-0.003	-0.003	1.034	0	1	0	-0.165	down	2769042	source/effects_batch_001.json.gz
ENSG00000143158	MPC2	36516485	GSE167186	ctx_d30649d2fd62	Unkown 7	NA	NA	0	17	19	90	0.003	0.003	1.055	0	1	0	0.165	up	2857098	source/effects_batch_001.json.gz
ENSG00000143158	MPC2	36516485	GSE167186	ctx_d78029928f98	Adventitial cell	Mesenchymal stem cell	Muscle-derived cell	0	17	19	90	0.007	0.007	1.033	0	1	0	0.385	up	2746598	source/effects_batch_001.json.gz
ENSG00000143158	MPC2	36516485	GSE167186	ctx_e129c8e975de	Unkown 8	NA	NA	0	17	19	90	-0.002	-0.002	1.061	0	1	0	-0.110	down	2868224	source/effects_batch_001.json.gz
ENSG00000143158	MPC2	36516485	GSE167186	ctx_e81eac8c401a	Unkown 6	NA	NA	0	17	19	90	-0.002	-0.002	1.053	0	1	0	-0.110	down	2845484	source/effects_batch_001.json.gz
ENSG00000162511	LAPTM5	36516485	GSE167186	ctx_1f3e2a4066d7	Adventitial cell 2	Mesenchymal stem cell	Myogenic endothelial cell	0	17	19	90	-0.004	-0.004	1.000	0	1	0	-0.220	down	2667686	source/effects_batch_001.json.gz
ENSG00000162511	LAPTM5	36516485	GSE167186	ctx_3c1aedecb8ec	Adventitial cell 7	Mesenchymal stem cell	Myogenic endothelial cell	0	17	19	90	0.011	0.011	1.000	0	1	0	0.605	up	2726711	source/effects_batch_001.json.gz
ENSG00000162511	LAPTM5	36516485	GSE167186	ctx_416833ac90ca	Mesenchymal stem cell 3	Adventitial cell	Mesenchymal stromal cell	0	17	19	90	-0.003	-0.003	1.033	0	1	0	-0.165	down	2781215	source/effects_batch_001.json.gz
ENSG00000162511	LAPTM5	36516485	GSE167186	ctx_66b8877333b1	Adventitial cell 3	Mesenchymal stem cell	Myogenic endothelial cell	0	17	19	90	-0.011	-0.011	1.094	0	1	0	-0.605	down	2679615	source/effects_batch_001.json.gz
ENSG00000162511	LAPTM5	36516485	GSE167186	ctx_9aa0a69d626d	Adventitial cell 6	Mesenchymal stem cell	Myogenic endothelial cell	0	17	19	90	0.004	0.004	1.140	0	1	0	0.220	up	2715009	source/effects_batch_001.json.gz
ENSG00000172578	KLHL6	36516485	GSE167186	ctx_1f3e2a4066d7	Adventitial cell 2	Mesenchymal stem cell	Myogenic endothelial cell	0	17	19	90	-0.009	-0.009	1.059	0	1	0	-0.495	down	2669072	source/effects_batch_001.json.gz
ENSG00000172578	KLHL6	36516485	GSE167186	ctx_3c1aedecb8ec	Adventitial cell 7	Mesenchymal stem cell	Myogenic endothelial cell	0	17	19	90	-0.004	-0.004	1.077	0	1	0	-0.220	down	2728094	source/effects_batch_001.json.gz
ENSG00000172578	KLHL6	36516485	GSE167186	ctx_416833ac90ca	Mesenchymal stem cell 3	Adventitial cell	Mesenchymal stromal cell	0	17	19	90	-0.002	-0.002	1.053	0	1	0	-0.110	down	2782464	source/effects_batch_001.json.gz
ENSG00000172578	KLHL6	36516485	GSE167186	ctx_66b8877333b1	Adventitial cell 3	Mesenchymal stem cell	Myogenic endothelial cell	0	17	19	90	-0.006	-0.006	1.069	0	1	0	-0.330	down	2681021	source/effects_batch_001.json.gz
ENSG00000172578	KLHL6	36516485	GSE167186	ctx_9aa0a69d626d	Adventitial cell 6	Mesenchymal stem cell	Myogenic endothelial cell	0	17	19	90	0.004	0.004	1.107	0	1	0	0.220	up	2716376	source/effects_batch_001.json.gz
ENSG00000172578	KLHL6	36516485	GSE167186	ctx_c157cf74c34b	Mesenchymal stem cell 2	Adventitial cell	Mesenchymal stromal cell	0	17	19	90	-0.001	-0.001	1.200	0	1	0	-0.055	down	2771661	source/effects_batch_001.json.gz
ENSG00000172578	KLHL6	36516485	GSE167186	ctx_e129c8e975de	Unkown 8	NA	NA	0	17	19	90	0.001	0.001	1.053	0	1	0	0.055	up	2870972	source/effects_batch_001.json.gz
ENSG00000186628	FSD2	36516485	GSE167186	ctx_0234b64ace9c	All Cells,  Skeletal Muscle	NA	NA	1	17	19	90	-0.007	-0.007	1.302	0	1	0	-0.385	down	2761728	source/effects_batch_001.json.gz
ENSG00000186628	FSD2	36516485	GSE167186	ctx_0fd5032b2b0c	Adventitial cell 8	Mesenchymal stem cell	Myogenic endothelial cell	0	17	19	90	-0.002	-0.002	1.150	0	1	0	-0.110	down	2739750	source/effects_batch_001.json.gz
ENSG00000186628	FSD2	36516485	GSE167186	ctx_1f3e2a4066d7	Adventitial cell 2	Mesenchymal stem cell	Myogenic endothelial cell	0	17	19	90	-0.004	-0.004	1.236	0	1	0	-0.220	down	2670239	source/effects_batch_001.json.gz
ENSG00000186628	FSD2	36516485	GSE167186	ctx_238c34ecff52	Unkown	NA	NA	0	17	19	90	-0.008	-0.008	1.302	0	1	0	-0.440	down	2882746	source/effects_batch_001.json.gz
ENSG00000186628	FSD2	36516485	GSE167186	ctx_3c1aedecb8ec	Adventitial cell 7	Mesenchymal stem cell	Myogenic endothelial cell	0	17	19	90	-0.004	-0.004	1.200	0	1	0	-0.220	down	2729244	source/effects_batch_001.json.gz
ENSG00000186628	FSD2	36516485	GSE167186	ctx_416833ac90ca	Mesenchymal stem cell 3	Adventitial cell	Mesenchymal stromal cell	0	17	19	90	-0.003	-0.003	1.292	0	1	0	-0.165	down	2783508	source/effects_batch_001.json.gz
ENSG00000186628	FSD2	36516485	GSE167186	ctx_51a23717b452	Mesenchymal stem cell	Pericyte	NA	0	17	19	90	-0.003	-0.003	1.329	0	1	0	-0.165	down	2794974	source/effects_batch_001.json.gz
ENSG00000186628	FSD2	36516485	GSE167186	ctx_5243fb2c6d5c	Adventitial cell 4	Mesenchymal stem cell	Muscle-derived cell	0	17	19	90	-0.004	-0.004	1.350	0	1	0	-0.220	down	2693995	source/effects_batch_001.json.gz
ENSG00000186628	FSD2	36516485	GSE167186	ctx_5da05f63762a	Unkown 4	NA	NA	0	17	19	90	-0.007	-0.007	1.446	0.113734179746143	0.76960134894318377	0	-0.385	down	2827330	source/effects_batch_001.json.gz
ENSG00000186628	FSD2	36516485	GSE167186	ctx_66b8877333b1	Adventitial cell 3	Mesenchymal stem cell	Myogenic endothelial cell	0	17	19	90	-0.009	-0.009	1.274	0	1	0	-0.495	down	2682192	source/effects_batch_001.json.gz
ENSG00000186628	FSD2	36516485	GSE167186	ctx_926384c8242b	Unkown 5	NA	NA	0	17	19	90	-0.006	-0.006	1.170	0	1	0	-0.330	down	2837996	source/effects_batch_001.json.gz
ENSG00000186628	FSD2	36516485	GSE167186	ctx_93986af51167	Adventitial cell 5	Mesenchymal stem cell	Muscle-derived cell	0	17	19	90	-0.011	-0.011	1.171	0	1	0	-0.605	down	2705853	source/effects_batch_001.json.gz
ENSG00000186628	FSD2	36516485	GSE167186	ctx_9aa0a69d626d	Adventitial cell 6	Mesenchymal stem cell	Myogenic endothelial cell	0	17	19	90	-0.009	-0.009	1.244	0	1	0	-0.495	down	2717512	source/effects_batch_001.json.gz
ENSG00000186628	FSD2	36516485	GSE167186	ctx_bfd71711437a	Unkown 2	NA	NA	0	17	19	90	-0.009	-0.009	1.314	0.996029590275365	0.10091841238549704	0	-0.495	down	2805652	source/effects_batch_001.json.gz
ENSG00000186628	FSD2	36516485	GSE167186	ctx_c138321e7ebd	Unkown 3	NA	NA	0	17	19	90	-0.006	-0.006	1.376	0	1	0	-0.330	down	2816403	source/effects_batch_001.json.gz
ENSG00000186628	FSD2	36516485	GSE167186	ctx_c157cf74c34b	Mesenchymal stem cell 2	Adventitial cell	Mesenchymal stromal cell	0	17	19	90	-0.004	-0.004	1.285	0	1	0	-0.220	down	2772738	source/effects_batch_001.json.gz
ENSG00000186628	FSD2	36516485	GSE167186	ctx_d30649d2fd62	Unkown 7	NA	NA	0	17	19	90	-0.008	-0.008	1.436	0	1	0	-0.440	down	2860775	source/effects_batch_001.json.gz
ENSG00000186628	FSD2	36516485	GSE167186	ctx_d78029928f98	Adventitial cell	Mesenchymal stem cell	Muscle-derived cell	0	17	19	90	-0.010	-0.010	1.196	0	1	0	-0.550	down	2750230	source/effects_batch_001.json.gz
ENSG00000186628	FSD2	36516485	GSE167186	ctx_e129c8e975de	Unkown 8	NA	NA	0	17	19	90	-0.006	-0.006	1.411	0	1	0	-0.330	down	2872104	source/effects_batch_001.json.gz
ENSG00000186628	FSD2	36516485	GSE167186	ctx_e81eac8c401a	Unkown 6	NA	NA	0	17	19	90	-0.006	-0.006	1.246	0	1	0	-0.330	down	2849574	source/effects_batch_001.json.gz
ENSG00000150782	IL18	36516485	GSE167186	ctx_0234b64ace9c	All Cells,  Skeletal Muscle	NA	NA	1	17	19	90	0.010	0.010	1.194	0	1	0	0.550	up	2758398	source/effects_batch_001.json.gz
ENSG00000150782	IL18	36516485	GSE167186	ctx_1f3e2a4066d7	Adventitial cell 2	Mesenchymal stem cell	Myogenic endothelial cell	0	17	19	90	0.007	0.007	1.091	0	1	0	0.385	up	2666866	source/effects_batch_001.json.gz
ENSG00000150782	IL18	36516485	GSE167186	ctx_238c34ecff52	Unkown	NA	NA	0	17	19	90	0.008	0.008	1.142	0	1	0	0.440	up	2879825	source/effects_batch_001.json.gz
ENSG00000150782	IL18	36516485	GSE167186	ctx_416833ac90ca	Mesenchymal stem cell 3	Adventitial cell	Mesenchymal stromal cell	0	17	19	90	0.000	0.000	1.076	0	1	0	0.000	rounded_zero	2780482	source/effects_batch_001.json.gz
ENSG00000150782	IL18	36516485	GSE167186	ctx_51a23717b452	Mesenchymal stem cell	Pericyte	NA	0	17	19	90	0.016	0.016	1.071	0	1	0	0.880	up	2791591	source/effects_batch_001.json.gz
ENSG00000150782	IL18	36516485	GSE167186	ctx_5243fb2c6d5c	Adventitial cell 4	Mesenchymal stem cell	Muscle-derived cell	0	17	19	90	0.005	0.005	1.053	0	1	0	0.275	up	2690643	source/effects_batch_001.json.gz
ENSG00000150782	IL18	36516485	GSE167186	ctx_5da05f63762a	Unkown 4	NA	NA	0	17	19	90	0.003	0.003	1.091	0	1	0	0.165	up	2824209	source/effects_batch_001.json.gz
ENSG00000150782	IL18	36516485	GSE167186	ctx_66b8877333b1	Adventitial cell 3	Mesenchymal stem cell	Myogenic endothelial cell	0	17	19	90	0.002	0.002	1.074	0	1	0	0.110	up	2678768	source/effects_batch_001.json.gz
ENSG00000150782	IL18	36516485	GSE167186	ctx_926384c8242b	Unkown 5	NA	NA	0	17	19	90	0.009	0.009	1.054	0	1	0	0.495	up	2835033	source/effects_batch_001.json.gz
ENSG00000150782	IL18	36516485	GSE167186	ctx_93986af51167	Adventitial cell 5	Mesenchymal stem cell	Muscle-derived cell	0	17	19	90	0.008	0.008	1.234	0	1	0	0.440	up	2702476	source/effects_batch_001.json.gz
ENSG00000150782	IL18	36516485	GSE167186	ctx_9aa0a69d626d	Adventitial cell 6	Mesenchymal stem cell	Myogenic endothelial cell	0	17	19	90	-0.022	-0.022	1.000	0	1	0	-1.210	down	2714206	source/effects_batch_001.json.gz
ENSG00000150782	IL18	36516485	GSE167186	ctx_bfd71711437a	Unkown 2	NA	NA	0	17	19	90	0.004	0.004	1.075	0	1	0	0.220	up	2802715	source/effects_batch_001.json.gz
ENSG00000150782	IL18	36516485	GSE167186	ctx_c138321e7ebd	Unkown 3	NA	NA	0	17	19	90	0.011	0.011	1.086	0	1	0	0.605	up	2813303	source/effects_batch_001.json.gz
ENSG00000150782	IL18	36516485	GSE167186	ctx_c157cf74c34b	Mesenchymal stem cell 2	Adventitial cell	Mesenchymal stromal cell	0	17	19	90	0.031	0.031	2.024	0	1	0	1.705	up	2769618	source/effects_batch_001.json.gz
ENSG00000150782	IL18	36516485	GSE167186	ctx_d30649d2fd62	Unkown 7	NA	NA	0	17	19	90	0.009	0.009	1.148	0	1	0	0.495	up	2857667	source/effects_batch_001.json.gz
ENSG00000150782	IL18	36516485	GSE167186	ctx_d78029928f98	Adventitial cell	Mesenchymal stem cell	Muscle-derived cell	0	17	19	90	0.000	0.000	1.314	0	1	0	0.000	rounded_zero	2747170	source/effects_batch_001.json.gz
ENSG00000150782	IL18	36516485	GSE167186	ctx_e129c8e975de	Unkown 8	NA	NA	0	17	19	90	0.007	0.007	1.105	0	1	0	0.385	up	2868833	source/effects_batch_001.json.gz
ENSG00000150782	IL18	36516485	GSE167186	ctx_e81eac8c401a	Unkown 6	NA	NA	0	17	19	90	0.022	0.022	1.143	0.00315135381386153	0.99277000277998495	0	1.210	up	2846109	source/effects_batch_001.json.gz
ENSG00000182568	SATB1	36516485	GSE167186	ctx_0234b64ace9c	All Cells,  Skeletal Muscle	NA	NA	1	17	19	90	0.003	0.003	1.108	0	1	0	0.165	up	2761356	source/effects_batch_001.json.gz
ENSG00000182568	SATB1	36516485	GSE167186	ctx_0fd5032b2b0c	Adventitial cell 8	Mesenchymal stem cell	Myogenic endothelial cell	0	17	19	90	0.000	0.000	1.000	0	1	0	0.000	rounded_zero	2739469	source/effects_batch_001.json.gz
ENSG00000182568	SATB1	36516485	GSE167186	ctx_1f3e2a4066d7	Adventitial cell 2	Mesenchymal stem cell	Myogenic endothelial cell	0	17	19	90	-0.003	-0.003	1.089	0	1	0	-0.165	down	2669871	source/effects_batch_001.json.gz
ENSG00000182568	SATB1	36516485	GSE167186	ctx_238c34ecff52	Unkown	NA	NA	0	17	19	90	0.004	0.004	1.108	0	1	0	0.220	up	2882426	source/effects_batch_001.json.gz
ENSG00000182568	SATB1	36516485	GSE167186	ctx_3c1aedecb8ec	Adventitial cell 7	Mesenchymal stem cell	Myogenic endothelial cell	0	17	19	90	0.003	0.003	1.047	0	1	0	0.165	up	2728882	source/effects_batch_001.json.gz
ENSG00000182568	SATB1	36516485	GSE167186	ctx_416833ac90ca	Mesenchymal stem cell 3	Adventitial cell	Mesenchymal stromal cell	0	17	19	90	0.009	0.009	1.041	0	1	0	0.495	up	2783176	source/effects_batch_001.json.gz
ENSG00000182568	SATB1	36516485	GSE167186	ctx_51a23717b452	Mesenchymal stem cell	Pericyte	NA	0	17	19	90	0.003	0.003	1.081	0	1	0	0.165	up	2794601	source/effects_batch_001.json.gz
ENSG00000182568	SATB1	36516485	GSE167186	ctx_5243fb2c6d5c	Adventitial cell 4	Mesenchymal stem cell	Muscle-derived cell	0	17	19	90	0.005	0.005	1.056	0	1	0	0.275	up	2693625	source/effects_batch_001.json.gz
ENSG00000182568	SATB1	36516485	GSE167186	ctx_5da05f63762a	Unkown 4	NA	NA	0	17	19	90	0.001	0.001	1.114	0	1	0	0.055	up	2826972	source/effects_batch_001.json.gz
ENSG00000182568	SATB1	36516485	GSE167186	ctx_66b8877333b1	Adventitial cell 3	Mesenchymal stem cell	Myogenic endothelial cell	0	17	19	90	0.002	0.002	1.068	0	1	0	0.110	up	2681820	source/effects_batch_001.json.gz
ENSG00000182568	SATB1	36516485	GSE167186	ctx_926384c8242b	Unkown 5	NA	NA	0	17	19	90	0.003	0.003	1.086	0	1	0	0.165	up	2837680	source/effects_batch_001.json.gz
ENSG00000182568	SATB1	36516485	GSE167186	ctx_93986af51167	Adventitial cell 5	Mesenchymal stem cell	Muscle-derived cell	0	17	19	90	0.001	0.001	1.071	0	1	0	0.055	up	2705477	source/effects_batch_001.json.gz
ENSG00000182568	SATB1	36516485	GSE167186	ctx_9aa0a69d626d	Adventitial cell 6	Mesenchymal stem cell	Myogenic endothelial cell	0	17	19	90	-0.003	-0.003	1.122	0	1	0	-0.165	down	2717150	source/effects_batch_001.json.gz
ENSG00000182568	SATB1	36516485	GSE167186	ctx_bfd71711437a	Unkown 2	NA	NA	0	17	19	90	0.005	0.005	1.094	0	1	0	0.275	up	2805327	source/effects_batch_001.json.gz
ENSG00000182568	SATB1	36516485	GSE167186	ctx_c138321e7ebd	Unkown 3	NA	NA	0	17	19	90	0.004	0.004	1.100	0	1	0	0.220	up	2816058	source/effects_batch_001.json.gz
ENSG00000182568	SATB1	36516485	GSE167186	ctx_c157cf74c34b	Mesenchymal stem cell 2	Adventitial cell	Mesenchymal stromal cell	0	17	19	90	-0.003	-0.003	1.103	0	1	0	-0.165	down	2772393	source/effects_batch_001.json.gz
ENSG00000182568	SATB1	36516485	GSE167186	ctx_d30649d2fd62	Unkown 7	NA	NA	0	17	19	90	0.004	0.004	1.134	0	1	0	0.220	up	2860425	source/effects_batch_001.json.gz
ENSG00000182568	SATB1	36516485	GSE167186	ctx_d78029928f98	Adventitial cell	Mesenchymal stem cell	Muscle-derived cell	0	17	19	90	0.004	0.004	1.094	0	1	0	0.220	up	2749892	source/effects_batch_001.json.gz
ENSG00000182568	SATB1	36516485	GSE167186	ctx_e129c8e975de	Unkown 8	NA	NA	0	17	19	90	0.000	0.000	1.182	0	1	0	0.000	rounded_zero	2871740	source/effects_batch_001.json.gz
ENSG00000182568	SATB1	36516485	GSE167186	ctx_e81eac8c401a	Unkown 6	NA	NA	0	17	19	90	0.003	0.003	1.084	0	1	0	0.165	up	2849178	source/effects_batch_001.json.gz
ENSG00000106554	CHCHD3	36516485	GSE167186	ctx_0234b64ace9c	All Cells,  Skeletal Muscle	NA	NA	1	17	19	90	-0.002	-0.002	1.208	0	1	0	-0.110	down	2754550	source/effects_batch_001.json.gz
ENSG00000106554	CHCHD3	36516485	GSE167186	ctx_0fd5032b2b0c	Adventitial cell 8	Mesenchymal stem cell	Myogenic endothelial cell	0	17	19	90	-0.006	-0.006	1.130	0	1	0	-0.330	down	2733556	source/effects_batch_001.json.gz
ENSG00000106554	CHCHD3	36516485	GSE167186	ctx_1f3e2a4066d7	Adventitial cell 2	Mesenchymal stem cell	Myogenic endothelial cell	0	17	19	90	-0.002	-0.002	1.171	0	1	0	-0.110	down	2663020	source/effects_batch_001.json.gz
ENSG00000106554	CHCHD3	36516485	GSE167186	ctx_238c34ecff52	Unkown	NA	NA	0	17	19	90	-0.004	-0.004	1.156	0	1	0	-0.220	down	2876429	source/effects_batch_001.json.gz
ENSG00000106554	CHCHD3	36516485	GSE167186	ctx_3c1aedecb8ec	Adventitial cell 7	Mesenchymal stem cell	Myogenic endothelial cell	0	17	19	90	0.003	0.003	1.175	0	1	0	0.165	up	2722069	source/effects_batch_001.json.gz
ENSG00000106554	CHCHD3	36516485	GSE167186	ctx_416833ac90ca	Mesenchymal stem cell 3	Adventitial cell	Mesenchymal stromal cell	0	17	19	90	-0.004	-0.004	1.177	0	1	0	-0.220	down	2776938	source/effects_batch_001.json.gz
ENSG00000106554	CHCHD3	36516485	GSE167186	ctx_51a23717b452	Mesenchymal stem cell	Pericyte	NA	0	17	19	90	-0.003	-0.003	1.112	0	1	0	-0.165	down	2787736	source/effects_batch_001.json.gz
ENSG00000106554	CHCHD3	36516485	GSE167186	ctx_5243fb2c6d5c	Adventitial cell 4	Mesenchymal stem cell	Muscle-derived cell	0	17	19	90	-0.002	-0.002	1.139	0	1	0	-0.110	down	2686768	source/effects_batch_001.json.gz
ENSG00000106554	CHCHD3	36516485	GSE167186	ctx_5da05f63762a	Unkown 4	NA	NA	0	17	19	90	-0.003	-0.003	1.330	0	1	0	-0.165	down	2820635	source/effects_batch_001.json.gz
ENSG00000106554	CHCHD3	36516485	GSE167186	ctx_66b8877333b1	Adventitial cell 3	Mesenchymal stem cell	Myogenic endothelial cell	0	17	19	90	-0.001	-0.001	1.155	0	1	0	-0.055	down	2674851	source/effects_batch_001.json.gz
ENSG00000106554	CHCHD3	36516485	GSE167186	ctx_926384c8242b	Unkown 5	NA	NA	0	17	19	90	-0.002	-0.002	1.150	0	1	0	-0.110	down	2831538	source/effects_batch_001.json.gz
ENSG00000106554	CHCHD3	36516485	GSE167186	ctx_93986af51167	Adventitial cell 5	Mesenchymal stem cell	Muscle-derived cell	0	17	19	90	-0.004	-0.004	1.053	0	1	0	-0.220	down	2698600	source/effects_batch_001.json.gz
ENSG00000106554	CHCHD3	36516485	GSE167186	ctx_9aa0a69d626d	Adventitial cell 6	Mesenchymal stem cell	Myogenic endothelial cell	0	17	19	90	-0.002	-0.002	1.119	0	1	0	-0.110	down	2710380	source/effects_batch_001.json.gz
ENSG00000106554	CHCHD3	36516485	GSE167186	ctx_bfd71711437a	Unkown 2	NA	NA	0	17	19	90	-0.002	-0.002	1.226	0	1	0	-0.110	down	2799292	source/effects_batch_001.json.gz
ENSG00000106554	CHCHD3	36516485	GSE167186	ctx_c138321e7ebd	Unkown 3	NA	NA	0	17	19	90	-0.004	-0.004	1.234	0	1	0	-0.220	down	2809736	source/effects_batch_001.json.gz
ENSG00000106554	CHCHD3	36516485	GSE167186	ctx_c157cf74c34b	Mesenchymal stem cell 2	Adventitial cell	Mesenchymal stromal cell	0	17	19	90	-0.004	-0.004	1.204	0	1	0	-0.220	down	2766036	source/effects_batch_001.json.gz
ENSG00000106554	CHCHD3	36516485	GSE167186	ctx_d30649d2fd62	Unkown 7	NA	NA	0	17	19	90	-0.003	-0.003	1.262	0	1	0	-0.165	down	2854068	source/effects_batch_001.json.gz
ENSG00000106554	CHCHD3	36516485	GSE167186	ctx_d78029928f98	Adventitial cell	Mesenchymal stem cell	Muscle-derived cell	0	17	19	90	-0.005	-0.005	1.169	0	1	0	-0.275	down	2743591	source/effects_batch_001.json.gz
ENSG00000106554	CHCHD3	36516485	GSE167186	ctx_e129c8e975de	Unkown 8	NA	NA	0	17	19	90	-0.005	-0.005	1.238	0	1	0	-0.275	down	2865085	source/effects_batch_001.json.gz
ENSG00000106554	CHCHD3	36516485	GSE167186	ctx_e81eac8c401a	Unkown 6	NA	NA	0	17	19	90	0.001	0.001	1.106	0	1	0	0.055	up	2842182	source/effects_batch_001.json.gz
ENSG00000125246	CLYBL	36516485	GSE167186	ctx_0234b64ace9c	All Cells,  Skeletal Muscle	NA	NA	1	17	19	90	-0.004	-0.004	1.048	0	1	0	-0.220	down	2756084	source/effects_batch_001.json.gz
ENSG00000125246	CLYBL	36516485	GSE167186	ctx_0fd5032b2b0c	Adventitial cell 8	Mesenchymal stem cell	Myogenic endothelial cell	0	17	19	90	0.010	0.010	1.091	0	1	0	0.550	up	2734933	source/effects_batch_001.json.gz
ENSG00000125246	CLYBL	36516485	GSE167186	ctx_1f3e2a4066d7	Adventitial cell 2	Mesenchymal stem cell	Myogenic endothelial cell	0	17	19	90	-0.004	-0.004	1.036	0	1	0	-0.220	down	2664558	source/effects_batch_001.json.gz
ENSG00000125246	CLYBL	36516485	GSE167186	ctx_238c34ecff52	Unkown	NA	NA	0	17	19	90	-0.006	-0.006	1.032	0	1	0	-0.330	down	2877802	source/effects_batch_001.json.gz
ENSG00000125246	CLYBL	36516485	GSE167186	ctx_3c1aedecb8ec	Adventitial cell 7	Mesenchymal stem cell	Myogenic endothelial cell	0	17	19	90	-0.011	-0.011	1.036	0	1	0	-0.605	down	2723604	source/effects_batch_001.json.gz
ENSG00000125246	CLYBL	36516485	GSE167186	ctx_416833ac90ca	Mesenchymal stem cell 3	Adventitial cell	Mesenchymal stromal cell	0	17	19	90	0.012	0.012	1.000	0	1	0	0.660	up	2778357	source/effects_batch_001.json.gz
ENSG00000125246	CLYBL	36516485	GSE167186	ctx_51a23717b452	Mesenchymal stem cell	Pericyte	NA	0	17	19	90	-0.003	-0.003	1.025	0	1	0	-0.165	down	2789279	source/effects_batch_001.json.gz
ENSG00000125246	CLYBL	36516485	GSE167186	ctx_5243fb2c6d5c	Adventitial cell 4	Mesenchymal stem cell	Muscle-derived cell	0	17	19	90	0.002	0.002	1.041	0	1	0	0.110	up	2688311	source/effects_batch_001.json.gz
ENSG00000125246	CLYBL	36516485	GSE167186	ctx_5da05f63762a	Unkown 4	NA	NA	0	17	19	90	-0.003	-0.003	1.054	0	1	0	-0.165	down	2822070	source/effects_batch_001.json.gz
ENSG00000125246	CLYBL	36516485	GSE167186	ctx_66b8877333b1	Adventitial cell 3	Mesenchymal stem cell	Myogenic endothelial cell	0	17	19	90	0.007	0.007	1.034	0	1	0	0.385	up	2676403	source/effects_batch_001.json.gz
ENSG00000125246	CLYBL	36516485	GSE167186	ctx_926384c8242b	Unkown 5	NA	NA	0	17	19	90	-0.002	-0.002	1.029	0	1	0	-0.110	down	2832939	source/effects_batch_001.json.gz
ENSG00000125246	CLYBL	36516485	GSE167186	ctx_93986af51167	Adventitial cell 5	Mesenchymal stem cell	Muscle-derived cell	0	17	19	90	-0.003	-0.003	1.043	0	1	0	-0.165	down	2700138	source/effects_batch_001.json.gz
ENSG00000125246	CLYBL	36516485	GSE167186	ctx_9aa0a69d626d	Adventitial cell 6	Mesenchymal stem cell	Myogenic endothelial cell	0	17	19	90	0.005	0.005	1.118	0	1	0	0.275	up	2711895	source/effects_batch_001.json.gz
ENSG00000125246	CLYBL	36516485	GSE167186	ctx_bfd71711437a	Unkown 2	NA	NA	0	17	19	90	-0.006	-0.006	1.050	0	1	0	-0.330	down	2800671	source/effects_batch_001.json.gz
ENSG00000125246	CLYBL	36516485	GSE167186	ctx_c138321e7ebd	Unkown 3	NA	NA	0	17	19	90	-0.002	-0.002	1.038	0	1	0	-0.110	down	2811175	source/effects_batch_001.json.gz
ENSG00000125246	CLYBL	36516485	GSE167186	ctx_c157cf74c34b	Mesenchymal stem cell 2	Adventitial cell	Mesenchymal stromal cell	0	17	19	90	0.006	0.006	1.037	0	1	0	0.330	up	2767464	source/effects_batch_001.json.gz
ENSG00000125246	CLYBL	36516485	GSE167186	ctx_d30649d2fd62	Unkown 7	NA	NA	0	17	19	90	-0.007	-0.007	1.053	0	1	0	-0.385	down	2855514	source/effects_batch_001.json.gz
ENSG00000125246	CLYBL	36516485	GSE167186	ctx_d78029928f98	Adventitial cell	Mesenchymal stem cell	Muscle-derived cell	0	17	19	90	-0.001	-0.001	1.059	0	1	0	-0.055	down	2745031	source/effects_batch_001.json.gz
ENSG00000125246	CLYBL	36516485	GSE167186	ctx_e129c8e975de	Unkown 8	NA	NA	0	17	19	90	-0.003	-0.003	1.000	0	1	0	-0.165	down	2866586	source/effects_batch_001.json.gz
ENSG00000125246	CLYBL	36516485	GSE167186	ctx_e81eac8c401a	Unkown 6	NA	NA	0	17	19	90	0.000	0.000	1.025	0	1	0	0.000	rounded_zero	2843747	source/effects_batch_001.json.gz
ENSG00000165029	ABCA1	36516485	GSE167186	ctx_0234b64ace9c	All Cells,  Skeletal Muscle	NA	NA	1	17	19	90	-0.002	-0.002	1.216	0	1	0	-0.110	down	2759632	source/effects_batch_001.json.gz
ENSG00000165029	ABCA1	36516485	GSE167186	ctx_0fd5032b2b0c	Adventitial cell 8	Mesenchymal stem cell	Myogenic endothelial cell	0	17	19	90	-0.017	-0.017	1.160	0	1	0	-0.935	down	2738009	source/effects_batch_001.json.gz
ENSG00000165029	ABCA1	36516485	GSE167186	ctx_1f3e2a4066d7	Adventitial cell 2	Mesenchymal stem cell	Myogenic endothelial cell	0	17	19	90	0.001	0.001	1.147	0	1	0	0.055	up	2668118	source/effects_batch_001.json.gz
ENSG00000165029	ABCA1	36516485	GSE167186	ctx_238c34ecff52	Unkown	NA	NA	0	17	19	90	0.000	0.000	1.190	0	1	0	0.000	rounded_zero	2880911	source/effects_batch_001.json.gz
ENSG00000165029	ABCA1	36516485	GSE167186	ctx_3c1aedecb8ec	Adventitial cell 7	Mesenchymal stem cell	Myogenic endothelial cell	0	17	19	90	0.002	0.002	1.079	0	1	0	0.110	up	2727144	source/effects_batch_001.json.gz
ENSG00000165029	ABCA1	36516485	GSE167186	ctx_416833ac90ca	Mesenchymal stem cell 3	Adventitial cell	Mesenchymal stromal cell	0	17	19	90	-0.002	-0.002	1.146	0	1	0	-0.110	down	2781601	source/effects_batch_001.json.gz
ENSG00000165029	ABCA1	36516485	GSE167186	ctx_51a23717b452	Mesenchymal stem cell	Pericyte	NA	0	17	19	90	-0.005	-0.005	1.209	0	1	0	-0.275	down	2792834	source/effects_batch_001.json.gz
ENSG00000165029	ABCA1	36516485	GSE167186	ctx_5243fb2c6d5c	Adventitial cell 4	Mesenchymal stem cell	Muscle-derived cell	0	17	19	90	-0.003	-0.003	1.161	0	1	0	-0.165	down	2691880	source/effects_batch_001.json.gz
ENSG00000165029	ABCA1	36516485	GSE167186	ctx_5da05f63762a	Unkown 4	NA	NA	0	17	19	90	-0.005	-0.005	1.256	0	1	0	-0.275	down	2825365	source/effects_batch_001.json.gz
ENSG00000165029	ABCA1	36516485	GSE167186	ctx_66b8877333b1	Adventitial cell 3	Mesenchymal stem cell	Myogenic endothelial cell	0	17	19	90	-0.001	-0.001	1.224	0	1	0	-0.055	down	2680048	source/effects_batch_001.json.gz
ENSG00000165029	ABCA1	36516485	GSE167186	ctx_926384c8242b	Unkown 5	NA	NA	0	17	19	90	0.001	0.001	1.134	0	1	0	0.055	up	2836140	source/effects_batch_001.json.gz
ENSG00000165029	ABCA1	36516485	GSE167186	ctx_93986af51167	Adventitial cell 5	Mesenchymal stem cell	Muscle-derived cell	0	17	19	90	-0.001	-0.001	1.166	0	1	0	-0.055	down	2703730	source/effects_batch_001.json.gz
ENSG00000165029	ABCA1	36516485	GSE167186	ctx_9aa0a69d626d	Adventitial cell 6	Mesenchymal stem cell	Myogenic endothelial cell	0	17	19	90	-0.004	-0.004	1.127	0	1	0	-0.220	down	2715432	source/effects_batch_001.json.gz
ENSG00000165029	ABCA1	36516485	GSE167186	ctx_bfd71711437a	Unkown 2	NA	NA	0	17	19	90	-0.005	-0.005	1.150	0	1	0	-0.275	down	2803809	source/effects_batch_001.json.gz
ENSG00000165029	ABCA1	36516485	GSE167186	ctx_c138321e7ebd	Unkown 3	NA	NA	0	17	19	90	0.000	0.000	1.302	0	1	0	0.000	rounded_zero	2814447	source/effects_batch_001.json.gz
ENSG00000165029	ABCA1	36516485	GSE167186	ctx_c157cf74c34b	Mesenchymal stem cell 2	Adventitial cell	Mesenchymal stromal cell	0	17	19	90	-0.007	-0.007	1.146	0	1	0	-0.385	down	2770772	source/effects_batch_001.json.gz
ENSG00000165029	ABCA1	36516485	GSE167186	ctx_d30649d2fd62	Unkown 7	NA	NA	0	17	19	90	-0.002	-0.002	1.216	0	1	0	-0.110	down	2858822	source/effects_batch_001.json.gz
ENSG00000165029	ABCA1	36516485	GSE167186	ctx_d78029928f98	Adventitial cell	Mesenchymal stem cell	Muscle-derived cell	0	17	19	90	-0.004	-0.004	1.181	0	1	0	-0.220	down	2748311	source/effects_batch_001.json.gz
ENSG00000165029	ABCA1	36516485	GSE167186	ctx_e129c8e975de	Unkown 8	NA	NA	0	17	19	90	-0.003	-0.003	1.356	0	1	0	-0.165	down	2870053	source/effects_batch_001.json.gz
ENSG00000165029	ABCA1	36516485	GSE167186	ctx_e81eac8c401a	Unkown 6	NA	NA	0	17	19	90	0.001	0.001	1.192	0	1	0	0.055	up	2847388	source/effects_batch_001.json.gz
ENSG00000101247	NDUFAF5	36516485	GSE167186	ctx_0234b64ace9c	All Cells,  Skeletal Muscle	NA	NA	1	17	19	90	-0.001	-0.001	1.124	0	1	0	-0.055	down	2754031	source/effects_batch_001.json.gz
ENSG00000101247	NDUFAF5	36516485	GSE167186	ctx_0fd5032b2b0c	Adventitial cell 8	Mesenchymal stem cell	Myogenic endothelial cell	0	17	19	90	0.013	0.013	1.111	0	1	0	0.715	up	2733109	source/effects_batch_001.json.gz
ENSG00000101247	NDUFAF5	36516485	GSE167186	ctx_1f3e2a4066d7	Adventitial cell 2	Mesenchymal stem cell	Myogenic endothelial cell	0	17	19	90	-0.002	-0.002	1.101	0	1	0	-0.110	down	2662480	source/effects_batch_001.json.gz
ENSG00000101247	NDUFAF5	36516485	GSE167186	ctx_238c34ecff52	Unkown	NA	NA	0	17	19	90	-0.003	-0.003	1.080	0	1	0	-0.165	down	2875968	source/effects_batch_001.json.gz
ENSG00000101247	NDUFAF5	36516485	GSE167186	ctx_3c1aedecb8ec	Adventitial cell 7	Mesenchymal stem cell	Myogenic endothelial cell	0	17	19	90	0.008	0.008	1.091	0	1	0	0.440	up	2721534	source/effects_batch_001.json.gz
ENSG00000101247	NDUFAF5	36516485	GSE167186	ctx_416833ac90ca	Mesenchymal stem cell 3	Adventitial cell	Mesenchymal stromal cell	0	17	19	90	-0.007	-0.007	1.091	0	1	0	-0.385	down	2776458	source/effects_batch_001.json.gz
ENSG00000101247	NDUFAF5	36516485	GSE167186	ctx_51a23717b452	Mesenchymal stem cell	Pericyte	NA	0	17	19	90	0.004	0.004	1.058	0	1	0	0.220	up	2787204	source/effects_batch_001.json.gz
ENSG00000101247	NDUFAF5	36516485	GSE167186	ctx_5243fb2c6d5c	Adventitial cell 4	Mesenchymal stem cell	Muscle-derived cell	0	17	19	90	0.001	0.001	1.121	0	1	0	0.055	up	2686240	source/effects_batch_001.json.gz
ENSG00000101247	NDUFAF5	36516485	GSE167186	ctx_5da05f63762a	Unkown 4	NA	NA	0	17	19	90	0.000	0.000	1.138	0	1	0	0.000	rounded_zero	2820152	source/effects_batch_001.json.gz
ENSG00000101247	NDUFAF5	36516485	GSE167186	ctx_66b8877333b1	Adventitial cell 3	Mesenchymal stem cell	Myogenic endothelial cell	0	17	19	90	-0.002	-0.002	1.078	0	1	0	-0.110	down	2674314	source/effects_batch_001.json.gz
ENSG00000101247	NDUFAF5	36516485	GSE167186	ctx_926384c8242b	Unkown 5	NA	NA	0	17	19	90	-0.001	-0.001	1.066	0	1	0	-0.055	down	2831065	source/effects_batch_001.json.gz
ENSG00000101247	NDUFAF5	36516485	GSE167186	ctx_93986af51167	Adventitial cell 5	Mesenchymal stem cell	Muscle-derived cell	0	17	19	90	0.003	0.003	1.100	0	1	0	0.165	up	2698061	source/effects_batch_001.json.gz
ENSG00000101247	NDUFAF5	36516485	GSE167186	ctx_9aa0a69d626d	Adventitial cell 6	Mesenchymal stem cell	Myogenic endothelial cell	0	17	19	90	0.001	0.001	1.083	0	1	0	0.055	up	2709857	source/effects_batch_001.json.gz
ENSG00000101247	NDUFAF5	36516485	GSE167186	ctx_bfd71711437a	Unkown 2	NA	NA	0	17	19	90	-0.002	-0.002	1.136	0	1	0	-0.110	down	2798832	source/effects_batch_001.json.gz
ENSG00000101247	NDUFAF5	36516485	GSE167186	ctx_c138321e7ebd	Unkown 3	NA	NA	0	17	19	90	-0.003	-0.003	1.148	0	1	0	-0.165	down	2809246	source/effects_batch_001.json.gz
ENSG00000101247	NDUFAF5	36516485	GSE167186	ctx_c157cf74c34b	Mesenchymal stem cell 2	Adventitial cell	Mesenchymal stromal cell	0	17	19	90	-0.002	-0.002	1.158	0	1	0	-0.110	down	2765555	source/effects_batch_001.json.gz
ENSG00000101247	NDUFAF5	36516485	GSE167186	ctx_d30649d2fd62	Unkown 7	NA	NA	0	17	19	90	-0.003	-0.003	1.156	0	1	0	-0.165	down	2853573	source/effects_batch_001.json.gz
ENSG00000101247	NDUFAF5	36516485	GSE167186	ctx_d78029928f98	Adventitial cell	Mesenchymal stem cell	Muscle-derived cell	0	17	19	90	0.007	0.007	1.178	0	1	0	0.385	up	2743104	source/effects_batch_001.json.gz
ENSG00000101247	NDUFAF5	36516485	GSE167186	ctx_e129c8e975de	Unkown 8	NA	NA	0	17	19	90	-0.011	-0.011	1.222	0	1	0	-0.605	down	2864589	source/effects_batch_001.json.gz
ENSG00000101247	NDUFAF5	36516485	GSE167186	ctx_e81eac8c401a	Unkown 6	NA	NA	0	17	19	90	0.002	0.002	1.054	0	1	0	0.110	up	2841635	source/effects_batch_001.json.gz
ENSG00000125863	MKKS	36516485	GSE167186	ctx_0234b64ace9c	All Cells,  Skeletal Muscle	NA	NA	1	17	19	90	-0.002	-0.002	1.072	0	1	0	-0.110	down	2756152	source/effects_batch_002.json.gz
ENSG00000125863	MKKS	36516485	GSE167186	ctx_0fd5032b2b0c	Adventitial cell 8	Mesenchymal stem cell	Myogenic endothelial cell	0	17	19	90	0.005	0.005	1.231	0	1	0	0.275	up	2734989	source/effects_batch_002.json.gz
ENSG00000125863	MKKS	36516485	GSE167186	ctx_1f3e2a4066d7	Adventitial cell 2	Mesenchymal stem cell	Myogenic endothelial cell	0	17	19	90	-0.003	-0.003	1.065	0	1	0	-0.165	down	2664628	source/effects_batch_002.json.gz
ENSG00000125863	MKKS	36516485	GSE167186	ctx_238c34ecff52	Unkown	NA	NA	0	17	19	90	-0.003	-0.003	1.050	0	1	0	-0.165	down	2877866	source/effects_batch_002.json.gz
ENSG00000125863	MKKS	36516485	GSE167186	ctx_3c1aedecb8ec	Adventitial cell 7	Mesenchymal stem cell	Myogenic endothelial cell	0	17	19	90	0.009	0.009	1.045	0	1	0	0.495	up	2723673	source/effects_batch_002.json.gz
ENSG00000125863	MKKS	36516485	GSE167186	ctx_416833ac90ca	Mesenchymal stem cell 3	Adventitial cell	Mesenchymal stromal cell	0	17	19	90	-0.011	-0.011	1.067	0	1	0	-0.605	down	2778422	source/effects_batch_002.json.gz
ENSG00000125863	MKKS	36516485	GSE167186	ctx_51a23717b452	Mesenchymal stem cell	Pericyte	NA	0	17	19	90	0.001	0.001	1.049	0	1	0	0.055	up	2789347	source/effects_batch_002.json.gz
ENSG00000125863	MKKS	36516485	GSE167186	ctx_5243fb2c6d5c	Adventitial cell 4	Mesenchymal stem cell	Muscle-derived cell	0	17	19	90	0.000	0.000	1.060	0	1	0	0.000	rounded_zero	2688383	source/effects_batch_002.json.gz
ENSG00000125863	MKKS	36516485	GSE167186	ctx_5da05f63762a	Unkown 4	NA	NA	0	17	19	90	-0.001	-0.001	1.072	0	1	0	-0.055	down	2822136	source/effects_batch_002.json.gz
ENSG00000125863	MKKS	36516485	GSE167186	ctx_66b8877333b1	Adventitial cell 3	Mesenchymal stem cell	Myogenic endothelial cell	0	17	19	90	0.002	0.002	1.030	0	1	0	0.110	up	2676472	source/effects_batch_002.json.gz
ENSG00000125863	MKKS	36516485	GSE167186	ctx_926384c8242b	Unkown 5	NA	NA	0	17	19	90	0.000	0.000	1.045	0	1	0	0.000	rounded_zero	2833003	source/effects_batch_002.json.gz
ENSG00000125863	MKKS	36516485	GSE167186	ctx_93986af51167	Adventitial cell 5	Mesenchymal stem cell	Muscle-derived cell	0	17	19	90	0.007	0.007	1.038	0	1	0	0.385	up	2700212	source/effects_batch_002.json.gz
ENSG00000125863	MKKS	36516485	GSE167186	ctx_9aa0a69d626d	Adventitial cell 6	Mesenchymal stem cell	Myogenic endothelial cell	0	17	19	90	-0.005	-0.005	1.000	0	1	0	-0.275	down	2711968	source/effects_batch_002.json.gz
ENSG00000125863	MKKS	36516485	GSE167186	ctx_bfd71711437a	Unkown 2	NA	NA	0	17	19	90	-0.006	-0.006	1.052	0.471415064285739	0.33774189494319867	0	-0.330	down	2800736	source/effects_batch_002.json.gz
ENSG00000125863	MKKS	36516485	GSE167186	ctx_c138321e7ebd	Unkown 3	NA	NA	0	17	19	90	-0.002	-0.002	1.054	0	1	0	-0.110	down	2811242	source/effects_batch_002.json.gz
ENSG00000125863	MKKS	36516485	GSE167186	ctx_c157cf74c34b	Mesenchymal stem cell 2	Adventitial cell	Mesenchymal stromal cell	0	17	19	90	-0.008	-0.008	1.000	0	1	0	-0.440	down	2767530	source/effects_batch_002.json.gz
ENSG00000125863	MKKS	36516485	GSE167186	ctx_d30649d2fd62	Unkown 7	NA	NA	0	17	19	90	-0.006	-0.006	1.049	0	1	0	-0.330	down	2855581	source/effects_batch_002.json.gz
ENSG00000125863	MKKS	36516485	GSE167186	ctx_d78029928f98	Adventitial cell	Mesenchymal stem cell	Muscle-derived cell	0	17	19	90	-0.005	-0.005	1.049	0	1	0	-0.275	down	2745097	source/effects_batch_002.json.gz
ENSG00000125863	MKKS	36516485	GSE167186	ctx_e129c8e975de	Unkown 8	NA	NA	0	17	19	90	0.013	0.013	1.107	0	1	0	0.715	up	2866649	source/effects_batch_002.json.gz
ENSG00000125863	MKKS	36516485	GSE167186	ctx_e81eac8c401a	Unkown 6	NA	NA	0	17	19	90	0.003	0.003	1.044	0	1	0	0.165	up	2843819	source/effects_batch_002.json.gz
ENSG00000124766	SOX4	36516485	GSE167186	ctx_0234b64ace9c	All Cells,  Skeletal Muscle	NA	NA	1	17	19	90	-0.004	-0.004	1.096	0	1	0	-0.220	down	2756061	source/effects_batch_002.json.gz
ENSG00000124766	SOX4	36516485	GSE167186	ctx_0fd5032b2b0c	Adventitial cell 8	Mesenchymal stem cell	Myogenic endothelial cell	0	17	19	90	-0.004	-0.004	1.071	0	1	0	-0.220	down	2734912	source/effects_batch_002.json.gz
ENSG00000124766	SOX4	36516485	GSE167186	ctx_1f3e2a4066d7	Adventitial cell 2	Mesenchymal stem cell	Myogenic endothelial cell	0	17	19	90	-0.005	-0.005	1.177	0	1	0	-0.275	down	2664535	source/effects_batch_002.json.gz
ENSG00000124766	SOX4	36516485	GSE167186	ctx_238c34ecff52	Unkown	NA	NA	0	17	19	90	-0.001	-0.001	1.113	0	1	0	-0.055	down	2877782	source/effects_batch_002.json.gz
ENSG00000124766	SOX4	36516485	GSE167186	ctx_3c1aedecb8ec	Adventitial cell 7	Mesenchymal stem cell	Myogenic endothelial cell	0	17	19	90	-0.004	-0.004	1.307	0	1	0	-0.220	down	2723582	source/effects_batch_002.json.gz
ENSG00000124766	SOX4	36516485	GSE167186	ctx_416833ac90ca	Mesenchymal stem cell 3	Adventitial cell	Mesenchymal stromal cell	0	17	19	90	0.002	0.002	1.205	0	1	0	0.110	up	2778337	source/effects_batch_002.json.gz
ENSG00000124766	SOX4	36516485	GSE167186	ctx_51a23717b452	Mesenchymal stem cell	Pericyte	NA	0	17	19	90	0.002	0.002	1.125	0	1	0	0.110	up	2789257	source/effects_batch_002.json.gz
ENSG00000124766	SOX4	36516485	GSE167186	ctx_5243fb2c6d5c	Adventitial cell 4	Mesenchymal stem cell	Muscle-derived cell	0	17	19	90	0.001	0.001	1.081	0	1	0	0.055	up	2688288	source/effects_batch_002.json.gz
ENSG00000124766	SOX4	36516485	GSE167186	ctx_5da05f63762a	Unkown 4	NA	NA	0	17	19	90	-0.006	-0.006	1.054	0	1	0	-0.330	down	2822050	source/effects_batch_002.json.gz
ENSG00000124766	SOX4	36516485	GSE167186	ctx_66b8877333b1	Adventitial cell 3	Mesenchymal stem cell	Myogenic endothelial cell	0	17	19	90	-0.010	-0.010	1.091	0	1	0	-0.550	down	2676382	source/effects_batch_002.json.gz
ENSG00000124766	SOX4	36516485	GSE167186	ctx_926384c8242b	Unkown 5	NA	NA	0	17	19	90	0.001	0.001	1.056	0	1	0	0.055	up	2832920	source/effects_batch_002.json.gz
ENSG00000124766	SOX4	36516485	GSE167186	ctx_93986af51167	Adventitial cell 5	Mesenchymal stem cell	Muscle-derived cell	0	17	19	90	-0.005	-0.005	1.130	0	1	0	-0.275	down	2700116	source/effects_batch_002.json.gz
ENSG00000124766	SOX4	36516485	GSE167186	ctx_9aa0a69d626d	Adventitial cell 6	Mesenchymal stem cell	Myogenic endothelial cell	0	17	19	90	0.004	0.004	1.067	0	1	0	0.220	up	2711874	source/effects_batch_002.json.gz
ENSG00000124766	SOX4	36516485	GSE167186	ctx_bfd71711437a	Unkown 2	NA	NA	0	17	19	90	-0.004	-0.004	1.027	0	1	0	-0.220	down	2800651	source/effects_batch_002.json.gz
ENSG00000124766	SOX4	36516485	GSE167186	ctx_c138321e7ebd	Unkown 3	NA	NA	0	17	19	90	0.004	0.004	1.069	0	1	0	0.220	up	2811155	source/effects_batch_002.json.gz
ENSG00000124766	SOX4	36516485	GSE167186	ctx_c157cf74c34b	Mesenchymal stem cell 2	Adventitial cell	Mesenchymal stromal cell	0	17	19	90	-0.008	-0.008	1.333	0	1	0	-0.440	down	2767443	source/effects_batch_002.json.gz
ENSG00000124766	SOX4	36516485	GSE167186	ctx_d30649d2fd62	Unkown 7	NA	NA	0	17	19	90	0.000	0.000	1.083	0	1	0	0.000	rounded_zero	2855494	source/effects_batch_002.json.gz
ENSG00000124766	SOX4	36516485	GSE167186	ctx_d78029928f98	Adventitial cell	Mesenchymal stem cell	Muscle-derived cell	0	17	19	90	0.010	0.010	1.150	0	1	0	0.550	up	2745009	source/effects_batch_002.json.gz
ENSG00000124766	SOX4	36516485	GSE167186	ctx_e129c8e975de	Unkown 8	NA	NA	0	17	19	90	0.039	0.039	1.063	0	1	0	2.145	up	2866565	source/effects_batch_002.json.gz
ENSG00000124766	SOX4	36516485	GSE167186	ctx_e81eac8c401a	Unkown 6	NA	NA	0	17	19	90	0.003	0.003	1.148	0	1	0	0.165	up	2843726	source/effects_batch_002.json.gz
ENSG00000130640	TUBGCP2	36516485	GSE167186	ctx_0234b64ace9c	All Cells,  Skeletal Muscle	NA	NA	1	17	19	90	0.001	0.001	1.142	0	1	0	0.055	up	2756492	source/effects_batch_002.json.gz
ENSG00000130640	TUBGCP2	36516485	GSE167186	ctx_0fd5032b2b0c	Adventitial cell 8	Mesenchymal stem cell	Myogenic endothelial cell	0	17	19	90	0.001	0.001	1.194	0	1	0	0.055	up	2735286	source/effects_batch_002.json.gz
ENSG00000130640	TUBGCP2	36516485	GSE167186	ctx_1f3e2a4066d7	Adventitial cell 2	Mesenchymal stem cell	Myogenic endothelial cell	0	17	19	90	-0.001	-0.001	1.116	0	1	0	-0.055	down	2664974	source/effects_batch_002.json.gz
ENSG00000130640	TUBGCP2	36516485	GSE167186	ctx_238c34ecff52	Unkown	NA	NA	0	17	19	90	0.002	0.002	1.102	0	1	0	0.110	up	2878165	source/effects_batch_002.json.gz
ENSG00000130640	TUBGCP2	36516485	GSE167186	ctx_3c1aedecb8ec	Adventitial cell 7	Mesenchymal stem cell	Myogenic endothelial cell	0	17	19	90	0.005	0.005	1.097	0	1	0	0.275	up	2724015	source/effects_batch_002.json.gz
ENSG00000130640	TUBGCP2	36516485	GSE167186	ctx_416833ac90ca	Mesenchymal stem cell 3	Adventitial cell	Mesenchymal stromal cell	0	17	19	90	-0.009	-0.009	1.136	0	1	0	-0.495	down	2778732	source/effects_batch_002.json.gz
ENSG00000130640	TUBGCP2	36516485	GSE167186	ctx_51a23717b452	Mesenchymal stem cell	Pericyte	NA	0	17	19	90	-0.002	-0.002	1.105	0	1	0	-0.110	down	2789690	source/effects_batch_002.json.gz
ENSG00000130640	TUBGCP2	36516485	GSE167186	ctx_5243fb2c6d5c	Adventitial cell 4	Mesenchymal stem cell	Muscle-derived cell	0	17	19	90	0.001	0.001	1.114	0	1	0	0.055	up	2688723	source/effects_batch_002.json.gz
ENSG00000130640	TUBGCP2	36516485	GSE167186	ctx_5da05f63762a	Unkown 4	NA	NA	0	17	19	90	0.001	0.001	1.158	0	1	0	0.055	up	2822452	source/effects_batch_002.json.gz
ENSG00000130640	TUBGCP2	36516485	GSE167186	ctx_66b8877333b1	Adventitial cell 3	Mesenchymal stem cell	Myogenic endothelial cell	0	17	19	90	0.000	0.000	1.146	0	1	0	0.000	rounded_zero	2676822	source/effects_batch_002.json.gz
ENSG00000130640	TUBGCP2	36516485	GSE167186	ctx_926384c8242b	Unkown 5	NA	NA	0	17	19	90	0.004	0.004	1.072	0	1	0	0.220	up	2833317	source/effects_batch_002.json.gz
ENSG00000130640	TUBGCP2	36516485	GSE167186	ctx_93986af51167	Adventitial cell 5	Mesenchymal stem cell	Muscle-derived cell	0	17	19	90	0.001	0.001	1.100	0	1	0	0.055	up	2700557	source/effects_batch_002.json.gz
ENSG00000130640	TUBGCP2	36516485	GSE167186	ctx_9aa0a69d626d	Adventitial cell 6	Mesenchymal stem cell	Myogenic endothelial cell	0	17	19	90	-0.003	-0.003	1.108	0	1	0	-0.165	down	2712309	source/effects_batch_002.json.gz
ENSG00000130640	TUBGCP2	36516485	GSE167186	ctx_bfd71711437a	Unkown 2	NA	NA	0	17	19	90	0.002	0.002	1.104	0	1	0	0.110	up	2801040	source/effects_batch_002.json.gz
ENSG00000130640	TUBGCP2	36516485	GSE167186	ctx_c138321e7ebd	Unkown 3	NA	NA	0	17	19	90	0.002	0.002	1.142	0	1	0	0.110	up	2811552	source/effects_batch_002.json.gz
ENSG00000130640	TUBGCP2	36516485	GSE167186	ctx_c157cf74c34b	Mesenchymal stem cell 2	Adventitial cell	Mesenchymal stromal cell	0	17	19	90	0.001	0.001	1.140	0	1	0	0.055	up	2767851	source/effects_batch_002.json.gz
ENSG00000130640	TUBGCP2	36516485	GSE167186	ctx_d30649d2fd62	Unkown 7	NA	NA	0	17	19	90	0.000	0.000	1.176	0	1	0	0.000	rounded_zero	2855901	source/effects_batch_002.json.gz
ENSG00000130640	TUBGCP2	36516485	GSE167186	ctx_d78029928f98	Adventitial cell	Mesenchymal stem cell	Muscle-derived cell	0	17	19	90	0.001	0.001	1.082	0	1	0	0.055	up	2745411	source/effects_batch_002.json.gz
ENSG00000130640	TUBGCP2	36516485	GSE167186	ctx_e129c8e975de	Unkown 8	NA	NA	0	17	19	90	0.010	0.010	1.182	0	1	0	0.550	up	2866971	source/effects_batch_002.json.gz
ENSG00000130640	TUBGCP2	36516485	GSE167186	ctx_e81eac8c401a	Unkown 6	NA	NA	0	17	19	90	-0.001	-0.001	1.136	0	1	0	-0.055	down	2844164	source/effects_batch_002.json.gz
ENSG00000183496	MEX3B	36516485	GSE167186	ctx_1f3e2a4066d7	Adventitial cell 2	Mesenchymal stem cell	Myogenic endothelial cell	0	17	19	90	-0.024	-0.024	1.000	0	1	0	-1.320	down	2669938	source/effects_batch_002.json.gz
ENSG00000183496	MEX3B	36516485	GSE167186	ctx_3c1aedecb8ec	Adventitial cell 7	Mesenchymal stem cell	Myogenic endothelial cell	0	17	19	90	0.006	0.006	1.077	0	1	0	0.330	up	2728951	source/effects_batch_002.json.gz
ENSG00000183496	MEX3B	36516485	GSE167186	ctx_51a23717b452	Mesenchymal stem cell	Pericyte	NA	0	17	19	90	-0.009	-0.009	1.015	0	1	0	-0.495	down	2794672	source/effects_batch_002.json.gz
ENSG00000183496	MEX3B	36516485	GSE167186	ctx_93986af51167	Adventitial cell 5	Mesenchymal stem cell	Muscle-derived cell	0	17	19	90	-0.006	-0.006	1.087	0	1	0	-0.330	down	2705545	source/effects_batch_002.json.gz
ENSG00000183496	MEX3B	36516485	GSE167186	ctx_e129c8e975de	Unkown 8	NA	NA	0	17	19	90	0.022	0.022	1.000	0	1	0	1.210	up	2871805	source/effects_batch_002.json.gz
ENSG00000183496	MEX3B	36516485	GSE167186	ctx_e81eac8c401a	Unkown 6	NA	NA	0	17	19	90	-0.007	-0.007	1.000	0	1	0	-0.385	down	2849253	source/effects_batch_002.json.gz
ENSG00000163346	PBXIP1	36516485	GSE167186	ctx_0234b64ace9c	All Cells,  Skeletal Muscle	NA	NA	1	17	19	90	0.002	0.002	1.072	0	1	0	0.110	up	2759324	source/effects_batch_002.json.gz
ENSG00000163346	PBXIP1	36516485	GSE167186	ctx_0fd5032b2b0c	Adventitial cell 8	Mesenchymal stem cell	Myogenic endothelial cell	0	17	19	90	0.000	0.000	1.077	0	1	0	0.000	rounded_zero	2737729	source/effects_batch_002.json.gz
ENSG00000163346	PBXIP1	36516485	GSE167186	ctx_1f3e2a4066d7	Adventitial cell 2	Mesenchymal stem cell	Myogenic endothelial cell	0	17	19	90	-0.003	-0.003	1.050	0	1	0	-0.165	down	2667804	source/effects_batch_002.json.gz
ENSG00000163346	PBXIP1	36516485	GSE167186	ctx_238c34ecff52	Unkown	NA	NA	0	17	19	90	0.005	0.005	1.078	0	1	0	0.275	up	2880628	source/effects_batch_002.json.gz
ENSG00000163346	PBXIP1	36516485	GSE167186	ctx_3c1aedecb8ec	Adventitial cell 7	Mesenchymal stem cell	Myogenic endothelial cell	0	17	19	90	-0.001	-0.001	1.052	0	1	0	-0.055	down	2726828	source/effects_batch_002.json.gz
ENSG00000163346	PBXIP1	36516485	GSE167186	ctx_416833ac90ca	Mesenchymal stem cell 3	Adventitial cell	Mesenchymal stromal cell	0	17	19	90	-0.003	-0.003	1.043	0	1	0	-0.165	down	2781321	source/effects_batch_002.json.gz
ENSG00000163346	PBXIP1	36516485	GSE167186	ctx_51a23717b452	Mesenchymal stem cell	Pericyte	NA	0	17	19	90	0.006	0.006	1.068	0	1	0	0.330	up	2792519	source/effects_batch_002.json.gz
ENSG00000163346	PBXIP1	36516485	GSE167186	ctx_5243fb2c6d5c	Adventitial cell 4	Mesenchymal stem cell	Muscle-derived cell	0	17	19	90	0.002	0.002	1.115	0	1	0	0.110	up	2691570	source/effects_batch_002.json.gz
ENSG00000163346	PBXIP1	36516485	GSE167186	ctx_5da05f63762a	Unkown 4	NA	NA	0	17	19	90	0.000	0.000	1.042	0	1	0	0.000	rounded_zero	2825073	source/effects_batch_002.json.gz
ENSG00000163346	PBXIP1	36516485	GSE167186	ctx_66b8877333b1	Adventitial cell 3	Mesenchymal stem cell	Myogenic endothelial cell	0	17	19	90	-0.002	-0.002	1.056	0	1	0	-0.110	down	2679737	source/effects_batch_002.json.gz
ENSG00000163346	PBXIP1	36516485	GSE167186	ctx_926384c8242b	Unkown 5	NA	NA	0	17	19	90	0.001	0.001	1.072	0	1	0	0.055	up	2835860	source/effects_batch_002.json.gz
ENSG00000163346	PBXIP1	36516485	GSE167186	ctx_93986af51167	Adventitial cell 5	Mesenchymal stem cell	Muscle-derived cell	0	17	19	90	-0.009	-0.009	1.049	0	1	0	-0.495	down	2703410	source/effects_batch_002.json.gz
ENSG00000163346	PBXIP1	36516485	GSE167186	ctx_9aa0a69d626d	Adventitial cell 6	Mesenchymal stem cell	Myogenic endothelial cell	0	17	19	90	0.005	0.005	1.208	0	1	0	0.275	up	2715123	source/effects_batch_002.json.gz
ENSG00000163346	PBXIP1	36516485	GSE167186	ctx_bfd71711437a	Unkown 2	NA	NA	0	17	19	90	0.002	0.002	1.040	0	1	0	0.110	up	2803530	source/effects_batch_002.json.gz
ENSG00000163346	PBXIP1	36516485	GSE167186	ctx_c138321e7ebd	Unkown 3	NA	NA	0	17	19	90	0.005	0.005	1.066	0	1	0	0.275	up	2814153	source/effects_batch_002.json.gz
ENSG00000163346	PBXIP1	36516485	GSE167186	ctx_c157cf74c34b	Mesenchymal stem cell 2	Adventitial cell	Mesenchymal stromal cell	0	17	19	90	-0.004	-0.004	1.052	0	1	0	-0.220	down	2770481	source/effects_batch_002.json.gz
ENSG00000163346	PBXIP1	36516485	GSE167186	ctx_d30649d2fd62	Unkown 7	NA	NA	0	17	19	90	0.004	0.004	1.076	0	1	0	0.220	up	2858526	source/effects_batch_002.json.gz
ENSG00000163346	PBXIP1	36516485	GSE167186	ctx_d78029928f98	Adventitial cell	Mesenchymal stem cell	Muscle-derived cell	0	17	19	90	0.006	0.006	1.096	0	1	0	0.330	up	2748018	source/effects_batch_002.json.gz
ENSG00000163346	PBXIP1	36516485	GSE167186	ctx_e129c8e975de	Unkown 8	NA	NA	0	17	19	90	0.004	0.004	1.000	0	1	0	0.220	up	2869735	source/effects_batch_002.json.gz
ENSG00000163346	PBXIP1	36516485	GSE167186	ctx_e81eac8c401a	Unkown 6	NA	NA	0	17	19	90	0.003	0.003	1.074	0	1	0	0.165	up	2847066	source/effects_batch_002.json.gz
ENSG00000117411	B4GALT2	36516485	GSE167186	ctx_0234b64ace9c	All Cells,  Skeletal Muscle	NA	NA	1	17	19	90	-0.001	-0.001	1.012	0	1	0	-0.055	down	2755508	source/effects_batch_002.json.gz
ENSG00000117411	B4GALT2	36516485	GSE167186	ctx_1f3e2a4066d7	Adventitial cell 2	Mesenchymal stem cell	Myogenic endothelial cell	0	17	19	90	0.009	0.009	1.000	0	1	0	0.495	up	2663984	source/effects_batch_002.json.gz
ENSG00000117411	B4GALT2	36516485	GSE167186	ctx_238c34ecff52	Unkown	NA	NA	0	17	19	90	-0.001	-0.001	1.015	0	1	0	-0.055	down	2877283	source/effects_batch_002.json.gz
ENSG00000117411	B4GALT2	36516485	GSE167186	ctx_3c1aedecb8ec	Adventitial cell 7	Mesenchymal stem cell	Myogenic endothelial cell	0	17	19	90	-0.003	-0.003	1.091	0	1	0	-0.165	down	2723035	source/effects_batch_002.json.gz
ENSG00000117411	B4GALT2	36516485	GSE167186	ctx_51a23717b452	Mesenchymal stem cell	Pericyte	NA	0	17	19	90	0.000	0.000	1.000	0	1	0	0.000	rounded_zero	2788705	source/effects_batch_002.json.gz
ENSG00000117411	B4GALT2	36516485	GSE167186	ctx_5243fb2c6d5c	Adventitial cell 4	Mesenchymal stem cell	Muscle-derived cell	0	17	19	90	-0.005	-0.005	1.034	0	1	0	-0.275	down	2687734	source/effects_batch_002.json.gz
ENSG00000117411	B4GALT2	36516485	GSE167186	ctx_5da05f63762a	Unkown 4	NA	NA	0	17	19	90	0.002	0.002	1.008	0	1	0	0.110	up	2821535	source/effects_batch_002.json.gz
ENSG00000117411	B4GALT2	36516485	GSE167186	ctx_926384c8242b	Unkown 5	NA	NA	0	17	19	90	-0.008	-0.008	1.017	0	1	0	-0.440	down	2832413	source/effects_batch_002.json.gz
ENSG00000117411	B4GALT2	36516485	GSE167186	ctx_93986af51167	Adventitial cell 5	Mesenchymal stem cell	Muscle-derived cell	0	17	19	90	-0.010	-0.010	1.000	0	1	0	-0.550	down	2699560	source/effects_batch_002.json.gz
ENSG00000117411	B4GALT2	36516485	GSE167186	ctx_9aa0a69d626d	Adventitial cell 6	Mesenchymal stem cell	Myogenic endothelial cell	0	17	19	90	0.001	0.001	1.000	0	1	0	0.055	up	2711329	source/effects_batch_002.json.gz
ENSG00000117411	B4GALT2	36516485	GSE167186	ctx_bfd71711437a	Unkown 2	NA	NA	0	17	19	90	-0.002	-0.002	1.000	0	1	0	-0.110	down	2800154	source/effects_batch_002.json.gz
ENSG00000117411	B4GALT2	36516485	GSE167186	ctx_c138321e7ebd	Unkown 3	NA	NA	0	17	19	90	0.004	0.004	1.009	0	1	0	0.220	up	2810635	source/effects_batch_002.json.gz
ENSG00000117411	B4GALT2	36516485	GSE167186	ctx_c157cf74c34b	Mesenchymal stem cell 2	Adventitial cell	Mesenchymal stromal cell	0	17	19	90	-0.004	-0.004	1.000	0	1	0	-0.220	down	2766925	source/effects_batch_002.json.gz
ENSG00000117411	B4GALT2	36516485	GSE167186	ctx_d30649d2fd62	Unkown 7	NA	NA	0	17	19	90	0.005	0.005	1.000	0	1	0	0.275	up	2854970	source/effects_batch_002.json.gz
ENSG00000117411	B4GALT2	36516485	GSE167186	ctx_d78029928f98	Adventitial cell	Mesenchymal stem cell	Muscle-derived cell	0	17	19	90	0.019	0.019	1.000	0	1	0	1.045	up	2744490	source/effects_batch_002.json.gz
ENSG00000117411	B4GALT2	36516485	GSE167186	ctx_e129c8e975de	Unkown 8	NA	NA	0	17	19	90	0.037	0.037	1.000	0	1	0	2.035	up	2866017	source/effects_batch_002.json.gz
ENSG00000117411	B4GALT2	36516485	GSE167186	ctx_e81eac8c401a	Unkown 6	NA	NA	0	17	19	90	-0.007	-0.007	1.013	0	1	0	-0.385	down	2843160	source/effects_batch_002.json.gz
ENSG00000108528	SLC25A11	36516485	GSE167186	ctx_0234b64ace9c	All Cells,  Skeletal Muscle	NA	NA	1	17	19	90	-0.005	-0.005	1.074	0	1	0	-0.275	down	2754718	source/effects_batch_002.json.gz
ENSG00000108528	SLC25A11	36516485	GSE167186	ctx_0fd5032b2b0c	Adventitial cell 8	Mesenchymal stem cell	Myogenic endothelial cell	0	17	19	90	-0.016	-0.016	1.100	0	1	0	-0.880	down	2733709	source/effects_batch_002.json.gz
ENSG00000108528	SLC25A11	36516485	GSE167186	ctx_1f3e2a4066d7	Adventitial cell 2	Mesenchymal stem cell	Myogenic endothelial cell	0	17	19	90	-0.002	-0.002	1.061	0	1	0	-0.110	down	2663194	source/effects_batch_002.json.gz
ENSG00000108528	SLC25A11	36516485	GSE167186	ctx_238c34ecff52	Unkown	NA	NA	0	17	19	90	-0.005	-0.005	1.056	0	1	0	-0.275	down	2876579	source/effects_batch_002.json.gz
ENSG00000108528	SLC25A11	36516485	GSE167186	ctx_3c1aedecb8ec	Adventitial cell 7	Mesenchymal stem cell	Myogenic endothelial cell	0	17	19	90	-0.006	-0.006	1.103	0	1	0	-0.330	down	2722239	source/effects_batch_002.json.gz
ENSG00000108528	SLC25A11	36516485	GSE167186	ctx_416833ac90ca	Mesenchymal stem cell 3	Adventitial cell	Mesenchymal stromal cell	0	17	19	90	-0.008	-0.008	1.054	0	1	0	-0.440	down	2777095	source/effects_batch_002.json.gz
ENSG00000108528	SLC25A11	36516485	GSE167186	ctx_51a23717b452	Mesenchymal stem cell	Pericyte	NA	0	17	19	90	-0.001	-0.001	1.031	0	1	0	-0.055	down	2787904	source/effects_batch_002.json.gz
ENSG00000108528	SLC25A11	36516485	GSE167186	ctx_5243fb2c6d5c	Adventitial cell 4	Mesenchymal stem cell	Muscle-derived cell	0	17	19	90	-0.002	-0.002	1.050	0	1	0	-0.110	down	2686940	source/effects_batch_002.json.gz
ENSG00000108528	SLC25A11	36516485	GSE167186	ctx_5da05f63762a	Unkown 4	NA	NA	0	17	19	90	-0.006	-0.006	1.060	0	1	0	-0.330	down	2820795	source/effects_batch_002.json.gz
ENSG00000108528	SLC25A11	36516485	GSE167186	ctx_66b8877333b1	Adventitial cell 3	Mesenchymal stem cell	Myogenic endothelial cell	0	17	19	90	-0.004	-0.004	1.064	0	1	0	-0.220	down	2675022	source/effects_batch_002.json.gz
ENSG00000108528	SLC25A11	36516485	GSE167186	ctx_926384c8242b	Unkown 5	NA	NA	0	17	19	90	-0.004	-0.004	1.046	0	1	0	-0.220	down	2831695	source/effects_batch_002.json.gz
ENSG00000108528	SLC25A11	36516485	GSE167186	ctx_93986af51167	Adventitial cell 5	Mesenchymal stem cell	Muscle-derived cell	0	17	19	90	0.002	0.002	1.028	0	1	0	0.110	up	2698767	source/effects_batch_002.json.gz
ENSG00000108528	SLC25A11	36516485	GSE167186	ctx_9aa0a69d626d	Adventitial cell 6	Mesenchymal stem cell	Myogenic endothelial cell	0	17	19	90	0.015	0.015	1.064	0	1	0	0.825	up	2710549	source/effects_batch_002.json.gz
ENSG00000108528	SLC25A11	36516485	GSE167186	ctx_bfd71711437a	Unkown 2	NA	NA	0	17	19	90	-0.007	-0.007	1.046	0	1	0	-0.385	down	2799445	source/effects_batch_002.json.gz
ENSG00000108528	SLC25A11	36516485	GSE167186	ctx_c138321e7ebd	Unkown 3	NA	NA	0	17	19	90	-0.006	-0.006	1.076	0	1	0	-0.330	down	2809895	source/effects_batch_002.json.gz
ENSG00000108528	SLC25A11	36516485	GSE167186	ctx_c157cf74c34b	Mesenchymal stem cell 2	Adventitial cell	Mesenchymal stromal cell	0	17	19	90	-0.009	-0.009	1.000	0	1	0	-0.495	down	2766196	source/effects_batch_002.json.gz
ENSG00000108528	SLC25A11	36516485	GSE167186	ctx_d30649d2fd62	Unkown 7	NA	NA	0	17	19	90	-0.004	-0.004	1.077	0	1	0	-0.220	down	2854230	source/effects_batch_002.json.gz
ENSG00000108528	SLC25A11	36516485	GSE167186	ctx_d78029928f98	Adventitial cell	Mesenchymal stem cell	Muscle-derived cell	0	17	19	90	0.002	0.002	1.029	0	1	0	0.110	up	2743751	source/effects_batch_002.json.gz
ENSG00000108528	SLC25A11	36516485	GSE167186	ctx_e129c8e975de	Unkown 8	NA	NA	0	17	19	90	-0.008	-0.008	1.089	0	1	0	-0.440	down	2865247	source/effects_batch_002.json.gz
ENSG00000108528	SLC25A11	36516485	GSE167186	ctx_e81eac8c401a	Unkown 6	NA	NA	0	17	19	90	0.000	0.000	1.041	0	1	0	0.000	rounded_zero	2842349	source/effects_batch_002.json.gz
ENSG00000131943	C19orf12	36516485	GSE167186	ctx_0234b64ace9c	All Cells,  Skeletal Muscle	NA	NA	1	17	19	90	-0.001	-0.001	1.066	0	1	0	-0.055	down	2756627	source/effects_batch_002.json.gz
ENSG00000131943	C19orf12	36516485	GSE167186	ctx_0fd5032b2b0c	Adventitial cell 8	Mesenchymal stem cell	Myogenic endothelial cell	0	17	19	90	-0.003	-0.003	1.000	0	1	0	-0.165	down	2735404	source/effects_batch_002.json.gz
ENSG00000131943	C19orf12	36516485	GSE167186	ctx_1f3e2a4066d7	Adventitial cell 2	Mesenchymal stem cell	Myogenic endothelial cell	0	17	19	90	-0.006	-0.006	1.065	0	1	0	-0.330	down	2665110	source/effects_batch_002.json.gz
ENSG00000131943	C19orf12	36516485	GSE167186	ctx_238c34ecff52	Unkown	NA	NA	0	17	19	90	0.000	0.000	1.062	0	1	0	0.000	rounded_zero	2878285	source/effects_batch_002.json.gz
ENSG00000131943	C19orf12	36516485	GSE167186	ctx_3c1aedecb8ec	Adventitial cell 7	Mesenchymal stem cell	Myogenic endothelial cell	0	17	19	90	0.004	0.004	1.133	0	1	0	0.220	up	2724150	source/effects_batch_002.json.gz
ENSG00000131943	C19orf12	36516485	GSE167186	ctx_416833ac90ca	Mesenchymal stem cell 3	Adventitial cell	Mesenchymal stromal cell	0	17	19	90	-0.001	-0.001	1.043	0	1	0	-0.055	down	2778854	source/effects_batch_002.json.gz
ENSG00000131943	C19orf12	36516485	GSE167186	ctx_51a23717b452	Mesenchymal stem cell	Pericyte	NA	0	17	19	90	0.000	0.000	1.043	0	1	0	0.000	rounded_zero	2789824	source/effects_batch_002.json.gz
ENSG00000131943	C19orf12	36516485	GSE167186	ctx_5243fb2c6d5c	Adventitial cell 4	Mesenchymal stem cell	Muscle-derived cell	0	17	19	90	0.003	0.003	1.075	0	1	0	0.165	up	2688857	source/effects_batch_002.json.gz
ENSG00000131943	C19orf12	36516485	GSE167186	ctx_5da05f63762a	Unkown 4	NA	NA	0	17	19	90	-0.003	-0.003	1.090	0	1	0	-0.165	down	2822577	source/effects_batch_002.json.gz
ENSG00000131943	C19orf12	36516485	GSE167186	ctx_66b8877333b1	Adventitial cell 3	Mesenchymal stem cell	Myogenic endothelial cell	0	17	19	90	-0.007	-0.007	1.026	0	1	0	-0.385	down	2676956	source/effects_batch_002.json.gz
ENSG00000131943	C19orf12	36516485	GSE167186	ctx_926384c8242b	Unkown 5	NA	NA	0	17	19	90	0.002	0.002	1.050	0	1	0	0.110	up	2833441	source/effects_batch_002.json.gz
ENSG00000131943	C19orf12	36516485	GSE167186	ctx_93986af51167	Adventitial cell 5	Mesenchymal stem cell	Muscle-derived cell	0	17	19	90	0.007	0.007	1.056	0	1	0	0.385	up	2700689	source/effects_batch_002.json.gz
ENSG00000131943	C19orf12	36516485	GSE167186	ctx_9aa0a69d626d	Adventitial cell 6	Mesenchymal stem cell	Myogenic endothelial cell	0	17	19	90	-0.002	-0.002	1.052	0	1	0	-0.110	down	2712442	source/effects_batch_002.json.gz
ENSG00000131943	C19orf12	36516485	GSE167186	ctx_bfd71711437a	Unkown 2	NA	NA	0	17	19	90	-0.002	-0.002	1.054	0	1	0	-0.110	down	2801160	source/effects_batch_002.json.gz
ENSG00000131943	C19orf12	36516485	GSE167186	ctx_c138321e7ebd	Unkown 3	NA	NA	0	17	19	90	-0.001	-0.001	1.068	0	1	0	-0.055	down	2811678	source/effects_batch_002.json.gz
ENSG00000131943	C19orf12	36516485	GSE167186	ctx_c157cf74c34b	Mesenchymal stem cell 2	Adventitial cell	Mesenchymal stromal cell	0	17	19	90	-0.009	-0.009	1.047	0	1	0	-0.495	down	2767976	source/effects_batch_002.json.gz
ENSG00000131943	C19orf12	36516485	GSE167186	ctx_d30649d2fd62	Unkown 7	NA	NA	0	17	19	90	0.000	0.000	1.068	0	1	0	0.000	rounded_zero	2856028	source/effects_batch_002.json.gz
ENSG00000131943	C19orf12	36516485	GSE167186	ctx_d78029928f98	Adventitial cell	Mesenchymal stem cell	Muscle-derived cell	0	17	19	90	0.001	0.001	1.054	0	1	0	0.055	up	2745531	source/effects_batch_002.json.gz
ENSG00000131943	C19orf12	36516485	GSE167186	ctx_e129c8e975de	Unkown 8	NA	NA	0	17	19	90	0.011	0.011	1.077	0	1	0	0.605	up	2867097	source/effects_batch_002.json.gz
ENSG00000131943	C19orf12	36516485	GSE167186	ctx_e81eac8c401a	Unkown 6	NA	NA	0	17	19	90	-0.002	-0.002	1.072	0	1	0	-0.110	down	2844299	source/effects_batch_002.json.gz
ENSG00000163840	DTX3L	36516485	GSE167186	ctx_0234b64ace9c	All Cells,  Skeletal Muscle	NA	NA	1	17	19	90	-0.002	-0.002	1.038	0	1	0	-0.110	down	2759418	source/effects_batch_002.json.gz
ENSG00000163840	DTX3L	36516485	GSE167186	ctx_0fd5032b2b0c	Adventitial cell 8	Mesenchymal stem cell	Myogenic endothelial cell	0	17	19	90	-0.005	-0.005	1.100	0	1	0	-0.275	down	2737821	source/effects_batch_002.json.gz
ENSG00000163840	DTX3L	36516485	GSE167186	ctx_1f3e2a4066d7	Adventitial cell 2	Mesenchymal stem cell	Myogenic endothelial cell	0	17	19	90	-0.001	-0.001	1.126	0	1	0	-0.055	down	2667902	source/effects_batch_002.json.gz
ENSG00000163840	DTX3L	36516485	GSE167186	ctx_238c34ecff52	Unkown	NA	NA	0	17	19	90	-0.002	-0.002	1.008	0	1	0	-0.110	down	2880717	source/effects_batch_002.json.gz
ENSG00000163840	DTX3L	36516485	GSE167186	ctx_3c1aedecb8ec	Adventitial cell 7	Mesenchymal stem cell	Myogenic endothelial cell	0	17	19	90	-0.010	-0.010	1.091	0	1	0	-0.550	down	2726929	source/effects_batch_002.json.gz
ENSG00000163840	DTX3L	36516485	GSE167186	ctx_416833ac90ca	Mesenchymal stem cell 3	Adventitial cell	Mesenchymal stromal cell	0	17	19	90	0.008	0.008	1.000	0	1	0	0.440	up	2781409	source/effects_batch_002.json.gz
ENSG00000163840	DTX3L	36516485	GSE167186	ctx_51a23717b452	Mesenchymal stem cell	Pericyte	NA	0	17	19	90	-0.004	-0.004	1.047	0	1	0	-0.220	down	2792619	source/effects_batch_002.json.gz
ENSG00000163840	DTX3L	36516485	GSE167186	ctx_5243fb2c6d5c	Adventitial cell 4	Mesenchymal stem cell	Muscle-derived cell	0	17	19	90	-0.004	-0.004	1.026	0	1	0	-0.220	down	2691667	source/effects_batch_002.json.gz
ENSG00000163840	DTX3L	36516485	GSE167186	ctx_5da05f63762a	Unkown 4	NA	NA	0	17	19	90	0.001	0.001	1.025	0	1	0	0.055	up	2825164	source/effects_batch_002.json.gz
ENSG00000163840	DTX3L	36516485	GSE167186	ctx_66b8877333b1	Adventitial cell 3	Mesenchymal stem cell	Myogenic endothelial cell	0	17	19	90	-0.003	-0.003	1.092	0	1	0	-0.165	down	2679841	source/effects_batch_002.json.gz
ENSG00000163840	DTX3L	36516485	GSE167186	ctx_926384c8242b	Unkown 5	NA	NA	0	17	19	90	0.003	0.003	1.016	0	1	0	0.165	up	2835947	source/effects_batch_002.json.gz
ENSG00000163840	DTX3L	36516485	GSE167186	ctx_93986af51167	Adventitial cell 5	Mesenchymal stem cell	Muscle-derived cell	0	17	19	90	0.004	0.004	1.087	0	1	0	0.220	up	2703509	source/effects_batch_002.json.gz
ENSG00000163840	DTX3L	36516485	GSE167186	ctx_9aa0a69d626d	Adventitial cell 6	Mesenchymal stem cell	Myogenic endothelial cell	0	17	19	90	0.011	0.011	1.043	0	1	0	0.605	up	2715223	source/effects_batch_002.json.gz
ENSG00000163840	DTX3L	36516485	GSE167186	ctx_bfd71711437a	Unkown 2	NA	NA	0	17	19	90	-0.005	-0.005	1.019	0	1	0	-0.275	down	2803619	source/effects_batch_002.json.gz
ENSG00000163840	DTX3L	36516485	GSE167186	ctx_c138321e7ebd	Unkown 3	NA	NA	0	17	19	90	0.004	0.004	1.038	0	1	0	0.220	up	2814243	source/effects_batch_002.json.gz
ENSG00000163840	DTX3L	36516485	GSE167186	ctx_c157cf74c34b	Mesenchymal stem cell 2	Adventitial cell	Mesenchymal stromal cell	0	17	19	90	-0.008	-0.008	1.077	0	1	0	-0.440	down	2770571	source/effects_batch_002.json.gz
ENSG00000163840	DTX3L	36516485	GSE167186	ctx_d30649d2fd62	Unkown 7	NA	NA	0	17	19	90	-0.006	-0.006	1.019	0	1	0	-0.330	down	2858617	source/effects_batch_002.json.gz
ENSG00000163840	DTX3L	36516485	GSE167186	ctx_d78029928f98	Adventitial cell	Mesenchymal stem cell	Muscle-derived cell	0	17	19	90	-0.009	-0.009	1.044	0	1	0	-0.495	down	2748109	source/effects_batch_002.json.gz
ENSG00000163840	DTX3L	36516485	GSE167186	ctx_e129c8e975de	Unkown 8	NA	NA	0	17	19	90	0.021	0.021	1.000	0	1	0	1.155	up	2869832	source/effects_batch_002.json.gz
ENSG00000163840	DTX3L	36516485	GSE167186	ctx_e81eac8c401a	Unkown 6	NA	NA	0	17	19	90	0.002	0.002	1.065	0	1	0	0.110	up	2847169	source/effects_batch_002.json.gz
ENSG00000120694	HSPH1	36516485	GSE167186	ctx_0234b64ace9c	All Cells,  Skeletal Muscle	NA	NA	1	17	19	90	0.000	0.000	1.064	0	1	0	0.000	rounded_zero	2755756	source/effects_batch_002.json.gz
ENSG00000120694	HSPH1	36516485	GSE167186	ctx_0fd5032b2b0c	Adventitial cell 8	Mesenchymal stem cell	Myogenic endothelial cell	0	17	19	90	-0.011	-0.011	1.067	0	1	0	-0.605	down	2734638	source/effects_batch_002.json.gz
ENSG00000120694	HSPH1	36516485	GSE167186	ctx_1f3e2a4066d7	Adventitial cell 2	Mesenchymal stem cell	Myogenic endothelial cell	0	17	19	90	-0.003	-0.003	1.056	0	1	0	-0.165	down	2664235	source/effects_batch_002.json.gz
ENSG00000120694	HSPH1	36516485	GSE167186	ctx_238c34ecff52	Unkown	NA	NA	0	17	19	90	0.001	0.001	1.056	0	1	0	0.055	up	2877505	source/effects_batch_002.json.gz
ENSG00000120694	HSPH1	36516485	GSE167186	ctx_3c1aedecb8ec	Adventitial cell 7	Mesenchymal stem cell	Myogenic endothelial cell	0	17	19	90	-0.003	-0.003	1.094	0	1	0	-0.165	down	2723282	source/effects_batch_002.json.gz
ENSG00000120694	HSPH1	36516485	GSE167186	ctx_416833ac90ca	Mesenchymal stem cell 3	Adventitial cell	Mesenchymal stromal cell	0	17	19	90	-0.008	-0.008	1.000	0	1	0	-0.440	down	2778055	source/effects_batch_002.json.gz
ENSG00000120694	HSPH1	36516485	GSE167186	ctx_51a23717b452	Mesenchymal stem cell	Pericyte	NA	0	17	19	90	0.000	0.000	1.026	0	1	0	0.000	rounded_zero	2788950	source/effects_batch_002.json.gz
ENSG00000120694	HSPH1	36516485	GSE167186	ctx_5243fb2c6d5c	Adventitial cell 4	Mesenchymal stem cell	Muscle-derived cell	0	17	19	90	-0.004	-0.004	1.023	0	1	0	-0.220	down	2687979	source/effects_batch_002.json.gz
ENSG00000120694	HSPH1	36516485	GSE167186	ctx_5da05f63762a	Unkown 4	NA	NA	0	17	19	90	0.002	0.002	1.044	0	1	0	0.110	up	2821765	source/effects_batch_002.json.gz
ENSG00000120694	HSPH1	36516485	GSE167186	ctx_66b8877333b1	Adventitial cell 3	Mesenchymal stem cell	Myogenic endothelial cell	0	17	19	90	-0.002	-0.002	1.063	0	1	0	-0.110	down	2676072	source/effects_batch_002.json.gz
ENSG00000120694	HSPH1	36516485	GSE167186	ctx_926384c8242b	Unkown 5	NA	NA	0	17	19	90	-0.001	-0.001	1.050	0	1	0	-0.055	down	2832638	source/effects_batch_002.json.gz
ENSG00000120694	HSPH1	36516485	GSE167186	ctx_93986af51167	Adventitial cell 5	Mesenchymal stem cell	Muscle-derived cell	0	17	19	90	0.005	0.005	1.126	0	1	0	0.275	up	2699804	source/effects_batch_002.json.gz
ENSG00000120694	HSPH1	36516485	GSE167186	ctx_9aa0a69d626d	Adventitial cell 6	Mesenchymal stem cell	Myogenic endothelial cell	0	17	19	90	-0.001	-0.001	1.040	0	1	0	-0.055	down	2711572	source/effects_batch_002.json.gz
ENSG00000120694	HSPH1	36516485	GSE167186	ctx_bfd71711437a	Unkown 2	NA	NA	0	17	19	90	0.002	0.002	1.045	0	1	0	0.110	up	2800376	source/effects_batch_002.json.gz
ENSG00000120694	HSPH1	36516485	GSE167186	ctx_c138321e7ebd	Unkown 3	NA	NA	0	17	19	90	0.002	0.002	1.048	0	1	0	0.110	up	2810868	source/effects_batch_002.json.gz
ENSG00000120694	HSPH1	36516485	GSE167186	ctx_c157cf74c34b	Mesenchymal stem cell 2	Adventitial cell	Mesenchymal stromal cell	0	17	19	90	0.011	0.011	1.094	0	1	0	0.605	up	2767156	source/effects_batch_002.json.gz
ENSG00000120694	HSPH1	36516485	GSE167186	ctx_d30649d2fd62	Unkown 7	NA	NA	0	17	19	90	0.004	0.004	1.050	0	1	0	0.220	up	2855207	source/effects_batch_002.json.gz
ENSG00000120694	HSPH1	36516485	GSE167186	ctx_d78029928f98	Adventitial cell	Mesenchymal stem cell	Muscle-derived cell	0	17	19	90	-0.006	-0.006	1.057	0	1	0	-0.330	down	2744723	source/effects_batch_002.json.gz
ENSG00000120694	HSPH1	36516485	GSE167186	ctx_e129c8e975de	Unkown 8	NA	NA	0	17	19	90	0.022	0.022	1.103	0	1	0	1.210	up	2866262	source/effects_batch_002.json.gz
ENSG00000120694	HSPH1	36516485	GSE167186	ctx_e81eac8c401a	Unkown 6	NA	NA	0	17	19	90	-0.004	-0.004	1.060	0	1	0	-0.220	down	2843409	source/effects_batch_002.json.gz
ENSG00000117519	CNN3	36516485	GSE167186	ctx_0234b64ace9c	All Cells,  Skeletal Muscle	NA	NA	1	17	19	90	-0.005	-0.005	1.110	0	1	0	-0.275	down	2755520	source/effects_batch_002.json.gz
ENSG00000117519	CNN3	36516485	GSE167186	ctx_0fd5032b2b0c	Adventitial cell 8	Mesenchymal stem cell	Myogenic endothelial cell	0	17	19	90	-0.004	-0.004	1.042	0	1	0	-0.220	down	2734432	source/effects_batch_002.json.gz
ENSG00000117519	CNN3	36516485	GSE167186	ctx_1f3e2a4066d7	Adventitial cell 2	Mesenchymal stem cell	Myogenic endothelial cell	0	17	19	90	0.011	0.011	1.076	0	1	0	0.605	up	2663996	source/effects_batch_002.json.gz
ENSG00000117519	CNN3	36516485	GSE167186	ctx_238c34ecff52	Unkown	NA	NA	0	17	19	90	0.000	0.000	1.019	0	1	0	0.000	rounded_zero	2877295	source/effects_batch_002.json.gz
ENSG00000117519	CNN3	36516485	GSE167186	ctx_3c1aedecb8ec	Adventitial cell 7	Mesenchymal stem cell	Myogenic endothelial cell	0	17	19	90	0.010	0.010	1.176	0	1	0	0.550	up	2723047	source/effects_batch_002.json.gz
ENSG00000117519	CNN3	36516485	GSE167186	ctx_416833ac90ca	Mesenchymal stem cell 3	Adventitial cell	Mesenchymal stromal cell	0	17	19	90	-0.043	-0.043	1.000	0	1	0	-2.365	down	2777831	source/effects_batch_002.json.gz
ENSG00000117519	CNN3	36516485	GSE167186	ctx_51a23717b452	Mesenchymal stem cell	Pericyte	NA	0	17	19	90	-0.002	-0.002	1.127	0	1	0	-0.110	down	2788717	source/effects_batch_002.json.gz
ENSG00000117519	CNN3	36516485	GSE167186	ctx_5243fb2c6d5c	Adventitial cell 4	Mesenchymal stem cell	Muscle-derived cell	0	17	19	90	0.004	0.004	1.187	0	1	0	0.220	up	2687747	source/effects_batch_002.json.gz
ENSG00000117519	CNN3	36516485	GSE167186	ctx_5da05f63762a	Unkown 4	NA	NA	0	17	19	90	0.001	0.001	1.024	0	1	0	0.055	up	2821547	source/effects_batch_002.json.gz
ENSG00000117519	CNN3	36516485	GSE167186	ctx_66b8877333b1	Adventitial cell 3	Mesenchymal stem cell	Myogenic endothelial cell	0	17	19	90	-0.019	-0.019	1.119	0	1	0	-1.045	down	2675835	source/effects_batch_002.json.gz
ENSG00000117519	CNN3	36516485	GSE167186	ctx_926384c8242b	Unkown 5	NA	NA	0	17	19	90	0.006	0.006	1.015	0	1	0	0.330	up	2832425	source/effects_batch_002.json.gz
ENSG00000117519	CNN3	36516485	GSE167186	ctx_93986af51167	Adventitial cell 5	Mesenchymal stem cell	Muscle-derived cell	0	17	19	90	0.003	0.003	1.074	0	1	0	0.165	up	2699572	source/effects_batch_002.json.gz
ENSG00000117519	CNN3	36516485	GSE167186	ctx_9aa0a69d626d	Adventitial cell 6	Mesenchymal stem cell	Myogenic endothelial cell	0	17	19	90	0.014	0.014	1.000	0	1	0	0.770	up	2711341	source/effects_batch_002.json.gz
ENSG00000117519	CNN3	36516485	GSE167186	ctx_bfd71711437a	Unkown 2	NA	NA	0	17	19	90	-0.004	-0.004	1.023	0	1	0	-0.220	down	2800166	source/effects_batch_002.json.gz
ENSG00000117519	CNN3	36516485	GSE167186	ctx_c138321e7ebd	Unkown 3	NA	NA	0	17	19	90	0.001	0.001	1.016	0	1	0	0.055	up	2810647	source/effects_batch_002.json.gz
ENSG00000117519	CNN3	36516485	GSE167186	ctx_c157cf74c34b	Mesenchymal stem cell 2	Adventitial cell	Mesenchymal stromal cell	0	17	19	90	-0.014	-0.014	1.000	0	1	0	-0.770	down	2766937	source/effects_batch_002.json.gz
ENSG00000117519	CNN3	36516485	GSE167186	ctx_d30649d2fd62	Unkown 7	NA	NA	0	17	19	90	0.005	0.005	1.034	0	1	0	0.275	up	2854982	source/effects_batch_002.json.gz
ENSG00000117519	CNN3	36516485	GSE167186	ctx_d78029928f98	Adventitial cell	Mesenchymal stem cell	Muscle-derived cell	0	17	19	90	0.016	0.016	1.096	0	1	0	0.880	up	2744502	source/effects_batch_002.json.gz
ENSG00000117519	CNN3	36516485	GSE167186	ctx_e129c8e975de	Unkown 8	NA	NA	0	17	19	90	0.004	0.004	1.000	0	1	0	0.220	up	2866030	source/effects_batch_002.json.gz
ENSG00000117519	CNN3	36516485	GSE167186	ctx_e81eac8c401a	Unkown 6	NA	NA	0	17	19	90	-0.003	-0.003	1.102	0	1	0	-0.165	down	2843172	source/effects_batch_002.json.gz
ENSG00000164692	COL1A2	36516485	GSE167186	ctx_0234b64ace9c	All Cells,  Skeletal Muscle	NA	NA	1	17	19	90	-0.005	-0.005	1.816	0	1	0	-0.275	down	2759579	source/effects_batch_002.json.gz
ENSG00000164692	COL1A2	36516485	GSE167186	ctx_0fd5032b2b0c	Adventitial cell 8	Mesenchymal stem cell	Myogenic endothelial cell	0	17	19	90	-0.006	-0.006	2.511	0	1	0	-0.330	down	2737960	source/effects_batch_002.json.gz
ENSG00000164692	COL1A2	36516485	GSE167186	ctx_1f3e2a4066d7	Adventitial cell 2	Mesenchymal stem cell	Myogenic endothelial cell	0	17	19	90	-0.004	-0.004	1.202	0	1	0	-0.220	down	2668063	source/effects_batch_002.json.gz
ENSG00000164692	COL1A2	36516485	GSE167186	ctx_238c34ecff52	Unkown	NA	NA	0	17	19	90	0.001	0.001	1.086	0	1	0	0.055	up	2880863	source/effects_batch_002.json.gz
ENSG00000164692	COL1A2	36516485	GSE167186	ctx_3c1aedecb8ec	Adventitial cell 7	Mesenchymal stem cell	Myogenic endothelial cell	0	17	19	90	-0.010	-0.010	1.452	0	1	0	-0.550	down	2727086	source/effects_batch_002.json.gz
ENSG00000164692	COL1A2	36516485	GSE167186	ctx_416833ac90ca	Mesenchymal stem cell 3	Adventitial cell	Mesenchymal stromal cell	0	17	19	90	-0.009	-0.009	1.273	0	1	0	-0.495	down	2781554	source/effects_batch_002.json.gz
ENSG00000164692	COL1A2	36516485	GSE167186	ctx_51a23717b452	Mesenchymal stem cell	Pericyte	NA	0	17	19	90	-0.005	-0.005	1.460	0	1	0	-0.275	down	2792781	source/effects_batch_002.json.gz
ENSG00000164692	COL1A2	36516485	GSE167186	ctx_5243fb2c6d5c	Adventitial cell 4	Mesenchymal stem cell	Muscle-derived cell	0	17	19	90	-0.008	-0.008	1.378	0	1	0	-0.440	down	2691830	source/effects_batch_002.json.gz
ENSG00000164692	COL1A2	36516485	GSE167186	ctx_5da05f63762a	Unkown 4	NA	NA	0	17	19	90	-0.003	-0.003	1.102	0	1	0	-0.165	down	2825316	source/effects_batch_002.json.gz
ENSG00000164692	COL1A2	36516485	GSE167186	ctx_66b8877333b1	Adventitial cell 3	Mesenchymal stem cell	Myogenic endothelial cell	0	17	19	90	-0.004	-0.004	1.582	0	1	0	-0.220	down	2679998	source/effects_batch_002.json.gz
ENSG00000164692	COL1A2	36516485	GSE167186	ctx_926384c8242b	Unkown 5	NA	NA	0	17	19	90	0.003	0.003	1.154	0	1	0	0.165	up	2836091	source/effects_batch_002.json.gz
ENSG00000164692	COL1A2	36516485	GSE167186	ctx_93986af51167	Adventitial cell 5	Mesenchymal stem cell	Muscle-derived cell	0	17	19	90	-0.003	-0.003	3.244	0	1	0	-0.165	down	2703675	source/effects_batch_002.json.gz
ENSG00000164692	COL1A2	36516485	GSE167186	ctx_9aa0a69d626d	Adventitial cell 6	Mesenchymal stem cell	Myogenic endothelial cell	0	17	19	90	-0.010	-0.010	1.125	0	1	0	-0.550	down	2715381	source/effects_batch_002.json.gz
ENSG00000164692	COL1A2	36516485	GSE167186	ctx_bfd71711437a	Unkown 2	NA	NA	0	17	19	90	-0.002	-0.002	1.082	0	1	0	-0.110	down	2803762	source/effects_batch_002.json.gz
ENSG00000164692	COL1A2	36516485	GSE167186	ctx_c138321e7ebd	Unkown 3	NA	NA	0	17	19	90	-0.001	-0.001	1.098	0	1	0	-0.055	down	2814396	source/effects_batch_002.json.gz
ENSG00000164692	COL1A2	36516485	GSE167186	ctx_c157cf74c34b	Mesenchymal stem cell 2	Adventitial cell	Mesenchymal stromal cell	0	17	19	90	-0.007	-0.007	1.186	0	1	0	-0.385	down	2770722	source/effects_batch_002.json.gz
ENSG00000164692	COL1A2	36516485	GSE167186	ctx_d30649d2fd62	Unkown 7	NA	NA	0	17	19	90	0.006	0.006	1.070	0	1	0	0.330	up	2858772	source/effects_batch_002.json.gz
ENSG00000164692	COL1A2	36516485	GSE167186	ctx_d78029928f98	Adventitial cell	Mesenchymal stem cell	Muscle-derived cell	0	17	19	90	0.005	0.005	1.116	0	1	0	0.275	up	2748261	source/effects_batch_002.json.gz
ENSG00000164692	COL1A2	36516485	GSE167186	ctx_e129c8e975de	Unkown 8	NA	NA	0	17	19	90	-0.004	-0.004	1.158	0	1	0	-0.220	down	2869999	source/effects_batch_002.json.gz
ENSG00000164692	COL1A2	36516485	GSE167186	ctx_e81eac8c401a	Unkown 6	NA	NA	0	17	19	90	-0.005	-0.005	2.640	0	1	0	-0.275	down	2847335	source/effects_batch_002.json.gz
ENSG00000135070	ISCA1	36516485	GSE167186	ctx_0234b64ace9c	All Cells,  Skeletal Muscle	NA	NA	1	17	19	90	0.001	0.001	1.072	0	1	0	0.055	up	2756933	source/effects_batch_002.json.gz
ENSG00000135070	ISCA1	36516485	GSE167186	ctx_0fd5032b2b0c	Adventitial cell 8	Mesenchymal stem cell	Myogenic endothelial cell	0	17	19	90	0.007	0.007	1.000	0	1	0	0.385	up	2735661	source/effects_batch_002.json.gz
ENSG00000135070	ISCA1	36516485	GSE167186	ctx_1f3e2a4066d7	Adventitial cell 2	Mesenchymal stem cell	Myogenic endothelial cell	0	17	19	90	-0.003	-0.003	1.058	0	1	0	-0.165	down	2665415	source/effects_batch_002.json.gz
ENSG00000135070	ISCA1	36516485	GSE167186	ctx_238c34ecff52	Unkown	NA	NA	0	17	19	90	-0.001	-0.001	1.066	0	1	0	-0.055	down	2878545	source/effects_batch_002.json.gz
ENSG00000135070	ISCA1	36516485	GSE167186	ctx_3c1aedecb8ec	Adventitial cell 7	Mesenchymal stem cell	Myogenic endothelial cell	0	17	19	90	-0.006	-0.006	1.070	0	1	0	-0.330	down	2724451	source/effects_batch_002.json.gz
ENSG00000135070	ISCA1	36516485	GSE167186	ctx_416833ac90ca	Mesenchymal stem cell 3	Adventitial cell	Mesenchymal stromal cell	0	17	19	90	0.014	0.014	1.065	0	1	0	0.770	up	2779129	source/effects_batch_002.json.gz
ENSG00000135070	ISCA1	36516485	GSE167186	ctx_51a23717b452	Mesenchymal stem cell	Pericyte	NA	0	17	19	90	0.002	0.002	1.086	0	1	0	0.110	up	2790122	source/effects_batch_002.json.gz
ENSG00000135070	ISCA1	36516485	GSE167186	ctx_5243fb2c6d5c	Adventitial cell 4	Mesenchymal stem cell	Muscle-derived cell	0	17	19	90	0.000	0.000	1.057	0	1	0	0.000	rounded_zero	2689160	source/effects_batch_002.json.gz
ENSG00000135070	ISCA1	36516485	GSE167186	ctx_5da05f63762a	Unkown 4	NA	NA	0	17	19	90	0.002	0.002	1.122	0	1	0	0.110	up	2822855	source/effects_batch_002.json.gz
ENSG00000135070	ISCA1	36516485	GSE167186	ctx_66b8877333b1	Adventitial cell 3	Mesenchymal stem cell	Myogenic endothelial cell	0	17	19	90	0.000	0.000	1.051	0	1	0	0.000	rounded_zero	2677270	source/effects_batch_002.json.gz
ENSG00000135070	ISCA1	36516485	GSE167186	ctx_926384c8242b	Unkown 5	NA	NA	0	17	19	90	0.000	0.000	1.066	0	1	0	0.000	rounded_zero	2833712	source/effects_batch_002.json.gz
ENSG00000135070	ISCA1	36516485	GSE167186	ctx_93986af51167	Adventitial cell 5	Mesenchymal stem cell	Muscle-derived cell	0	17	19	90	-0.006	-0.006	1.058	0	1	0	-0.330	down	2700990	source/effects_batch_002.json.gz
ENSG00000135070	ISCA1	36516485	GSE167186	ctx_9aa0a69d626d	Adventitial cell 6	Mesenchymal stem cell	Myogenic endothelial cell	0	17	19	90	0.001	0.001	1.086	0	1	0	0.055	up	2712746	source/effects_batch_002.json.gz
ENSG00000135070	ISCA1	36516485	GSE167186	ctx_bfd71711437a	Unkown 2	NA	NA	0	17	19	90	0.002	0.002	1.112	0	1	0	0.110	up	2801426	source/effects_batch_002.json.gz
ENSG00000135070	ISCA1	36516485	GSE167186	ctx_c138321e7ebd	Unkown 3	NA	NA	0	17	19	90	-0.002	-0.002	1.090	0	1	0	-0.110	down	2811950	source/effects_batch_002.json.gz
ENSG00000135070	ISCA1	36516485	GSE167186	ctx_c157cf74c34b	Mesenchymal stem cell 2	Adventitial cell	Mesenchymal stromal cell	0	17	19	90	-0.003	-0.003	1.059	0	1	0	-0.165	down	2768260	source/effects_batch_002.json.gz
ENSG00000135070	ISCA1	36516485	GSE167186	ctx_d30649d2fd62	Unkown 7	NA	NA	0	17	19	90	-0.003	-0.003	1.104	0	1	0	-0.165	down	2856309	source/effects_batch_002.json.gz
ENSG00000135070	ISCA1	36516485	GSE167186	ctx_d78029928f98	Adventitial cell	Mesenchymal stem cell	Muscle-derived cell	0	17	19	90	-0.005	-0.005	1.069	0	1	0	-0.275	down	2745810	source/effects_batch_002.json.gz
ENSG00000135070	ISCA1	36516485	GSE167186	ctx_e129c8e975de	Unkown 8	NA	NA	0	17	19	90	0.006	0.006	1.046	0	1	0	0.330	up	2867388	source/effects_batch_002.json.gz
ENSG00000135070	ISCA1	36516485	GSE167186	ctx_e81eac8c401a	Unkown 6	NA	NA	0	17	19	90	0.001	0.001	1.086	0	1	0	0.055	up	2844606	source/effects_batch_002.json.gz
ENSG00000135541	AHI1	36516485	GSE167186	ctx_0234b64ace9c	All Cells,  Skeletal Muscle	NA	NA	1	17	19	90	-0.002	-0.002	1.194	0	1	0	-0.110	down	2756993	source/effects_batch_002.json.gz
ENSG00000135541	AHI1	36516485	GSE167186	ctx_0fd5032b2b0c	Adventitial cell 8	Mesenchymal stem cell	Myogenic endothelial cell	0	17	19	90	0.004	0.004	1.264	0	1	0	0.220	up	2735713	source/effects_batch_002.json.gz
ENSG00000135541	AHI1	36516485	GSE167186	ctx_1f3e2a4066d7	Adventitial cell 2	Mesenchymal stem cell	Myogenic endothelial cell	0	17	19	90	-0.002	-0.002	1.138	0	1	0	-0.110	down	2665473	source/effects_batch_002.json.gz
ENSG00000135541	AHI1	36516485	GSE167186	ctx_238c34ecff52	Unkown	NA	NA	0	17	19	90	-0.004	-0.004	1.090	0	1	0	-0.220	down	2878593	source/effects_batch_002.json.gz
ENSG00000135541	AHI1	36516485	GSE167186	ctx_3c1aedecb8ec	Adventitial cell 7	Mesenchymal stem cell	Myogenic endothelial cell	0	17	19	90	-0.001	-0.001	1.066	0	1	0	-0.055	down	2724513	source/effects_batch_002.json.gz
ENSG00000135541	AHI1	36516485	GSE167186	ctx_416833ac90ca	Mesenchymal stem cell 3	Adventitial cell	Mesenchymal stromal cell	0	17	19	90	0.002	0.002	1.160	0	1	0	0.110	up	2779186	source/effects_batch_002.json.gz
ENSG00000135541	AHI1	36516485	GSE167186	ctx_51a23717b452	Mesenchymal stem cell	Pericyte	NA	0	17	19	90	-0.006	-0.006	1.168	0	1	0	-0.330	down	2790183	source/effects_batch_002.json.gz
ENSG00000135541	AHI1	36516485	GSE167186	ctx_5243fb2c6d5c	Adventitial cell 4	Mesenchymal stem cell	Muscle-derived cell	0	17	19	90	-0.002	-0.002	1.176	0	1	0	-0.110	down	2689214	source/effects_batch_002.json.gz
ENSG00000135541	AHI1	36516485	GSE167186	ctx_5da05f63762a	Unkown 4	NA	NA	0	17	19	90	0.000	0.000	1.238	0	1	0	0.000	rounded_zero	2822907	source/effects_batch_002.json.gz
ENSG00000135541	AHI1	36516485	GSE167186	ctx_66b8877333b1	Adventitial cell 3	Mesenchymal stem cell	Myogenic endothelial cell	0	17	19	90	-0.004	-0.004	1.105	0	1	0	-0.220	down	2677332	source/effects_batch_002.json.gz
ENSG00000135541	AHI1	36516485	GSE167186	ctx_926384c8242b	Unkown 5	NA	NA	0	17	19	90	0.000	0.000	1.088	0	1	0	0.000	rounded_zero	2833762	source/effects_batch_002.json.gz
ENSG00000135541	AHI1	36516485	GSE167186	ctx_93986af51167	Adventitial cell 5	Mesenchymal stem cell	Muscle-derived cell	0	17	19	90	-0.007	-0.007	1.382	0	1	0	-0.385	down	2701051	source/effects_batch_002.json.gz
ENSG00000135541	AHI1	36516485	GSE167186	ctx_9aa0a69d626d	Adventitial cell 6	Mesenchymal stem cell	Myogenic endothelial cell	0	17	19	90	0.003	0.003	1.184	0	1	0	0.165	up	2712804	source/effects_batch_002.json.gz
ENSG00000135541	AHI1	36516485	GSE167186	ctx_bfd71711437a	Unkown 2	NA	NA	0	17	19	90	-0.002	-0.002	1.140	0	1	0	-0.110	down	2801475	source/effects_batch_002.json.gz
ENSG00000135541	AHI1	36516485	GSE167186	ctx_c138321e7ebd	Unkown 3	NA	NA	0	17	19	90	0.000	0.000	1.150	0	1	0	0.000	rounded_zero	2812001	source/effects_batch_002.json.gz
ENSG00000135541	AHI1	36516485	GSE167186	ctx_c157cf74c34b	Mesenchymal stem cell 2	Adventitial cell	Mesenchymal stromal cell	0	17	19	90	-0.004	-0.004	1.163	0	1	0	-0.220	down	2768312	source/effects_batch_002.json.gz
ENSG00000135541	AHI1	36516485	GSE167186	ctx_d30649d2fd62	Unkown 7	NA	NA	0	17	19	90	-0.001	-0.001	1.208	0	1	0	-0.055	down	2856360	source/effects_batch_002.json.gz
ENSG00000135541	AHI1	36516485	GSE167186	ctx_d78029928f98	Adventitial cell	Mesenchymal stem cell	Muscle-derived cell	0	17	19	90	-0.003	-0.003	1.109	0	1	0	-0.165	down	2745861	source/effects_batch_002.json.gz
ENSG00000135541	AHI1	36516485	GSE167186	ctx_e129c8e975de	Unkown 8	NA	NA	0	17	19	90	0.014	0.014	1.237	0	1	0	0.770	up	2867447	source/effects_batch_002.json.gz
ENSG00000135541	AHI1	36516485	GSE167186	ctx_e81eac8c401a	Unkown 6	NA	NA	0	17	19	90	-0.003	-0.003	1.428	0	1	0	-0.165	down	2844671	source/effects_batch_002.json.gz
ENSG00000152413	HOMER1	36516485	GSE167186	ctx_0234b64ace9c	All Cells,  Skeletal Muscle	NA	NA	1	17	19	90	-0.002	-0.002	1.242	0	1	0	-0.110	down	2758520	source/effects_batch_002.json.gz
ENSG00000152413	HOMER1	36516485	GSE167186	ctx_0fd5032b2b0c	Adventitial cell 8	Mesenchymal stem cell	Myogenic endothelial cell	0	17	19	90	0.003	0.003	1.222	0	1	0	0.165	up	2737045	source/effects_batch_002.json.gz
ENSG00000152413	HOMER1	36516485	GSE167186	ctx_1f3e2a4066d7	Adventitial cell 2	Mesenchymal stem cell	Myogenic endothelial cell	0	17	19	90	0.001	0.001	1.202	0	1	0	0.055	up	2666987	source/effects_batch_002.json.gz
ENSG00000152413	HOMER1	36516485	GSE167186	ctx_238c34ecff52	Unkown	NA	NA	0	17	19	90	-0.003	-0.003	1.216	0	1	0	-0.165	down	2879931	source/effects_batch_002.json.gz
ENSG00000152413	HOMER1	36516485	GSE167186	ctx_3c1aedecb8ec	Adventitial cell 7	Mesenchymal stem cell	Myogenic endothelial cell	0	17	19	90	0.006	0.006	1.069	0	1	0	0.330	up	2726010	source/effects_batch_002.json.gz
ENSG00000152413	HOMER1	36516485	GSE167186	ctx_416833ac90ca	Mesenchymal stem cell 3	Adventitial cell	Mesenchymal stromal cell	0	17	19	90	-0.006	-0.006	1.135	0	1	0	-0.330	down	2780598	source/effects_batch_002.json.gz
ENSG00000152413	HOMER1	36516485	GSE167186	ctx_51a23717b452	Mesenchymal stem cell	Pericyte	NA	0	17	19	90	0.002	0.002	1.241	0	1	0	0.110	up	2791714	source/effects_batch_002.json.gz
ENSG00000152413	HOMER1	36516485	GSE167186	ctx_5243fb2c6d5c	Adventitial cell 4	Mesenchymal stem cell	Muscle-derived cell	0	17	19	90	-0.004	-0.004	1.213	0	1	0	-0.220	down	2690765	source/effects_batch_002.json.gz
ENSG00000152413	HOMER1	36516485	GSE167186	ctx_5da05f63762a	Unkown 4	NA	NA	0	17	19	90	-0.002	-0.002	1.208	0	1	0	-0.110	down	2824323	source/effects_batch_002.json.gz
ENSG00000152413	HOMER1	36516485	GSE167186	ctx_66b8877333b1	Adventitial cell 3	Mesenchymal stem cell	Myogenic endothelial cell	0	17	19	90	-0.005	-0.005	1.309	0	1	0	-0.275	down	2678892	source/effects_batch_002.json.gz
ENSG00000152413	HOMER1	36516485	GSE167186	ctx_926384c8242b	Unkown 5	NA	NA	0	17	19	90	-0.001	-0.001	1.138	0	1	0	-0.055	down	2835139	source/effects_batch_002.json.gz
ENSG00000152413	HOMER1	36516485	GSE167186	ctx_93986af51167	Adventitial cell 5	Mesenchymal stem cell	Muscle-derived cell	0	17	19	90	0.005	0.005	1.103	0	1	0	0.275	up	2702595	source/effects_batch_002.json.gz
ENSG00000152413	HOMER1	36516485	GSE167186	ctx_9aa0a69d626d	Adventitial cell 6	Mesenchymal stem cell	Myogenic endothelial cell	0	17	19	90	-0.005	-0.005	1.288	0	1	0	-0.275	down	2714328	source/effects_batch_002.json.gz
ENSG00000152413	HOMER1	36516485	GSE167186	ctx_bfd71711437a	Unkown 2	NA	NA	0	17	19	90	-0.002	-0.002	1.120	0	1	0	-0.110	down	2802821	source/effects_batch_002.json.gz
ENSG00000152413	HOMER1	36516485	GSE167186	ctx_c138321e7ebd	Unkown 3	NA	NA	0	17	19	90	0.001	0.001	1.458	0	1	0	0.055	up	2813417	source/effects_batch_002.json.gz
ENSG00000152413	HOMER1	36516485	GSE167186	ctx_c157cf74c34b	Mesenchymal stem cell 2	Adventitial cell	Mesenchymal stromal cell	0	17	19	90	0.003	0.003	1.266	0	1	0	0.165	up	2769732	source/effects_batch_002.json.gz
ENSG00000152413	HOMER1	36516485	GSE167186	ctx_d30649d2fd62	Unkown 7	NA	NA	0	17	19	90	-0.002	-0.002	1.288	0	1	0	-0.110	down	2857780	source/effects_batch_002.json.gz
ENSG00000152413	HOMER1	36516485	GSE167186	ctx_d78029928f98	Adventitial cell	Mesenchymal stem cell	Muscle-derived cell	0	17	19	90	-0.004	-0.004	1.212	0	1	0	-0.220	down	2747285	source/effects_batch_002.json.gz
ENSG00000152413	HOMER1	36516485	GSE167186	ctx_e129c8e975de	Unkown 8	NA	NA	0	17	19	90	0.003	0.003	1.493	0	1	0	0.165	up	2868959	source/effects_batch_002.json.gz
ENSG00000152413	HOMER1	36516485	GSE167186	ctx_e81eac8c401a	Unkown 6	NA	NA	0	17	19	90	0.000	0.000	1.164	0	1	0	0.000	rounded_zero	2846235	source/effects_batch_002.json.gz
ENSG00000067113	PLPP1	36516485	GSE167186	ctx_0234b64ace9c	All Cells,  Skeletal Muscle	NA	NA	1	17	19	90	-0.001	-0.001	1.212	0	1	0	-0.055	down	2752989	source/effects_batch_002.json.gz
ENSG00000067113	PLPP1	36516485	GSE167186	ctx_0fd5032b2b0c	Adventitial cell 8	Mesenchymal stem cell	Myogenic endothelial cell	0	17	19	90	0.007	0.007	1.037	0	1	0	0.385	up	2732154	source/effects_batch_002.json.gz
ENSG00000067113	PLPP1	36516485	GSE167186	ctx_1f3e2a4066d7	Adventitial cell 2	Mesenchymal stem cell	Myogenic endothelial cell	0	17	19	90	-0.001	-0.001	1.189	0	1	0	-0.055	down	2661442	source/effects_batch_002.json.gz
ENSG00000067113	PLPP1	36516485	GSE167186	ctx_238c34ecff52	Unkown	NA	NA	0	17	19	90	-0.006	-0.006	1.166	0	1	0	-0.330	down	2875041	source/effects_batch_002.json.gz
ENSG00000067113	PLPP1	36516485	GSE167186	ctx_3c1aedecb8ec	Adventitial cell 7	Mesenchymal stem cell	Myogenic endothelial cell	0	17	19	90	0.003	0.003	1.130	0	1	0	0.165	up	2720485	source/effects_batch_002.json.gz
ENSG00000067113	PLPP1	36516485	GSE167186	ctx_416833ac90ca	Mesenchymal stem cell 3	Adventitial cell	Mesenchymal stromal cell	0	17	19	90	-0.001	-0.001	1.171	0	1	0	-0.055	down	2775499	source/effects_batch_002.json.gz
ENSG00000067113	PLPP1	36516485	GSE167186	ctx_51a23717b452	Mesenchymal stem cell	Pericyte	NA	0	17	19	90	0.002	0.002	1.173	0	1	0	0.110	up	2786171	source/effects_batch_002.json.gz
ENSG00000067113	PLPP1	36516485	GSE167186	ctx_5243fb2c6d5c	Adventitial cell 4	Mesenchymal stem cell	Muscle-derived cell	0	17	19	90	-0.004	-0.004	1.145	0	1	0	-0.220	down	2685196	source/effects_batch_002.json.gz
ENSG00000067113	PLPP1	36516485	GSE167186	ctx_5da05f63762a	Unkown 4	NA	NA	0	17	19	90	0.001	0.001	1.288	0	1	0	0.055	up	2819179	source/effects_batch_002.json.gz
ENSG00000067113	PLPP1	36516485	GSE167186	ctx_66b8877333b1	Adventitial cell 3	Mesenchymal stem cell	Myogenic endothelial cell	0	17	19	90	-0.008	-0.008	1.126	0	1	0	-0.440	down	2673258	source/effects_batch_002.json.gz
ENSG00000067113	PLPP1	36516485	GSE167186	ctx_926384c8242b	Unkown 5	NA	NA	0	17	19	90	0.002	0.002	1.124	0	1	0	0.110	up	2830121	source/effects_batch_002.json.gz
ENSG00000067113	PLPP1	36516485	GSE167186	ctx_93986af51167	Adventitial cell 5	Mesenchymal stem cell	Muscle-derived cell	0	17	19	90	-0.004	-0.004	1.157	0	1	0	-0.220	down	2697022	source/effects_batch_002.json.gz
ENSG00000067113	PLPP1	36516485	GSE167186	ctx_9aa0a69d626d	Adventitial cell 6	Mesenchymal stem cell	Myogenic endothelial cell	0	17	19	90	-0.003	-0.003	1.161	0	1	0	-0.165	down	2708820	source/effects_batch_002.json.gz
ENSG00000067113	PLPP1	36516485	GSE167186	ctx_bfd71711437a	Unkown 2	NA	NA	0	17	19	90	-0.004	-0.004	1.172	0	1	0	-0.220	down	2797902	source/effects_batch_002.json.gz
ENSG00000067113	PLPP1	36516485	GSE167186	ctx_c138321e7ebd	Unkown 3	NA	NA	0	17	19	90	-0.001	-0.001	1.192	0	1	0	-0.055	down	2808272	source/effects_batch_002.json.gz
ENSG00000067113	PLPP1	36516485	GSE167186	ctx_c157cf74c34b	Mesenchymal stem cell 2	Adventitial cell	Mesenchymal stromal cell	0	17	19	90	-0.002	-0.002	1.511	0	1	0	-0.110	down	2764595	source/effects_batch_002.json.gz
ENSG00000067113	PLPP1	36516485	GSE167186	ctx_d30649d2fd62	Unkown 7	NA	NA	0	17	19	90	-0.003	-0.003	1.246	0	1	0	-0.165	down	2852599	source/effects_batch_002.json.gz
ENSG00000067113	PLPP1	36516485	GSE167186	ctx_d78029928f98	Adventitial cell	Mesenchymal stem cell	Muscle-derived cell	0	17	19	90	0.001	0.001	1.141	0	1	0	0.055	up	2742141	source/effects_batch_002.json.gz
ENSG00000067113	PLPP1	36516485	GSE167186	ctx_e129c8e975de	Unkown 8	NA	NA	0	17	19	90	0.003	0.003	1.383	0	1	0	0.165	up	2863580	source/effects_batch_002.json.gz
ENSG00000067113	PLPP1	36516485	GSE167186	ctx_e81eac8c401a	Unkown 6	NA	NA	0	17	19	90	-0.001	-0.001	1.152	0	1	0	-0.055	down	2840574	source/effects_batch_002.json.gz
ENSG00000079999	KEAP1	36516485	GSE167186	ctx_0234b64ace9c	All Cells,  Skeletal Muscle	NA	NA	1	17	19	90	-0.002	-0.002	1.086	0	1	0	-0.110	down	2753343	source/effects_batch_002.json.gz
ENSG00000079999	KEAP1	36516485	GSE167186	ctx_0fd5032b2b0c	Adventitial cell 8	Mesenchymal stem cell	Myogenic endothelial cell	0	17	19	90	-0.011	-0.011	1.083	0	1	0	-0.605	down	2732497	source/effects_batch_002.json.gz
ENSG00000079999	KEAP1	36516485	GSE167186	ctx_1f3e2a4066d7	Adventitial cell 2	Mesenchymal stem cell	Myogenic endothelial cell	0	17	19	90	-0.002	-0.002	1.055	0	1	0	-0.110	down	2661796	source/effects_batch_002.json.gz
ENSG00000079999	KEAP1	36516485	GSE167186	ctx_238c34ecff52	Unkown	NA	NA	0	17	19	90	0.000	0.000	1.058	0	1	0	0.000	rounded_zero	2875357	source/effects_batch_002.json.gz
ENSG00000079999	KEAP1	36516485	GSE167186	ctx_3c1aedecb8ec	Adventitial cell 7	Mesenchymal stem cell	Myogenic endothelial cell	0	17	19	90	-0.001	-0.001	1.020	0	1	0	-0.055	down	2720843	source/effects_batch_002.json.gz
ENSG00000079999	KEAP1	36516485	GSE167186	ctx_416833ac90ca	Mesenchymal stem cell 3	Adventitial cell	Mesenchymal stromal cell	0	17	19	90	0.004	0.004	1.094	0	1	0	0.220	up	2775831	source/effects_batch_002.json.gz
ENSG00000079999	KEAP1	36516485	GSE167186	ctx_51a23717b452	Mesenchymal stem cell	Pericyte	NA	0	17	19	90	0.001	0.001	1.037	0	1	0	0.055	up	2786522	source/effects_batch_002.json.gz
ENSG00000079999	KEAP1	36516485	GSE167186	ctx_5243fb2c6d5c	Adventitial cell 4	Mesenchymal stem cell	Muscle-derived cell	0	17	19	90	0.002	0.002	1.074	0	1	0	0.110	up	2685554	source/effects_batch_002.json.gz
ENSG00000079999	KEAP1	36516485	GSE167186	ctx_5da05f63762a	Unkown 4	NA	NA	0	17	19	90	-0.004	-0.004	1.112	0	1	0	-0.220	down	2819509	source/effects_batch_002.json.gz
ENSG00000079999	KEAP1	36516485	GSE167186	ctx_66b8877333b1	Adventitial cell 3	Mesenchymal stem cell	Myogenic endothelial cell	0	17	19	90	-0.007	-0.007	1.071	0	1	0	-0.385	down	2673619	source/effects_batch_002.json.gz
ENSG00000079999	KEAP1	36516485	GSE167186	ctx_926384c8242b	Unkown 5	NA	NA	0	17	19	90	-0.003	-0.003	1.086	0	1	0	-0.165	down	2830442	source/effects_batch_002.json.gz
ENSG00000079999	KEAP1	36516485	GSE167186	ctx_93986af51167	Adventitial cell 5	Mesenchymal stem cell	Muscle-derived cell	0	17	19	90	-0.001	-0.001	1.037	0	1	0	-0.055	down	2697376	source/effects_batch_002.json.gz
ENSG00000079999	KEAP1	36516485	GSE167186	ctx_9aa0a69d626d	Adventitial cell 6	Mesenchymal stem cell	Myogenic endothelial cell	0	17	19	90	0.000	0.000	1.061	0	1	0	0.000	rounded_zero	2709175	source/effects_batch_002.json.gz
ENSG00000079999	KEAP1	36516485	GSE167186	ctx_bfd71711437a	Unkown 2	NA	NA	0	17	19	90	-0.002	-0.002	1.070	0	1	0	-0.110	down	2798217	source/effects_batch_002.json.gz
ENSG00000079999	KEAP1	36516485	GSE167186	ctx_c138321e7ebd	Unkown 3	NA	NA	0	17	19	90	-0.001	-0.001	1.088	0	1	0	-0.055	down	2808599	source/effects_batch_002.json.gz
ENSG00000079999	KEAP1	36516485	GSE167186	ctx_c157cf74c34b	Mesenchymal stem cell 2	Adventitial cell	Mesenchymal stromal cell	0	17	19	90	-0.004	-0.004	1.070	0	1	0	-0.220	down	2764922	source/effects_batch_002.json.gz
ENSG00000079999	KEAP1	36516485	GSE167186	ctx_d30649d2fd62	Unkown 7	NA	NA	0	17	19	90	0.001	0.001	1.084	0	1	0	0.055	up	2852927	source/effects_batch_002.json.gz
ENSG00000079999	KEAP1	36516485	GSE167186	ctx_d78029928f98	Adventitial cell	Mesenchymal stem cell	Muscle-derived cell	0	17	19	90	-0.007	-0.007	1.054	0	1	0	-0.385	down	2742462	source/effects_batch_002.json.gz
ENSG00000079999	KEAP1	36516485	GSE167186	ctx_e129c8e975de	Unkown 8	NA	NA	0	17	19	90	-0.008	-0.008	1.023	0	1	0	-0.440	down	2863922	source/effects_batch_002.json.gz
ENSG00000079999	KEAP1	36516485	GSE167186	ctx_e81eac8c401a	Unkown 6	NA	NA	0	17	19	90	-0.003	-0.003	1.034	0	1	0	-0.165	down	2840935	source/effects_batch_002.json.gz
ENSG00000196187	TMEM63A	36516485	GSE167186	ctx_0234b64ace9c	All Cells,  Skeletal Muscle	NA	NA	1	17	19	90	-0.004	-0.004	1.078	0	1	0	-0.220	down	2761950	source/effects_batch_002.json.gz
ENSG00000196187	TMEM63A	36516485	GSE167186	ctx_0fd5032b2b0c	Adventitial cell 8	Mesenchymal stem cell	Myogenic endothelial cell	0	17	19	90	0.004	0.004	1.167	0	1	0	0.220	up	2739931	source/effects_batch_002.json.gz
ENSG00000196187	TMEM63A	36516485	GSE167186	ctx_1f3e2a4066d7	Adventitial cell 2	Mesenchymal stem cell	Myogenic endothelial cell	0	17	19	90	-0.001	-0.001	1.138	0	1	0	-0.055	down	2670464	source/effects_batch_002.json.gz
ENSG00000196187	TMEM63A	36516485	GSE167186	ctx_238c34ecff52	Unkown	NA	NA	0	17	19	90	-0.004	-0.004	1.064	0	1	0	-0.220	down	2882933	source/effects_batch_002.json.gz
ENSG00000196187	TMEM63A	36516485	GSE167186	ctx_3c1aedecb8ec	Adventitial cell 7	Mesenchymal stem cell	Myogenic endothelial cell	0	17	19	90	0.003	0.003	1.105	0	1	0	0.165	up	2729467	source/effects_batch_002.json.gz
ENSG00000196187	TMEM63A	36516485	GSE167186	ctx_416833ac90ca	Mesenchymal stem cell 3	Adventitial cell	Mesenchymal stromal cell	0	17	19	90	-0.007	-0.007	1.128	0	1	0	-0.385	down	2783706	source/effects_batch_002.json.gz
ENSG00000196187	TMEM63A	36516485	GSE167186	ctx_51a23717b452	Mesenchymal stem cell	Pericyte	NA	0	17	19	90	-0.006	-0.006	1.089	0	1	0	-0.330	down	2795202	source/effects_batch_002.json.gz
ENSG00000196187	TMEM63A	36516485	GSE167186	ctx_5243fb2c6d5c	Adventitial cell 4	Mesenchymal stem cell	Muscle-derived cell	0	17	19	90	-0.002	-0.002	1.099	0	1	0	-0.110	down	2694225	source/effects_batch_002.json.gz
ENSG00000196187	TMEM63A	36516485	GSE167186	ctx_5da05f63762a	Unkown 4	NA	NA	0	17	19	90	-0.003	-0.003	1.080	0	1	0	-0.165	down	2827537	source/effects_batch_002.json.gz
ENSG00000196187	TMEM63A	36516485	GSE167186	ctx_66b8877333b1	Adventitial cell 3	Mesenchymal stem cell	Myogenic endothelial cell	0	17	19	90	-0.002	-0.002	1.102	0	1	0	-0.110	down	2682430	source/effects_batch_002.json.gz
ENSG00000196187	TMEM63A	36516485	GSE167186	ctx_926384c8242b	Unkown 5	NA	NA	0	17	19	90	-0.004	-0.004	1.036	0	1	0	-0.220	down	2838188	source/effects_batch_002.json.gz
ENSG00000196187	TMEM63A	36516485	GSE167186	ctx_93986af51167	Adventitial cell 5	Mesenchymal stem cell	Muscle-derived cell	0	17	19	90	-0.004	-0.004	1.120	0	1	0	-0.220	down	2706092	source/effects_batch_002.json.gz
ENSG00000196187	TMEM63A	36516485	GSE167186	ctx_9aa0a69d626d	Adventitial cell 6	Mesenchymal stem cell	Myogenic endothelial cell	0	17	19	90	-0.004	-0.004	1.194	0	1	0	-0.220	down	2717739	source/effects_batch_002.json.gz
ENSG00000196187	TMEM63A	36516485	GSE167186	ctx_bfd71711437a	Unkown 2	NA	NA	0	17	19	90	-0.005	-0.005	1.058	0	1	0	-0.275	down	2805840	source/effects_batch_002.json.gz
ENSG00000196187	TMEM63A	36516485	GSE167186	ctx_c138321e7ebd	Unkown 3	NA	NA	0	17	19	90	-0.001	-0.001	1.072	0	1	0	-0.055	down	2816604	source/effects_batch_002.json.gz
ENSG00000196187	TMEM63A	36516485	GSE167186	ctx_c157cf74c34b	Mesenchymal stem cell 2	Adventitial cell	Mesenchymal stromal cell	0	17	19	90	-0.008	-0.008	1.020	0	1	0	-0.440	down	2772939	source/effects_batch_002.json.gz
ENSG00000196187	TMEM63A	36516485	GSE167186	ctx_d30649d2fd62	Unkown 7	NA	NA	0	17	19	90	-0.007	-0.007	1.076	0	1	0	-0.385	down	2860976	source/effects_batch_002.json.gz
ENSG00000196187	TMEM63A	36516485	GSE167186	ctx_d78029928f98	Adventitial cell	Mesenchymal stem cell	Muscle-derived cell	0	17	19	90	-0.006	-0.006	1.057	0	1	0	-0.330	down	2750433	source/effects_batch_002.json.gz
ENSG00000196187	TMEM63A	36516485	GSE167186	ctx_e129c8e975de	Unkown 8	NA	NA	0	17	19	90	-0.016	-0.016	1.240	0	1	0	-0.880	down	2872323	source/effects_batch_002.json.gz
ENSG00000196187	TMEM63A	36516485	GSE167186	ctx_e81eac8c401a	Unkown 6	NA	NA	0	17	19	90	-0.005	-0.005	1.140	0	1	0	-0.275	down	2849811	source/effects_batch_002.json.gz
ENSG00000178053	MLF1	36516485	GSE167186	ctx_0234b64ace9c	All Cells,  Skeletal Muscle	NA	NA	1	17	19	90	-0.012	-0.012	1.246	0	1	0	-0.660	down	2761052	source/effects_batch_002.json.gz
ENSG00000178053	MLF1	36516485	GSE167186	ctx_0fd5032b2b0c	Adventitial cell 8	Mesenchymal stem cell	Myogenic endothelial cell	0	17	19	90	-0.033	-0.033	1.100	0	1	0	-1.815	down	2739224	source/effects_batch_002.json.gz
ENSG00000178053	MLF1	36516485	GSE167186	ctx_1f3e2a4066d7	Adventitial cell 2	Mesenchymal stem cell	Myogenic endothelial cell	0	17	19	90	-0.013	-0.013	1.214	0	1	0	-0.715	down	2669555	source/effects_batch_002.json.gz
ENSG00000178053	MLF1	36516485	GSE167186	ctx_238c34ecff52	Unkown	NA	NA	0	17	19	90	-0.012	-0.012	1.214	0	1	0	-0.660	down	2882158	source/effects_batch_002.json.gz
ENSG00000178053	MLF1	36516485	GSE167186	ctx_3c1aedecb8ec	Adventitial cell 7	Mesenchymal stem cell	Myogenic endothelial cell	0	17	19	90	-0.023	-0.023	1.125	0	1	0	-1.265	down	2728580	source/effects_batch_002.json.gz
ENSG00000178053	MLF1	36516485	GSE167186	ctx_416833ac90ca	Mesenchymal stem cell 3	Adventitial cell	Mesenchymal stromal cell	0	17	19	90	-0.007	-0.007	1.147	0	1	0	-0.385	down	2782904	source/effects_batch_002.json.gz
ENSG00000178053	MLF1	36516485	GSE167186	ctx_51a23717b452	Mesenchymal stem cell	Pericyte	NA	0	17	19	90	-0.008	-0.008	1.212	0	1	0	-0.440	down	2794293	source/effects_batch_002.json.gz
ENSG00000178053	MLF1	36516485	GSE167186	ctx_5243fb2c6d5c	Adventitial cell 4	Mesenchymal stem cell	Muscle-derived cell	0	17	19	90	-0.005	-0.005	1.161	0	1	0	-0.275	down	2693318	source/effects_batch_002.json.gz
ENSG00000178053	MLF1	36516485	GSE167186	ctx_5da05f63762a	Unkown 4	NA	NA	0	17	19	90	-0.013	-0.013	1.126	0	1	0	-0.715	down	2826686	source/effects_batch_002.json.gz
ENSG00000178053	MLF1	36516485	GSE167186	ctx_66b8877333b1	Adventitial cell 3	Mesenchymal stem cell	Myogenic endothelial cell	0	17	19	90	-0.010	-0.010	1.166	0	1	0	-0.550	down	2681502	source/effects_batch_002.json.gz
ENSG00000178053	MLF1	36516485	GSE167186	ctx_926384c8242b	Unkown 5	NA	NA	0	17	19	90	-0.012	-0.012	1.110	0	1	0	-0.660	down	2837410	source/effects_batch_002.json.gz
ENSG00000178053	MLF1	36516485	GSE167186	ctx_93986af51167	Adventitial cell 5	Mesenchymal stem cell	Muscle-derived cell	0	17	19	90	-0.011	-0.011	1.143	0	1	0	-0.605	down	2705170	source/effects_batch_002.json.gz
ENSG00000178053	MLF1	36516485	GSE167186	ctx_9aa0a69d626d	Adventitial cell 6	Mesenchymal stem cell	Myogenic endothelial cell	0	17	19	90	-0.010	-0.010	1.177	0	1	0	-0.550	down	2716843	source/effects_batch_002.json.gz
ENSG00000178053	MLF1	36516485	GSE167186	ctx_bfd71711437a	Unkown 2	NA	NA	0	17	19	90	-0.015	-0.015	1.138	0	1	0	-0.825	down	2805059	source/effects_batch_002.json.gz
ENSG00000178053	MLF1	36516485	GSE167186	ctx_c138321e7ebd	Unkown 3	NA	NA	0	17	19	90	-0.009	-0.009	1.416	0	1	0	-0.495	down	2815770	source/effects_batch_002.json.gz
ENSG00000178053	MLF1	36516485	GSE167186	ctx_c157cf74c34b	Mesenchymal stem cell 2	Adventitial cell	Mesenchymal stromal cell	0	17	19	90	-0.007	-0.007	1.134	0	1	0	-0.385	down	2772105	source/effects_batch_002.json.gz
ENSG00000178053	MLF1	36516485	GSE167186	ctx_d30649d2fd62	Unkown 7	NA	NA	0	17	19	90	-0.012	-0.012	1.290	0	1	0	-0.660	down	2860139	source/effects_batch_002.json.gz
ENSG00000178053	MLF1	36516485	GSE167186	ctx_d78029928f98	Adventitial cell	Mesenchymal stem cell	Muscle-derived cell	0	17	19	90	-0.016	-0.016	1.194	0	1	0	-0.880	down	2749607	source/effects_batch_002.json.gz
ENSG00000178053	MLF1	36516485	GSE167186	ctx_e129c8e975de	Unkown 8	NA	NA	0	17	19	90	0.001	0.001	1.474	0	1	0	0.055	up	2871442	source/effects_batch_002.json.gz
ENSG00000178053	MLF1	36516485	GSE167186	ctx_e81eac8c401a	Unkown 6	NA	NA	0	17	19	90	-0.012	-0.012	1.107	0	1	0	-0.660	down	2848860	source/effects_batch_002.json.gz
ENSG00000136167	LCP1	36516485	GSE167186	ctx_0234b64ace9c	All Cells,  Skeletal Muscle	NA	NA	1	17	19	90	0.002	0.002	1.090	0	1	0	0.110	up	2757091	source/effects_batch_002.json.gz
ENSG00000136167	LCP1	36516485	GSE167186	ctx_1f3e2a4066d7	Adventitial cell 2	Mesenchymal stem cell	Myogenic endothelial cell	0	17	19	90	-0.002	-0.002	1.000	0	1	0	-0.110	down	2665568	source/effects_batch_002.json.gz
ENSG00000136167	LCP1	36516485	GSE167186	ctx_416833ac90ca	Mesenchymal stem cell 3	Adventitial cell	Mesenchymal stromal cell	0	17	19	90	0.007	0.007	1.121	0	1	0	0.385	up	2779273	source/effects_batch_002.json.gz
ENSG00000136167	LCP1	36516485	GSE167186	ctx_66b8877333b1	Adventitial cell 3	Mesenchymal stem cell	Myogenic endothelial cell	0	17	19	90	-0.003	-0.003	1.164	0	1	0	-0.165	down	2677427	source/effects_batch_002.json.gz
ENSG00000136167	LCP1	36516485	GSE167186	ctx_926384c8242b	Unkown 5	NA	NA	0	17	19	90	-0.004	-0.004	1.016	0	1	0	-0.220	down	2833848	source/effects_batch_002.json.gz
ENSG00000136167	LCP1	36516485	GSE167186	ctx_93986af51167	Adventitial cell 5	Mesenchymal stem cell	Muscle-derived cell	0	17	19	90	-0.018	-0.018	1.000	0	1	0	-0.990	down	2701149	source/effects_batch_002.json.gz
ENSG00000136167	LCP1	36516485	GSE167186	ctx_9aa0a69d626d	Adventitial cell 6	Mesenchymal stem cell	Myogenic endothelial cell	0	17	19	90	0.003	0.003	1.224	0	1	0	0.165	up	2712897	source/effects_batch_002.json.gz
ENSG00000136167	LCP1	36516485	GSE167186	ctx_e129c8e975de	Unkown 8	NA	NA	0	17	19	90	0.049	0.049	1.000	0	1	0	2.695	up	2867541	source/effects_batch_002.json.gz
ENSG00000164687	FABP5	36516485	GSE167186	ctx_0234b64ace9c	All Cells,  Skeletal Muscle	NA	NA	1	17	19	90	-0.012	-0.012	1.260	0	1	0	-0.660	down	2759578	source/effects_batch_002.json.gz
ENSG00000164687	FABP5	36516485	GSE167186	ctx_0fd5032b2b0c	Adventitial cell 8	Mesenchymal stem cell	Myogenic endothelial cell	0	17	19	90	-0.002	-0.002	1.548	0	1	0	-0.110	down	2737959	source/effects_batch_002.json.gz
ENSG00000164687	FABP5	36516485	GSE167186	ctx_1f3e2a4066d7	Adventitial cell 2	Mesenchymal stem cell	Myogenic endothelial cell	0	17	19	90	-0.001	-0.001	1.556	0	1	0	-0.055	down	2668062	source/effects_batch_002.json.gz
ENSG00000164687	FABP5	36516485	GSE167186	ctx_238c34ecff52	Unkown	NA	NA	0	17	19	90	-0.006	-0.006	1.036	0	1	0	-0.330	down	2880862	source/effects_batch_002.json.gz
ENSG00000164687	FABP5	36516485	GSE167186	ctx_3c1aedecb8ec	Adventitial cell 7	Mesenchymal stem cell	Myogenic endothelial cell	0	17	19	90	-0.003	-0.003	1.897	0	1	0	-0.165	down	2727085	source/effects_batch_002.json.gz
ENSG00000164687	FABP5	36516485	GSE167186	ctx_416833ac90ca	Mesenchymal stem cell 3	Adventitial cell	Mesenchymal stromal cell	0	17	19	90	-0.004	-0.004	1.000	0	1	0	-0.220	down	2781553	source/effects_batch_002.json.gz
ENSG00000164687	FABP5	36516485	GSE167186	ctx_51a23717b452	Mesenchymal stem cell	Pericyte	NA	0	17	19	90	-0.004	-0.004	1.275	0	1	0	-0.220	down	2792780	source/effects_batch_002.json.gz
ENSG00000164687	FABP5	36516485	GSE167186	ctx_5243fb2c6d5c	Adventitial cell 4	Mesenchymal stem cell	Muscle-derived cell	0	17	19	90	-0.015	-0.015	1.061	0	1	0	-0.825	down	2691829	source/effects_batch_002.json.gz
ENSG00000164687	FABP5	36516485	GSE167186	ctx_5da05f63762a	Unkown 4	NA	NA	0	17	19	90	-0.006	-0.006	1.054	0	1	0	-0.330	down	2825315	source/effects_batch_002.json.gz
ENSG00000164687	FABP5	36516485	GSE167186	ctx_66b8877333b1	Adventitial cell 3	Mesenchymal stem cell	Myogenic endothelial cell	0	17	19	90	-0.014	-0.014	1.140	0	1	0	-0.770	down	2679996	source/effects_batch_002.json.gz
ENSG00000164687	FABP5	36516485	GSE167186	ctx_926384c8242b	Unkown 5	NA	NA	0	17	19	90	-0.008	-0.008	1.035	0	1	0	-0.440	down	2836090	source/effects_batch_002.json.gz
ENSG00000164687	FABP5	36516485	GSE167186	ctx_93986af51167	Adventitial cell 5	Mesenchymal stem cell	Muscle-derived cell	0	17	19	90	-0.014	-0.014	1.083	0	1	0	-0.770	down	2703674	source/effects_batch_002.json.gz
ENSG00000164687	FABP5	36516485	GSE167186	ctx_9aa0a69d626d	Adventitial cell 6	Mesenchymal stem cell	Myogenic endothelial cell	0	17	19	90	-0.002	-0.002	1.148	0	1	0	-0.110	down	2715379	source/effects_batch_002.json.gz
ENSG00000164687	FABP5	36516485	GSE167186	ctx_bfd71711437a	Unkown 2	NA	NA	0	17	19	90	-0.008	-0.008	1.042	0	1	0	-0.440	down	2803761	source/effects_batch_002.json.gz
ENSG00000164687	FABP5	36516485	GSE167186	ctx_c138321e7ebd	Unkown 3	NA	NA	0	17	19	90	-0.008	-0.008	1.042	0	1	0	-0.440	down	2814395	source/effects_batch_002.json.gz
ENSG00000164687	FABP5	36516485	GSE167186	ctx_c157cf74c34b	Mesenchymal stem cell 2	Adventitial cell	Mesenchymal stromal cell	0	17	19	90	0.002	0.002	1.077	0	1	0	0.110	up	2770721	source/effects_batch_002.json.gz
ENSG00000164687	FABP5	36516485	GSE167186	ctx_d30649d2fd62	Unkown 7	NA	NA	0	17	19	90	-0.003	-0.003	1.083	0	1	0	-0.165	down	2858771	source/effects_batch_002.json.gz
ENSG00000164687	FABP5	36516485	GSE167186	ctx_d78029928f98	Adventitial cell	Mesenchymal stem cell	Muscle-derived cell	0	17	19	90	0.004	0.004	1.019	0	1	0	0.220	up	2748260	source/effects_batch_002.json.gz
ENSG00000164687	FABP5	36516485	GSE167186	ctx_e129c8e975de	Unkown 8	NA	NA	0	17	19	90	0.046	0.046	1.000	0	1	0	2.530	up	2869998	source/effects_batch_002.json.gz
ENSG00000164687	FABP5	36516485	GSE167186	ctx_e81eac8c401a	Unkown 6	NA	NA	0	17	19	90	-0.007	-0.007	1.029	0	1	0	-0.385	down	2847334	source/effects_batch_002.json.gz
ENSG00000116748	AMPD1	36516485	GSE167186	ctx_0234b64ace9c	All Cells,  Skeletal Muscle	NA	NA	1	17	19	90	-0.004	-0.004	2.858	0	1	0	-0.220	down	2755447	source/effects_batch_002.json.gz
ENSG00000116748	AMPD1	36516485	GSE167186	ctx_0fd5032b2b0c	Adventitial cell 8	Mesenchymal stem cell	Myogenic endothelial cell	0	17	19	90	0.007	0.007	1.500	0	1	0	0.385	up	2734369	source/effects_batch_002.json.gz
ENSG00000116748	AMPD1	36516485	GSE167186	ctx_1f3e2a4066d7	Adventitial cell 2	Mesenchymal stem cell	Myogenic endothelial cell	0	17	19	90	-0.002	-0.002	2.374	0	1	0	-0.110	down	2663924	source/effects_batch_002.json.gz
ENSG00000116748	AMPD1	36516485	GSE167186	ctx_238c34ecff52	Unkown	NA	NA	0	17	19	90	-0.003	-0.003	2.822	0	1	0	-0.165	down	2877229	source/effects_batch_002.json.gz
ENSG00000116748	AMPD1	36516485	GSE167186	ctx_3c1aedecb8ec	Adventitial cell 7	Mesenchymal stem cell	Myogenic endothelial cell	0	17	19	90	0.000	0.000	1.622	0	1	0	0.000	rounded_zero	2722979	source/effects_batch_002.json.gz
ENSG00000116748	AMPD1	36516485	GSE167186	ctx_416833ac90ca	Mesenchymal stem cell 3	Adventitial cell	Mesenchymal stromal cell	0	17	19	90	-0.002	-0.002	2.261	0	1	0	-0.110	down	2777767	source/effects_batch_002.json.gz
ENSG00000116748	AMPD1	36516485	GSE167186	ctx_51a23717b452	Mesenchymal stem cell	Pericyte	NA	0	17	19	90	-0.003	-0.003	2.276	0	1	0	-0.165	down	2788645	source/effects_batch_002.json.gz
ENSG00000116748	AMPD1	36516485	GSE167186	ctx_5243fb2c6d5c	Adventitial cell 4	Mesenchymal stem cell	Muscle-derived cell	0	17	19	90	0.000	0.000	2.560	0	1	0	0.000	rounded_zero	2687675	source/effects_batch_002.json.gz
ENSG00000116748	AMPD1	36516485	GSE167186	ctx_5da05f63762a	Unkown 4	NA	NA	0	17	19	90	-0.004	-0.004	2.800	0	1	0	-0.220	down	2821477	source/effects_batch_002.json.gz
ENSG00000116748	AMPD1	36516485	GSE167186	ctx_66b8877333b1	Adventitial cell 3	Mesenchymal stem cell	Myogenic endothelial cell	0	17	19	90	-0.002	-0.002	2.270	0	1	0	-0.110	down	2675765	source/effects_batch_002.json.gz
ENSG00000116748	AMPD1	36516485	GSE167186	ctx_926384c8242b	Unkown 5	NA	NA	0	17	19	90	-0.003	-0.003	1.788	0	1	0	-0.165	down	2832357	source/effects_batch_002.json.gz
ENSG00000116748	AMPD1	36516485	GSE167186	ctx_93986af51167	Adventitial cell 5	Mesenchymal stem cell	Muscle-derived cell	0	17	19	90	-0.003	-0.003	1.942	0	1	0	-0.165	down	2699500	source/effects_batch_002.json.gz
ENSG00000116748	AMPD1	36516485	GSE167186	ctx_9aa0a69d626d	Adventitial cell 6	Mesenchymal stem cell	Myogenic endothelial cell	0	17	19	90	-0.005	-0.005	2.416	0	1	0	-0.275	down	2711266	source/effects_batch_002.json.gz
ENSG00000116748	AMPD1	36516485	GSE167186	ctx_bfd71711437a	Unkown 2	NA	NA	0	17	19	90	-0.004	-0.004	2.254	0	1	0	-0.220	down	2800098	source/effects_batch_002.json.gz
ENSG00000116748	AMPD1	36516485	GSE167186	ctx_c138321e7ebd	Unkown 3	NA	NA	0	17	19	90	-0.004	-0.004	3.890	0	1	0	-0.220	down	2810577	source/effects_batch_002.json.gz
ENSG00000116748	AMPD1	36516485	GSE167186	ctx_c157cf74c34b	Mesenchymal stem cell 2	Adventitial cell	Mesenchymal stromal cell	0	17	19	90	0.000	0.000	2.319	0	1	0	0.000	rounded_zero	2766867	source/effects_batch_002.json.gz
ENSG00000116748	AMPD1	36516485	GSE167186	ctx_d30649d2fd62	Unkown 7	NA	NA	0	17	19	90	-0.002	-0.002	3.290	0	1	0	-0.110	down	2854911	source/effects_batch_002.json.gz
ENSG00000116748	AMPD1	36516485	GSE167186	ctx_d78029928f98	Adventitial cell	Mesenchymal stem cell	Muscle-derived cell	0	17	19	90	-0.009	-0.009	1.914	3.6750293652342	0.00021133461390975407	1	-0.495	down	2744434	source/effects_batch_002.json.gz
ENSG00000116748	AMPD1	36516485	GSE167186	ctx_e129c8e975de	Unkown 8	NA	NA	0	17	19	90	-0.003	-0.003	2.407	0	1	0	-0.165	down	2865959	source/effects_batch_002.json.gz
ENSG00000116748	AMPD1	36516485	GSE167186	ctx_e81eac8c401a	Unkown 6	NA	NA	0	17	19	90	0.000	0.000	2.012	0	1	0	0.000	rounded_zero	2843099	source/effects_batch_002.json.gz
ENSG00000132359	RAP1GAP2	36516485	GSE167186	ctx_3c1aedecb8ec	Adventitial cell 7	Mesenchymal stem cell	Myogenic endothelial cell	0	17	19	90	0.005	0.005	1.000	0	1	0	0.275	up	2724184	source/effects_batch_002.json.gz
ENSG00000132359	RAP1GAP2	36516485	GSE167186	ctx_416833ac90ca	Mesenchymal stem cell 3	Adventitial cell	Mesenchymal stromal cell	0	17	19	90	0.000	0.000	1.022	0	1	0	0.000	rounded_zero	2778885	source/effects_batch_002.json.gz
ENSG00000132359	RAP1GAP2	36516485	GSE167186	ctx_51a23717b452	Mesenchymal stem cell	Pericyte	NA	0	17	19	90	-0.004	-0.004	1.044	0	1	0	-0.220	down	2789856	source/effects_batch_002.json.gz
ENSG00000132359	RAP1GAP2	36516485	GSE167186	ctx_5243fb2c6d5c	Adventitial cell 4	Mesenchymal stem cell	Muscle-derived cell	0	17	19	90	-0.004	-0.004	1.044	0	1	0	-0.220	down	2688889	source/effects_batch_002.json.gz
ENSG00000132359	RAP1GAP2	36516485	GSE167186	ctx_66b8877333b1	Adventitial cell 3	Mesenchymal stem cell	Myogenic endothelial cell	0	17	19	90	-0.006	-0.006	1.078	0	1	0	-0.330	down	2676991	source/effects_batch_002.json.gz
ENSG00000132359	RAP1GAP2	36516485	GSE167186	ctx_9aa0a69d626d	Adventitial cell 6	Mesenchymal stem cell	Myogenic endothelial cell	0	17	19	90	-0.006	-0.006	1.085	0	1	0	-0.330	down	2712476	source/effects_batch_002.json.gz
ENSG00000129083	COPB1	36516485	GSE167186	ctx_0234b64ace9c	All Cells,  Skeletal Muscle	NA	NA	1	17	19	90	0.001	0.001	1.034	0	1	0	0.055	up	2756368	source/effects_batch_003.json.gz
ENSG00000129083	COPB1	36516485	GSE167186	ctx_0fd5032b2b0c	Adventitial cell 8	Mesenchymal stem cell	Myogenic endothelial cell	0	17	19	90	0.004	0.004	1.000	0	1	0	0.220	up	2735183	source/effects_batch_003.json.gz
ENSG00000129083	COPB1	36516485	GSE167186	ctx_1f3e2a4066d7	Adventitial cell 2	Mesenchymal stem cell	Myogenic endothelial cell	0	17	19	90	0.001	0.001	1.067	0	1	0	0.055	up	2664847	source/effects_batch_003.json.gz
ENSG00000129083	COPB1	36516485	GSE167186	ctx_238c34ecff52	Unkown	NA	NA	0	17	19	90	0.001	0.001	1.020	0	1	0	0.055	up	2878059	source/effects_batch_003.json.gz
ENSG00000129083	COPB1	36516485	GSE167186	ctx_3c1aedecb8ec	Adventitial cell 7	Mesenchymal stem cell	Myogenic endothelial cell	0	17	19	90	0.007	0.007	1.071	0	1	0	0.385	up	2723892	source/effects_batch_003.json.gz
ENSG00000129083	COPB1	36516485	GSE167186	ctx_416833ac90ca	Mesenchymal stem cell 3	Adventitial cell	Mesenchymal stromal cell	0	17	19	90	-0.001	-0.001	1.026	0	1	0	-0.055	down	2778618	source/effects_batch_003.json.gz
ENSG00000129083	COPB1	36516485	GSE167186	ctx_51a23717b452	Mesenchymal stem cell	Pericyte	NA	0	17	19	90	-0.001	-0.001	1.051	0	1	0	-0.055	down	2789567	source/effects_batch_003.json.gz
ENSG00000129083	COPB1	36516485	GSE167186	ctx_5243fb2c6d5c	Adventitial cell 4	Mesenchymal stem cell	Muscle-derived cell	0	17	19	90	-0.001	-0.001	1.080	0	1	0	-0.055	down	2688598	source/effects_batch_003.json.gz
ENSG00000129083	COPB1	36516485	GSE167186	ctx_5da05f63762a	Unkown 4	NA	NA	0	17	19	90	0.002	0.002	1.034	0	1	0	0.110	up	2822337	source/effects_batch_003.json.gz
ENSG00000129083	COPB1	36516485	GSE167186	ctx_66b8877333b1	Adventitial cell 3	Mesenchymal stem cell	Myogenic endothelial cell	0	17	19	90	0.005	0.005	1.053	0	1	0	0.275	up	2676694	source/effects_batch_003.json.gz
ENSG00000129083	COPB1	36516485	GSE167186	ctx_926384c8242b	Unkown 5	NA	NA	0	17	19	90	0.004	0.004	1.050	0	1	0	0.220	up	2833203	source/effects_batch_003.json.gz
ENSG00000129083	COPB1	36516485	GSE167186	ctx_93986af51167	Adventitial cell 5	Mesenchymal stem cell	Muscle-derived cell	0	17	19	90	0.005	0.005	1.082	0	1	0	0.275	up	2700434	source/effects_batch_003.json.gz
ENSG00000129083	COPB1	36516485	GSE167186	ctx_9aa0a69d626d	Adventitial cell 6	Mesenchymal stem cell	Myogenic endothelial cell	0	17	19	90	-0.001	-0.001	1.052	0	1	0	-0.055	down	2712185	source/effects_batch_003.json.gz
ENSG00000129083	COPB1	36516485	GSE167186	ctx_bfd71711437a	Unkown 2	NA	NA	0	17	19	90	0.002	0.002	1.040	0	1	0	0.110	up	2800930	source/effects_batch_003.json.gz
ENSG00000129083	COPB1	36516485	GSE167186	ctx_c138321e7ebd	Unkown 3	NA	NA	0	17	19	90	0.001	0.001	1.062	0	1	0	0.055	up	2811442	source/effects_batch_003.json.gz
ENSG00000129083	COPB1	36516485	GSE167186	ctx_c157cf74c34b	Mesenchymal stem cell 2	Adventitial cell	Mesenchymal stromal cell	0	17	19	90	-0.005	-0.005	1.070	0	1	0	-0.275	down	2767736	source/effects_batch_003.json.gz
ENSG00000129083	COPB1	36516485	GSE167186	ctx_d30649d2fd62	Unkown 7	NA	NA	0	17	19	90	0.002	0.002	1.042	0	1	0	0.110	up	2855787	source/effects_batch_003.json.gz
ENSG00000129083	COPB1	36516485	GSE167186	ctx_d78029928f98	Adventitial cell	Mesenchymal stem cell	Muscle-derived cell	0	17	19	90	0.003	0.003	1.018	0	1	0	0.165	up	2745295	source/effects_batch_003.json.gz
ENSG00000129083	COPB1	36516485	GSE167186	ctx_e129c8e975de	Unkown 8	NA	NA	0	17	19	90	-0.005	-0.005	1.127	0	1	0	-0.275	down	2866851	source/effects_batch_003.json.gz
ENSG00000129083	COPB1	36516485	GSE167186	ctx_e81eac8c401a	Unkown 6	NA	NA	0	17	19	90	-0.001	-0.001	1.074	0	1	0	-0.055	down	2844040	source/effects_batch_003.json.gz
ENSG00000075336	TIMM21	36516485	GSE167186	ctx_0234b64ace9c	All Cells,  Skeletal Muscle	NA	NA	1	17	19	90	0.000	0.000	1.090	0	1	0	0.000	rounded_zero	2753209	source/effects_batch_003.json.gz
ENSG00000075336	TIMM21	36516485	GSE167186	ctx_0fd5032b2b0c	Adventitial cell 8	Mesenchymal stem cell	Myogenic endothelial cell	0	17	19	90	-0.008	-0.008	1.071	0	1	0	-0.440	down	2732363	source/effects_batch_003.json.gz
ENSG00000075336	TIMM21	36516485	GSE167186	ctx_1f3e2a4066d7	Adventitial cell 2	Mesenchymal stem cell	Myogenic endothelial cell	0	17	19	90	0.001	0.001	1.075	0	1	0	0.055	up	2661660	source/effects_batch_003.json.gz
ENSG00000075336	TIMM21	36516485	GSE167186	ctx_238c34ecff52	Unkown	NA	NA	0	17	19	90	-0.001	-0.001	1.068	0	1	0	-0.055	down	2875243	source/effects_batch_003.json.gz
ENSG00000075336	TIMM21	36516485	GSE167186	ctx_3c1aedecb8ec	Adventitial cell 7	Mesenchymal stem cell	Myogenic endothelial cell	0	17	19	90	-0.002	-0.002	1.000	0	1	0	-0.110	down	2720705	source/effects_batch_003.json.gz
ENSG00000075336	TIMM21	36516485	GSE167186	ctx_416833ac90ca	Mesenchymal stem cell 3	Adventitial cell	Mesenchymal stromal cell	0	17	19	90	0.001	0.001	1.033	0	1	0	0.055	up	2775704	source/effects_batch_003.json.gz
ENSG00000075336	TIMM21	36516485	GSE167186	ctx_51a23717b452	Mesenchymal stem cell	Pericyte	NA	0	17	19	90	-0.002	-0.002	1.073	0	1	0	-0.110	down	2786391	source/effects_batch_003.json.gz
ENSG00000075336	TIMM21	36516485	GSE167186	ctx_5243fb2c6d5c	Adventitial cell 4	Mesenchymal stem cell	Muscle-derived cell	0	17	19	90	0.000	0.000	1.108	0	1	0	0.000	rounded_zero	2685418	source/effects_batch_003.json.gz
ENSG00000075336	TIMM21	36516485	GSE167186	ctx_5da05f63762a	Unkown 4	NA	NA	0	17	19	90	-0.001	-0.001	1.100	0	1	0	-0.055	down	2819388	source/effects_batch_003.json.gz
ENSG00000075336	TIMM21	36516485	GSE167186	ctx_66b8877333b1	Adventitial cell 3	Mesenchymal stem cell	Myogenic endothelial cell	0	17	19	90	-0.006	-0.006	1.093	0	1	0	-0.330	down	2673480	source/effects_batch_003.json.gz
ENSG00000075336	TIMM21	36516485	GSE167186	ctx_926384c8242b	Unkown 5	NA	NA	0	17	19	90	0.001	0.001	1.072	0	1	0	0.055	up	2830323	source/effects_batch_003.json.gz
ENSG00000075336	TIMM21	36516485	GSE167186	ctx_93986af51167	Adventitial cell 5	Mesenchymal stem cell	Muscle-derived cell	0	17	19	90	-0.002	-0.002	1.091	0	1	0	-0.110	down	2697240	source/effects_batch_003.json.gz
ENSG00000075336	TIMM21	36516485	GSE167186	ctx_9aa0a69d626d	Adventitial cell 6	Mesenchymal stem cell	Myogenic endothelial cell	0	17	19	90	0.011	0.011	1.021	0	1	0	0.605	up	2709041	source/effects_batch_003.json.gz
ENSG00000075336	TIMM21	36516485	GSE167186	ctx_bfd71711437a	Unkown 2	NA	NA	0	17	19	90	-0.002	-0.002	1.068	0	1	0	-0.110	down	2798102	source/effects_batch_003.json.gz
ENSG00000075336	TIMM21	36516485	GSE167186	ctx_c138321e7ebd	Unkown 3	NA	NA	0	17	19	90	0.000	0.000	1.076	0	1	0	0.000	rounded_zero	2808480	source/effects_batch_003.json.gz
ENSG00000075336	TIMM21	36516485	GSE167186	ctx_c157cf74c34b	Mesenchymal stem cell 2	Adventitial cell	Mesenchymal stromal cell	0	17	19	90	-0.020	-0.020	1.164	0	1	0	-1.100	down	2764802	source/effects_batch_003.json.gz
ENSG00000075336	TIMM21	36516485	GSE167186	ctx_d30649d2fd62	Unkown 7	NA	NA	0	17	19	90	0.000	0.000	1.068	0	1	0	0.000	rounded_zero	2852807	source/effects_batch_003.json.gz
ENSG00000075336	TIMM21	36516485	GSE167186	ctx_d78029928f98	Adventitial cell	Mesenchymal stem cell	Muscle-derived cell	0	17	19	90	-0.004	-0.004	1.096	0	1	0	-0.220	down	2742347	source/effects_batch_003.json.gz
ENSG00000075336	TIMM21	36516485	GSE167186	ctx_e129c8e975de	Unkown 8	NA	NA	0	17	19	90	0.011	0.011	1.125	0	1	0	0.605	up	2863799	source/effects_batch_003.json.gz
ENSG00000075336	TIMM21	36516485	GSE167186	ctx_e81eac8c401a	Unkown 6	NA	NA	0	17	19	90	0.001	0.001	1.064	0	1	0	0.055	up	2840794	source/effects_batch_003.json.gz
ENSG00000163541	SUCLG1	36516485	GSE167186	ctx_0234b64ace9c	All Cells,  Skeletal Muscle	NA	NA	1	17	19	90	-0.002	-0.002	1.082	0	1	0	-0.110	down	2759363	source/effects_batch_003.json.gz
ENSG00000163541	SUCLG1	36516485	GSE167186	ctx_0fd5032b2b0c	Adventitial cell 8	Mesenchymal stem cell	Myogenic endothelial cell	0	17	19	90	0.008	0.008	1.111	0	1	0	0.440	up	2737767	source/effects_batch_003.json.gz
ENSG00000163541	SUCLG1	36516485	GSE167186	ctx_1f3e2a4066d7	Adventitial cell 2	Mesenchymal stem cell	Myogenic endothelial cell	0	17	19	90	-0.001	-0.001	1.069	0	1	0	-0.055	down	2667844	source/effects_batch_003.json.gz
ENSG00000163541	SUCLG1	36516485	GSE167186	ctx_238c34ecff52	Unkown	NA	NA	0	17	19	90	-0.003	-0.003	1.074	0	1	0	-0.165	down	2880664	source/effects_batch_003.json.gz
ENSG00000163541	SUCLG1	36516485	GSE167186	ctx_3c1aedecb8ec	Adventitial cell 7	Mesenchymal stem cell	Myogenic endothelial cell	0	17	19	90	0.003	0.003	1.111	0	1	0	0.165	up	2726869	source/effects_batch_003.json.gz
ENSG00000163541	SUCLG1	36516485	GSE167186	ctx_416833ac90ca	Mesenchymal stem cell 3	Adventitial cell	Mesenchymal stromal cell	0	17	19	90	-0.001	-0.001	1.028	0	1	0	-0.055	down	2781356	source/effects_batch_003.json.gz
ENSG00000163541	SUCLG1	36516485	GSE167186	ctx_51a23717b452	Mesenchymal stem cell	Pericyte	NA	0	17	19	90	-0.001	-0.001	1.077	0	1	0	-0.055	down	2792560	source/effects_batch_003.json.gz
ENSG00000163541	SUCLG1	36516485	GSE167186	ctx_5243fb2c6d5c	Adventitial cell 4	Mesenchymal stem cell	Muscle-derived cell	0	17	19	90	0.000	0.000	1.076	0	1	0	0.000	rounded_zero	2691610	source/effects_batch_003.json.gz
ENSG00000163541	SUCLG1	36516485	GSE167186	ctx_5da05f63762a	Unkown 4	NA	NA	0	17	19	90	-0.003	-0.003	1.120	0	1	0	-0.165	down	2825110	source/effects_batch_003.json.gz
ENSG00000163541	SUCLG1	36516485	GSE167186	ctx_66b8877333b1	Adventitial cell 3	Mesenchymal stem cell	Myogenic endothelial cell	0	17	19	90	-0.003	-0.003	1.061	0	1	0	-0.165	down	2679777	source/effects_batch_003.json.gz
ENSG00000163541	SUCLG1	36516485	GSE167186	ctx_926384c8242b	Unkown 5	NA	NA	0	17	19	90	-0.002	-0.002	1.088	0	1	0	-0.110	down	2835895	source/effects_batch_003.json.gz
ENSG00000163541	SUCLG1	36516485	GSE167186	ctx_93986af51167	Adventitial cell 5	Mesenchymal stem cell	Muscle-derived cell	0	17	19	90	0.000	0.000	1.047	0	1	0	0.000	rounded_zero	2703449	source/effects_batch_003.json.gz
ENSG00000163541	SUCLG1	36516485	GSE167186	ctx_9aa0a69d626d	Adventitial cell 6	Mesenchymal stem cell	Myogenic endothelial cell	0	17	19	90	-0.009	-0.009	1.048	0	1	0	-0.495	down	2715164	source/effects_batch_003.json.gz
ENSG00000163541	SUCLG1	36516485	GSE167186	ctx_bfd71711437a	Unkown 2	NA	NA	0	17	19	90	-0.002	-0.002	1.090	0	1	0	-0.110	down	2803567	source/effects_batch_003.json.gz
ENSG00000163541	SUCLG1	36516485	GSE167186	ctx_c138321e7ebd	Unkown 3	NA	NA	0	17	19	90	-0.003	-0.003	1.128	0	1	0	-0.165	down	2814190	source/effects_batch_003.json.gz
ENSG00000163541	SUCLG1	36516485	GSE167186	ctx_c157cf74c34b	Mesenchymal stem cell 2	Adventitial cell	Mesenchymal stromal cell	0	17	19	90	-0.004	-0.004	1.129	0	1	0	-0.220	down	2770517	source/effects_batch_003.json.gz
ENSG00000163541	SUCLG1	36516485	GSE167186	ctx_d30649d2fd62	Unkown 7	NA	NA	0	17	19	90	0.000	0.000	1.086	0	1	0	0.000	rounded_zero	2858563	source/effects_batch_003.json.gz
ENSG00000163541	SUCLG1	36516485	GSE167186	ctx_d78029928f98	Adventitial cell	Mesenchymal stem cell	Muscle-derived cell	0	17	19	90	-0.006	-0.006	1.053	0	1	0	-0.330	down	2748055	source/effects_batch_003.json.gz
ENSG00000163541	SUCLG1	36516485	GSE167186	ctx_e129c8e975de	Unkown 8	NA	NA	0	17	19	90	-0.003	-0.003	1.043	0	1	0	-0.165	down	2869774	source/effects_batch_003.json.gz
ENSG00000163541	SUCLG1	36516485	GSE167186	ctx_e81eac8c401a	Unkown 6	NA	NA	0	17	19	90	-0.002	-0.002	1.060	0	1	0	-0.110	down	2847109	source/effects_batch_003.json.gz
ENSG00000083857	FAT1	36516485	GSE167186	ctx_0234b64ace9c	All Cells,  Skeletal Muscle	NA	NA	1	17	19	90	-0.003	-0.003	1.088	0	1	0	-0.165	down	2753441	source/effects_batch_003.json.gz
ENSG00000083857	FAT1	36516485	GSE167186	ctx_0fd5032b2b0c	Adventitial cell 8	Mesenchymal stem cell	Myogenic endothelial cell	0	17	19	90	-0.007	-0.007	1.235	0	1	0	-0.385	down	2732581	source/effects_batch_003.json.gz
ENSG00000083857	FAT1	36516485	GSE167186	ctx_1f3e2a4066d7	Adventitial cell 2	Mesenchymal stem cell	Myogenic endothelial cell	0	17	19	90	0.001	0.001	1.024	0	1	0	0.055	up	2661891	source/effects_batch_003.json.gz
ENSG00000083857	FAT1	36516485	GSE167186	ctx_238c34ecff52	Unkown	NA	NA	0	17	19	90	0.003	0.003	1.026	0	1	0	0.165	up	2875444	source/effects_batch_003.json.gz
ENSG00000083857	FAT1	36516485	GSE167186	ctx_3c1aedecb8ec	Adventitial cell 7	Mesenchymal stem cell	Myogenic endothelial cell	0	17	19	90	0.001	0.001	1.053	0	1	0	0.055	up	2720937	source/effects_batch_003.json.gz
ENSG00000083857	FAT1	36516485	GSE167186	ctx_416833ac90ca	Mesenchymal stem cell 3	Adventitial cell	Mesenchymal stromal cell	0	17	19	90	-0.016	-0.016	1.045	0	1	0	-0.880	down	2775918	source/effects_batch_003.json.gz
ENSG00000083857	FAT1	36516485	GSE167186	ctx_51a23717b452	Mesenchymal stem cell	Pericyte	NA	0	17	19	90	0.002	0.002	1.088	0	1	0	0.110	up	2786617	source/effects_batch_003.json.gz
ENSG00000083857	FAT1	36516485	GSE167186	ctx_5243fb2c6d5c	Adventitial cell 4	Mesenchymal stem cell	Muscle-derived cell	0	17	19	90	-0.001	-0.001	1.124	0	1	0	-0.055	down	2685650	source/effects_batch_003.json.gz
ENSG00000083857	FAT1	36516485	GSE167186	ctx_5da05f63762a	Unkown 4	NA	NA	0	17	19	90	-0.004	-0.004	1.040	0	1	0	-0.220	down	2819603	source/effects_batch_003.json.gz
ENSG00000083857	FAT1	36516485	GSE167186	ctx_66b8877333b1	Adventitial cell 3	Mesenchymal stem cell	Myogenic endothelial cell	0	17	19	90	0.016	0.016	1.030	0	1	0	0.880	up	2673711	source/effects_batch_003.json.gz
ENSG00000083857	FAT1	36516485	GSE167186	ctx_926384c8242b	Unkown 5	NA	NA	0	17	19	90	0.009	0.009	1.016	0	1	0	0.495	up	2830532	source/effects_batch_003.json.gz
ENSG00000083857	FAT1	36516485	GSE167186	ctx_93986af51167	Adventitial cell 5	Mesenchymal stem cell	Muscle-derived cell	0	17	19	90	0.000	0.000	1.157	0	1	0	0.000	rounded_zero	2697468	source/effects_batch_003.json.gz
ENSG00000083857	FAT1	36516485	GSE167186	ctx_9aa0a69d626d	Adventitial cell 6	Mesenchymal stem cell	Myogenic endothelial cell	0	17	19	90	0.010	0.010	1.000	0	1	0	0.550	up	2709268	source/effects_batch_003.json.gz
ENSG00000083857	FAT1	36516485	GSE167186	ctx_bfd71711437a	Unkown 2	NA	NA	0	17	19	90	-0.008	-0.008	1.015	0	1	0	-0.440	down	2798304	source/effects_batch_003.json.gz
ENSG00000083857	FAT1	36516485	GSE167186	ctx_c138321e7ebd	Unkown 3	NA	NA	0	17	19	90	0.002	0.002	1.031	0	1	0	0.110	up	2808693	source/effects_batch_003.json.gz
ENSG00000083857	FAT1	36516485	GSE167186	ctx_c157cf74c34b	Mesenchymal stem cell 2	Adventitial cell	Mesenchymal stromal cell	0	17	19	90	0.001	0.001	1.091	0	1	0	0.055	up	2765014	source/effects_batch_003.json.gz
ENSG00000083857	FAT1	36516485	GSE167186	ctx_d30649d2fd62	Unkown 7	NA	NA	0	17	19	90	0.005	0.005	1.047	0	1	0	0.275	up	2853022	source/effects_batch_003.json.gz
ENSG00000083857	FAT1	36516485	GSE167186	ctx_d78029928f98	Adventitial cell	Mesenchymal stem cell	Muscle-derived cell	0	17	19	90	0.009	0.009	1.090	0	1	0	0.495	up	2742557	source/effects_batch_003.json.gz
ENSG00000083857	FAT1	36516485	GSE167186	ctx_e129c8e975de	Unkown 8	NA	NA	0	17	19	90	0.023	0.023	1.067	0	1	0	1.265	up	2864019	source/effects_batch_003.json.gz
ENSG00000083857	FAT1	36516485	GSE167186	ctx_e81eac8c401a	Unkown 6	NA	NA	0	17	19	90	-0.002	-0.002	1.158	0	1	0	-0.110	down	2841032	source/effects_batch_003.json.gz
ENSG00000167081	PBX3	36516485	GSE167186	ctx_0234b64ace9c	All Cells,  Skeletal Muscle	NA	NA	1	17	19	90	-0.001	-0.001	1.022	0	1	0	-0.055	down	2759905	source/effects_batch_003.json.gz
ENSG00000167081	PBX3	36516485	GSE167186	ctx_0fd5032b2b0c	Adventitial cell 8	Mesenchymal stem cell	Myogenic endothelial cell	0	17	19	90	0.016	0.016	1.143	0	1	0	0.880	up	2738244	source/effects_batch_003.json.gz
ENSG00000167081	PBX3	36516485	GSE167186	ctx_1f3e2a4066d7	Adventitial cell 2	Mesenchymal stem cell	Myogenic endothelial cell	0	17	19	90	0.010	0.010	1.000	0	1	0	0.550	up	2668386	source/effects_batch_003.json.gz
ENSG00000167081	PBX3	36516485	GSE167186	ctx_238c34ecff52	Unkown	NA	NA	0	17	19	90	0.005	0.005	1.006	0	1	0	0.275	up	2881154	source/effects_batch_003.json.gz
ENSG00000167081	PBX3	36516485	GSE167186	ctx_3c1aedecb8ec	Adventitial cell 7	Mesenchymal stem cell	Myogenic endothelial cell	0	17	19	90	0.004	0.004	1.000	0	1	0	0.220	up	2727417	source/effects_batch_003.json.gz
ENSG00000167081	PBX3	36516485	GSE167186	ctx_416833ac90ca	Mesenchymal stem cell 3	Adventitial cell	Mesenchymal stromal cell	0	17	19	90	-0.006	-0.006	1.000	0	1	0	-0.330	down	2781842	source/effects_batch_003.json.gz
ENSG00000167081	PBX3	36516485	GSE167186	ctx_51a23717b452	Mesenchymal stem cell	Pericyte	NA	0	17	19	90	-0.003	-0.003	1.000	0	1	0	-0.165	down	2793115	source/effects_batch_003.json.gz
ENSG00000167081	PBX3	36516485	GSE167186	ctx_5243fb2c6d5c	Adventitial cell 4	Mesenchymal stem cell	Muscle-derived cell	0	17	19	90	-0.009	-0.009	1.071	0	1	0	-0.495	down	2692164	source/effects_batch_003.json.gz
ENSG00000167081	PBX3	36516485	GSE167186	ctx_66b8877333b1	Adventitial cell 3	Mesenchymal stem cell	Myogenic endothelial cell	0	17	19	90	0.002	0.002	1.011	0	1	0	0.110	up	2680325	source/effects_batch_003.json.gz
ENSG00000167081	PBX3	36516485	GSE167186	ctx_926384c8242b	Unkown 5	NA	NA	0	17	19	90	0.007	0.007	1.017	0	1	0	0.385	up	2836391	source/effects_batch_003.json.gz
ENSG00000167081	PBX3	36516485	GSE167186	ctx_93986af51167	Adventitial cell 5	Mesenchymal stem cell	Muscle-derived cell	0	17	19	90	0.000	0.000	1.058	0	1	0	0.000	rounded_zero	2704010	source/effects_batch_003.json.gz
ENSG00000167081	PBX3	36516485	GSE167186	ctx_9aa0a69d626d	Adventitial cell 6	Mesenchymal stem cell	Myogenic endothelial cell	0	17	19	90	-0.004	-0.004	1.083	0	1	0	-0.220	down	2715702	source/effects_batch_003.json.gz
ENSG00000167081	PBX3	36516485	GSE167186	ctx_c138321e7ebd	Unkown 3	NA	NA	0	17	19	90	0.003	0.003	1.037	0	1	0	0.165	up	2814704	source/effects_batch_003.json.gz
ENSG00000167081	PBX3	36516485	GSE167186	ctx_c157cf74c34b	Mesenchymal stem cell 2	Adventitial cell	Mesenchymal stromal cell	0	17	19	90	0.005	0.005	1.000	0	1	0	0.275	up	2771035	source/effects_batch_003.json.gz
ENSG00000167081	PBX3	36516485	GSE167186	ctx_d30649d2fd62	Unkown 7	NA	NA	0	17	19	90	0.003	0.003	1.000	0	1	0	0.165	up	2859076	source/effects_batch_003.json.gz
ENSG00000167081	PBX3	36516485	GSE167186	ctx_d78029928f98	Adventitial cell	Mesenchymal stem cell	Muscle-derived cell	0	17	19	90	-0.011	-0.011	1.000	0	1	0	-0.605	down	2748567	source/effects_batch_003.json.gz
ENSG00000167081	PBX3	36516485	GSE167186	ctx_e129c8e975de	Unkown 8	NA	NA	0	17	19	90	-0.018	-0.018	1.167	0	1	0	-0.990	down	2870327	source/effects_batch_003.json.gz
ENSG00000167081	PBX3	36516485	GSE167186	ctx_e81eac8c401a	Unkown 6	NA	NA	0	17	19	90	-0.001	-0.001	1.039	0	1	0	-0.055	down	2847676	source/effects_batch_003.json.gz
ENSG00000144214	LYG1	36516485	GSE167186	ctx_c138321e7ebd	Unkown 3	NA	NA	0	17	19	90	0.000	0.000	1.011	0	1	0	0.000	rounded_zero	2812874	source/effects_batch_003.json.gz
ENSG00000144214	LYG1	36516485	GSE167186	ctx_c157cf74c34b	Mesenchymal stem cell 2	Adventitial cell	Mesenchymal stromal cell	0	17	19	90	0.006	0.006	1.000	0	1	0	0.330	up	2769180	source/effects_batch_003.json.gz
ENSG00000139180	NDUFA9	36516485	GSE167186	ctx_0234b64ace9c	All Cells,  Skeletal Muscle	NA	NA	1	17	19	90	0.000	0.000	1.058	0	1	0	0.000	rounded_zero	2757454	source/effects_batch_003.json.gz
ENSG00000139180	NDUFA9	36516485	GSE167186	ctx_0fd5032b2b0c	Adventitial cell 8	Mesenchymal stem cell	Myogenic endothelial cell	0	17	19	90	-0.007	-0.007	1.167	0	1	0	-0.385	down	2736111	source/effects_batch_003.json.gz
ENSG00000139180	NDUFA9	36516485	GSE167186	ctx_1f3e2a4066d7	Adventitial cell 2	Mesenchymal stem cell	Myogenic endothelial cell	0	17	19	90	0.003	0.003	1.077	0	1	0	0.165	up	2665927	source/effects_batch_003.json.gz
ENSG00000139180	NDUFA9	36516485	GSE167186	ctx_238c34ecff52	Unkown	NA	NA	0	17	19	90	-0.001	-0.001	1.038	0	1	0	-0.055	down	2878987	source/effects_batch_003.json.gz
ENSG00000139180	NDUFA9	36516485	GSE167186	ctx_3c1aedecb8ec	Adventitial cell 7	Mesenchymal stem cell	Myogenic endothelial cell	0	17	19	90	0.002	0.002	1.103	0	1	0	0.110	up	2724956	source/effects_batch_003.json.gz
ENSG00000139180	NDUFA9	36516485	GSE167186	ctx_416833ac90ca	Mesenchymal stem cell 3	Adventitial cell	Mesenchymal stromal cell	0	17	19	90	0.000	0.000	1.000	0	1	0	0.000	rounded_zero	2779599	source/effects_batch_003.json.gz
ENSG00000139180	NDUFA9	36516485	GSE167186	ctx_51a23717b452	Mesenchymal stem cell	Pericyte	NA	0	17	19	90	0.002	0.002	1.034	0	1	0	0.110	up	2790638	source/effects_batch_003.json.gz
ENSG00000139180	NDUFA9	36516485	GSE167186	ctx_5243fb2c6d5c	Adventitial cell 4	Mesenchymal stem cell	Muscle-derived cell	0	17	19	90	0.000	0.000	1.050	0	1	0	0.000	rounded_zero	2689680	source/effects_batch_003.json.gz
ENSG00000139180	NDUFA9	36516485	GSE167186	ctx_5da05f63762a	Unkown 4	NA	NA	0	17	19	90	0.001	0.001	1.078	0	1	0	0.055	up	2823328	source/effects_batch_003.json.gz
ENSG00000139180	NDUFA9	36516485	GSE167186	ctx_66b8877333b1	Adventitial cell 3	Mesenchymal stem cell	Myogenic endothelial cell	0	17	19	90	0.000	0.000	1.038	0	1	0	0.000	rounded_zero	2677792	source/effects_batch_003.json.gz
ENSG00000139180	NDUFA9	36516485	GSE167186	ctx_926384c8242b	Unkown 5	NA	NA	0	17	19	90	0.000	0.000	1.064	0	1	0	0.000	rounded_zero	2834176	source/effects_batch_003.json.gz
ENSG00000139180	NDUFA9	36516485	GSE167186	ctx_93986af51167	Adventitial cell 5	Mesenchymal stem cell	Muscle-derived cell	0	17	19	90	0.000	0.000	1.071	0	1	0	0.000	rounded_zero	2701515	source/effects_batch_003.json.gz
ENSG00000139180	NDUFA9	36516485	GSE167186	ctx_9aa0a69d626d	Adventitial cell 6	Mesenchymal stem cell	Myogenic endothelial cell	0	17	19	90	0.001	0.001	1.013	0	1	0	0.055	up	2713262	source/effects_batch_003.json.gz
ENSG00000139180	NDUFA9	36516485	GSE167186	ctx_bfd71711437a	Unkown 2	NA	NA	0	17	19	90	0.000	0.000	1.052	0	1	0	0.000	rounded_zero	2801872	source/effects_batch_003.json.gz
ENSG00000139180	NDUFA9	36516485	GSE167186	ctx_c138321e7ebd	Unkown 3	NA	NA	0	17	19	90	0.000	0.000	1.050	0	1	0	0.000	rounded_zero	2812426	source/effects_batch_003.json.gz
ENSG00000139180	NDUFA9	36516485	GSE167186	ctx_c157cf74c34b	Mesenchymal stem cell 2	Adventitial cell	Mesenchymal stromal cell	0	17	19	90	-0.013	-0.013	1.093	0	1	0	-0.715	down	2768722	source/effects_batch_003.json.gz
ENSG00000139180	NDUFA9	36516485	GSE167186	ctx_d30649d2fd62	Unkown 7	NA	NA	0	17	19	90	0.001	0.001	1.061	0	1	0	0.055	up	2856782	source/effects_batch_003.json.gz
ENSG00000139180	NDUFA9	36516485	GSE167186	ctx_d78029928f98	Adventitial cell	Mesenchymal stem cell	Muscle-derived cell	0	17	19	90	0.000	0.000	1.049	0	1	0	0.000	rounded_zero	2746283	source/effects_batch_003.json.gz
ENSG00000139180	NDUFA9	36516485	GSE167186	ctx_e129c8e975de	Unkown 8	NA	NA	0	17	19	90	0.014	0.014	1.043	0	1	0	0.770	up	2867903	source/effects_batch_003.json.gz
ENSG00000139180	NDUFA9	36516485	GSE167186	ctx_e81eac8c401a	Unkown 6	NA	NA	0	17	19	90	0.001	0.001	1.050	0	1	0	0.055	up	2845136	source/effects_batch_003.json.gz
ENSG00000070214	SLC44A1	36516485	GSE167186	ctx_0234b64ace9c	All Cells,  Skeletal Muscle	NA	NA	1	17	19	90	-0.002	-0.002	1.142	0	1	0	-0.110	down	2753071	source/effects_batch_003.json.gz
ENSG00000070214	SLC44A1	36516485	GSE167186	ctx_0fd5032b2b0c	Adventitial cell 8	Mesenchymal stem cell	Myogenic endothelial cell	0	17	19	90	-0.001	-0.001	1.200	0	1	0	-0.055	down	2732231	source/effects_batch_003.json.gz
ENSG00000070214	SLC44A1	36516485	GSE167186	ctx_1f3e2a4066d7	Adventitial cell 2	Mesenchymal stem cell	Myogenic endothelial cell	0	17	19	90	-0.002	-0.002	1.076	0	1	0	-0.110	down	2661524	source/effects_batch_003.json.gz
ENSG00000070214	SLC44A1	36516485	GSE167186	ctx_238c34ecff52	Unkown	NA	NA	0	17	19	90	-0.002	-0.002	1.108	0	1	0	-0.110	down	2875116	source/effects_batch_003.json.gz
ENSG00000070214	SLC44A1	36516485	GSE167186	ctx_3c1aedecb8ec	Adventitial cell 7	Mesenchymal stem cell	Myogenic endothelial cell	0	17	19	90	-0.001	-0.001	1.198	0	1	0	-0.055	down	2720568	source/effects_batch_003.json.gz
ENSG00000070214	SLC44A1	36516485	GSE167186	ctx_416833ac90ca	Mesenchymal stem cell 3	Adventitial cell	Mesenchymal stromal cell	0	17	19	90	0.003	0.003	1.191	0	1	0	0.165	up	2775576	source/effects_batch_003.json.gz
ENSG00000070214	SLC44A1	36516485	GSE167186	ctx_51a23717b452	Mesenchymal stem cell	Pericyte	NA	0	17	19	90	-0.004	-0.004	1.110	0	1	0	-0.220	down	2786254	source/effects_batch_003.json.gz
ENSG00000070214	SLC44A1	36516485	GSE167186	ctx_5243fb2c6d5c	Adventitial cell 4	Mesenchymal stem cell	Muscle-derived cell	0	17	19	90	0.000	0.000	1.109	0	1	0	0.000	rounded_zero	2685279	source/effects_batch_003.json.gz
ENSG00000070214	SLC44A1	36516485	GSE167186	ctx_5da05f63762a	Unkown 4	NA	NA	0	17	19	90	0.000	0.000	1.176	0	1	0	0.000	rounded_zero	2819257	source/effects_batch_003.json.gz
ENSG00000070214	SLC44A1	36516485	GSE167186	ctx_66b8877333b1	Adventitial cell 3	Mesenchymal stem cell	Myogenic endothelial cell	0	17	19	90	0.000	0.000	1.076	0	1	0	0.000	rounded_zero	2673340	source/effects_batch_003.json.gz
ENSG00000070214	SLC44A1	36516485	GSE167186	ctx_926384c8242b	Unkown 5	NA	NA	0	17	19	90	-0.001	-0.001	1.060	0	1	0	-0.055	down	2830196	source/effects_batch_003.json.gz
ENSG00000070214	SLC44A1	36516485	GSE167186	ctx_93986af51167	Adventitial cell 5	Mesenchymal stem cell	Muscle-derived cell	0	17	19	90	-0.001	-0.001	1.137	0	1	0	-0.055	down	2697103	source/effects_batch_003.json.gz
ENSG00000070214	SLC44A1	36516485	GSE167186	ctx_9aa0a69d626d	Adventitial cell 6	Mesenchymal stem cell	Myogenic endothelial cell	0	17	19	90	0.008	0.008	1.111	0	1	0	0.440	up	2708903	source/effects_batch_003.json.gz
ENSG00000070214	SLC44A1	36516485	GSE167186	ctx_bfd71711437a	Unkown 2	NA	NA	0	17	19	90	-0.004	-0.004	1.078	0	1	0	-0.220	down	2797977	source/effects_batch_003.json.gz
ENSG00000070214	SLC44A1	36516485	GSE167186	ctx_c138321e7ebd	Unkown 3	NA	NA	0	17	19	90	0.000	0.000	1.152	0	1	0	0.000	rounded_zero	2808350	source/effects_batch_003.json.gz
ENSG00000070214	SLC44A1	36516485	GSE167186	ctx_c157cf74c34b	Mesenchymal stem cell 2	Adventitial cell	Mesenchymal stromal cell	0	17	19	90	-0.006	-0.006	1.168	0	1	0	-0.330	down	2764673	source/effects_batch_003.json.gz
ENSG00000070214	SLC44A1	36516485	GSE167186	ctx_d30649d2fd62	Unkown 7	NA	NA	0	17	19	90	0.003	0.003	1.134	0	1	0	0.165	up	2852678	source/effects_batch_003.json.gz
ENSG00000070214	SLC44A1	36516485	GSE167186	ctx_d78029928f98	Adventitial cell	Mesenchymal stem cell	Muscle-derived cell	0	17	19	90	-0.001	-0.001	1.154	0	1	0	-0.055	down	2742217	source/effects_batch_003.json.gz
ENSG00000070214	SLC44A1	36516485	GSE167186	ctx_e129c8e975de	Unkown 8	NA	NA	0	17	19	90	0.007	0.007	1.400	0	1	0	0.385	up	2863661	source/effects_batch_003.json.gz
ENSG00000070214	SLC44A1	36516485	GSE167186	ctx_e81eac8c401a	Unkown 6	NA	NA	0	17	19	90	-0.002	-0.002	1.194	0	1	0	-0.110	down	2840657	source/effects_batch_003.json.gz
ENSG00000131941	RHPN2	36516485	GSE167186	ctx_3c1aedecb8ec	Adventitial cell 7	Mesenchymal stem cell	Myogenic endothelial cell	0	17	19	90	0.011	0.011	1.000	0	1	0	0.605	up	2724149	source/effects_batch_003.json.gz
ENSG00000131941	RHPN2	36516485	GSE167186	ctx_51a23717b452	Mesenchymal stem cell	Pericyte	NA	0	17	19	90	-0.007	-0.007	1.083	0	1	0	-0.385	down	2789823	source/effects_batch_003.json.gz
ENSG00000131941	RHPN2	36516485	GSE167186	ctx_e81eac8c401a	Unkown 6	NA	NA	0	17	19	90	0.000	0.000	1.006	0	1	0	0.000	rounded_zero	2844298	source/effects_batch_003.json.gz
ENSG00000125148	MT2A	36516485	GSE167186	ctx_0234b64ace9c	All Cells,  Skeletal Muscle	NA	NA	1	17	19	90	0.003	0.003	1.360	0	1	0	0.165	up	2756082	source/effects_batch_003.json.gz
ENSG00000125148	MT2A	36516485	GSE167186	ctx_0fd5032b2b0c	Adventitial cell 8	Mesenchymal stem cell	Myogenic endothelial cell	0	17	19	90	-0.006	-0.006	1.222	0	1	0	-0.330	down	2734930	source/effects_batch_003.json.gz
ENSG00000125148	MT2A	36516485	GSE167186	ctx_1f3e2a4066d7	Adventitial cell 2	Mesenchymal stem cell	Myogenic endothelial cell	0	17	19	90	0.003	0.003	1.204	0	1	0	0.165	up	2664555	source/effects_batch_003.json.gz
ENSG00000125148	MT2A	36516485	GSE167186	ctx_238c34ecff52	Unkown	NA	NA	0	17	19	90	0.013	0.013	1.176	0	1	0	0.715	up	2877800	source/effects_batch_003.json.gz
ENSG00000125148	MT2A	36516485	GSE167186	ctx_3c1aedecb8ec	Adventitial cell 7	Mesenchymal stem cell	Myogenic endothelial cell	0	17	19	90	-0.004	-0.004	1.684	0	1	0	-0.220	down	2723601	source/effects_batch_003.json.gz
ENSG00000125148	MT2A	36516485	GSE167186	ctx_416833ac90ca	Mesenchymal stem cell 3	Adventitial cell	Mesenchymal stromal cell	0	17	19	90	0.000	0.000	1.304	0	1	0	0.000	rounded_zero	2778355	source/effects_batch_003.json.gz
ENSG00000125148	MT2A	36516485	GSE167186	ctx_51a23717b452	Mesenchymal stem cell	Pericyte	NA	0	17	19	90	-0.002	-0.002	1.234	0	1	0	-0.110	down	2789276	source/effects_batch_003.json.gz
ENSG00000125148	MT2A	36516485	GSE167186	ctx_5243fb2c6d5c	Adventitial cell 4	Mesenchymal stem cell	Muscle-derived cell	0	17	19	90	0.002	0.002	1.259	0	1	0	0.110	up	2688309	source/effects_batch_003.json.gz
ENSG00000125148	MT2A	36516485	GSE167186	ctx_5da05f63762a	Unkown 4	NA	NA	0	17	19	90	0.000	0.000	1.582	0	1	0	0.000	rounded_zero	2822068	source/effects_batch_003.json.gz
ENSG00000125148	MT2A	36516485	GSE167186	ctx_66b8877333b1	Adventitial cell 3	Mesenchymal stem cell	Myogenic endothelial cell	0	17	19	90	0.004	0.004	1.133	0	1	0	0.220	up	2676401	source/effects_batch_003.json.gz
ENSG00000125148	MT2A	36516485	GSE167186	ctx_926384c8242b	Unkown 5	NA	NA	0	17	19	90	0.007	0.007	1.134	0	1	0	0.385	up	2832937	source/effects_batch_003.json.gz
ENSG00000125148	MT2A	36516485	GSE167186	ctx_93986af51167	Adventitial cell 5	Mesenchymal stem cell	Muscle-derived cell	0	17	19	90	0.005	0.005	1.190	0	1	0	0.275	up	2700135	source/effects_batch_003.json.gz
ENSG00000125148	MT2A	36516485	GSE167186	ctx_9aa0a69d626d	Adventitial cell 6	Mesenchymal stem cell	Myogenic endothelial cell	0	17	19	90	0.001	0.001	1.182	0	1	0	0.055	up	2711893	source/effects_batch_003.json.gz
ENSG00000125148	MT2A	36516485	GSE167186	ctx_bfd71711437a	Unkown 2	NA	NA	0	17	19	90	0.003	0.003	1.388	0	1	0	0.165	up	2800669	source/effects_batch_003.json.gz
ENSG00000125148	MT2A	36516485	GSE167186	ctx_c138321e7ebd	Unkown 3	NA	NA	0	17	19	90	0.015	0.015	1.324	0	1	0	0.825	up	2811173	source/effects_batch_003.json.gz
ENSG00000125148	MT2A	36516485	GSE167186	ctx_c157cf74c34b	Mesenchymal stem cell 2	Adventitial cell	Mesenchymal stromal cell	0	17	19	90	0.014	0.014	1.400	0	1	0	0.770	up	2767462	source/effects_batch_003.json.gz
ENSG00000125148	MT2A	36516485	GSE167186	ctx_d30649d2fd62	Unkown 7	NA	NA	0	17	19	90	0.007	0.007	1.352	0	1	0	0.385	up	2855512	source/effects_batch_003.json.gz
ENSG00000125148	MT2A	36516485	GSE167186	ctx_d78029928f98	Adventitial cell	Mesenchymal stem cell	Muscle-derived cell	0	17	19	90	0.007	0.007	1.611	0	1	0	0.385	up	2745029	source/effects_batch_003.json.gz
ENSG00000125148	MT2A	36516485	GSE167186	ctx_e129c8e975de	Unkown 8	NA	NA	0	17	19	90	0.011	0.011	1.233	0	1	0	0.605	up	2866584	source/effects_batch_003.json.gz
ENSG00000125148	MT2A	36516485	GSE167186	ctx_e81eac8c401a	Unkown 6	NA	NA	0	17	19	90	0.005	0.005	1.234	0	1	0	0.275	up	2843744	source/effects_batch_003.json.gz
ENSG00000114315	HES1	36516485	GSE167186	ctx_0234b64ace9c	All Cells,  Skeletal Muscle	NA	NA	1	17	19	90	-0.013	-0.013	1.086	0	1	0	-0.715	down	2755193	source/effects_batch_003.json.gz
ENSG00000114315	HES1	36516485	GSE167186	ctx_0fd5032b2b0c	Adventitial cell 8	Mesenchymal stem cell	Myogenic endothelial cell	0	17	19	90	-0.013	-0.013	1.105	0	1	0	-0.715	down	2734137	source/effects_batch_003.json.gz
ENSG00000114315	HES1	36516485	GSE167186	ctx_1f3e2a4066d7	Adventitial cell 2	Mesenchymal stem cell	Myogenic endothelial cell	0	17	19	90	-0.019	-0.019	1.119	0	1	0	-1.045	down	2663665	source/effects_batch_003.json.gz
ENSG00000114315	HES1	36516485	GSE167186	ctx_238c34ecff52	Unkown	NA	NA	0	17	19	90	-0.003	-0.003	1.112	0	1	0	-0.165	down	2876997	source/effects_batch_003.json.gz
ENSG00000114315	HES1	36516485	GSE167186	ctx_3c1aedecb8ec	Adventitial cell 7	Mesenchymal stem cell	Myogenic endothelial cell	0	17	19	90	-0.009	-0.009	1.152	0	1	0	-0.495	down	2722718	source/effects_batch_003.json.gz
ENSG00000114315	HES1	36516485	GSE167186	ctx_416833ac90ca	Mesenchymal stem cell 3	Adventitial cell	Mesenchymal stromal cell	0	17	19	90	0.012	0.012	1.053	0	1	0	0.660	up	2777532	source/effects_batch_003.json.gz
ENSG00000114315	HES1	36516485	GSE167186	ctx_51a23717b452	Mesenchymal stem cell	Pericyte	NA	0	17	19	90	0.000	0.000	1.117	0	1	0	0.000	rounded_zero	2788381	source/effects_batch_003.json.gz
ENSG00000114315	HES1	36516485	GSE167186	ctx_5243fb2c6d5c	Adventitial cell 4	Mesenchymal stem cell	Muscle-derived cell	0	17	19	90	0.003	0.003	1.083	0	1	0	0.165	up	2687420	source/effects_batch_003.json.gz
ENSG00000114315	HES1	36516485	GSE167186	ctx_5da05f63762a	Unkown 4	NA	NA	0	17	19	90	-0.025	-0.025	1.092	0	1	0	-1.375	down	2821237	source/effects_batch_003.json.gz
ENSG00000114315	HES1	36516485	GSE167186	ctx_66b8877333b1	Adventitial cell 3	Mesenchymal stem cell	Myogenic endothelial cell	0	17	19	90	-0.014	-0.014	1.106	0	1	0	-0.770	down	2675504	source/effects_batch_003.json.gz
ENSG00000114315	HES1	36516485	GSE167186	ctx_926384c8242b	Unkown 5	NA	NA	0	17	19	90	-0.009	-0.009	1.043	0	1	0	-0.495	down	2832119	source/effects_batch_003.json.gz
ENSG00000114315	HES1	36516485	GSE167186	ctx_93986af51167	Adventitial cell 5	Mesenchymal stem cell	Muscle-derived cell	0	17	19	90	0.006	0.006	1.042	0	1	0	0.330	up	2699243	source/effects_batch_003.json.gz
ENSG00000114315	HES1	36516485	GSE167186	ctx_9aa0a69d626d	Adventitial cell 6	Mesenchymal stem cell	Myogenic endothelial cell	0	17	19	90	-0.013	-0.013	1.000	0	1	0	-0.715	down	2711014	source/effects_batch_003.json.gz
ENSG00000114315	HES1	36516485	GSE167186	ctx_bfd71711437a	Unkown 2	NA	NA	0	17	19	90	-0.021	-0.021	1.104	0	1	0	-1.155	down	2799866	source/effects_batch_003.json.gz
ENSG00000114315	HES1	36516485	GSE167186	ctx_c138321e7ebd	Unkown 3	NA	NA	0	17	19	90	-0.004	-0.004	1.140	0	1	0	-0.220	down	2810331	source/effects_batch_003.json.gz
ENSG00000114315	HES1	36516485	GSE167186	ctx_c157cf74c34b	Mesenchymal stem cell 2	Adventitial cell	Mesenchymal stromal cell	0	17	19	90	-0.009	-0.009	1.294	0	1	0	-0.495	down	2766631	source/effects_batch_003.json.gz
ENSG00000114315	HES1	36516485	GSE167186	ctx_d30649d2fd62	Unkown 7	NA	NA	0	17	19	90	-0.004	-0.004	1.097	0	1	0	-0.220	down	2854667	source/effects_batch_003.json.gz
ENSG00000114315	HES1	36516485	GSE167186	ctx_d78029928f98	Adventitial cell	Mesenchymal stem cell	Muscle-derived cell	0	17	19	90	-0.012	-0.012	1.053	0	1	0	-0.660	down	2744194	source/effects_batch_003.json.gz
ENSG00000114315	HES1	36516485	GSE167186	ctx_e129c8e975de	Unkown 8	NA	NA	0	17	19	90	-0.017	-0.017	1.176	0	1	0	-0.935	down	2865714	source/effects_batch_003.json.gz
ENSG00000114315	HES1	36516485	GSE167186	ctx_e81eac8c401a	Unkown 6	NA	NA	0	17	19	90	-0.016	-0.016	1.138	0	1	0	-0.880	down	2842837	source/effects_batch_003.json.gz
ENSG00000154473	BUB3	36516485	GSE167186	ctx_0234b64ace9c	All Cells,  Skeletal Muscle	NA	NA	1	17	19	90	-0.001	-0.001	1.084	0	1	0	-0.055	down	2758659	source/effects_batch_003.json.gz
ENSG00000154473	BUB3	36516485	GSE167186	ctx_0fd5032b2b0c	Adventitial cell 8	Mesenchymal stem cell	Myogenic endothelial cell	0	17	19	90	-0.010	-0.010	1.154	0	1	0	-0.550	down	2737165	source/effects_batch_003.json.gz
ENSG00000154473	BUB3	36516485	GSE167186	ctx_1f3e2a4066d7	Adventitial cell 2	Mesenchymal stem cell	Myogenic endothelial cell	0	17	19	90	0.000	0.000	1.065	0	1	0	0.000	rounded_zero	2667130	source/effects_batch_003.json.gz
ENSG00000154473	BUB3	36516485	GSE167186	ctx_238c34ecff52	Unkown	NA	NA	0	17	19	90	0.001	0.001	1.090	0	1	0	0.055	up	2880047	source/effects_batch_003.json.gz
ENSG00000154473	BUB3	36516485	GSE167186	ctx_3c1aedecb8ec	Adventitial cell 7	Mesenchymal stem cell	Myogenic endothelial cell	0	17	19	90	-0.005	-0.005	1.141	0	1	0	-0.275	down	2726152	source/effects_batch_003.json.gz
ENSG00000154473	BUB3	36516485	GSE167186	ctx_416833ac90ca	Mesenchymal stem cell 3	Adventitial cell	Mesenchymal stromal cell	0	17	19	90	-0.002	-0.002	1.091	0	1	0	-0.110	down	2780722	source/effects_batch_003.json.gz
ENSG00000154473	BUB3	36516485	GSE167186	ctx_51a23717b452	Mesenchymal stem cell	Pericyte	NA	0	17	19	90	-0.002	-0.002	1.087	0	1	0	-0.110	down	2791853	source/effects_batch_003.json.gz
ENSG00000154473	BUB3	36516485	GSE167186	ctx_5243fb2c6d5c	Adventitial cell 4	Mesenchymal stem cell	Muscle-derived cell	0	17	19	90	0.000	0.000	1.101	0	1	0	0.000	rounded_zero	2690904	source/effects_batch_003.json.gz
ENSG00000154473	BUB3	36516485	GSE167186	ctx_5da05f63762a	Unkown 4	NA	NA	0	17	19	90	-0.003	-0.003	1.090	0	1	0	-0.165	down	2824446	source/effects_batch_003.json.gz
ENSG00000154473	BUB3	36516485	GSE167186	ctx_66b8877333b1	Adventitial cell 3	Mesenchymal stem cell	Myogenic endothelial cell	0	17	19	90	0.000	0.000	1.077	0	1	0	0.000	rounded_zero	2679041	source/effects_batch_003.json.gz
ENSG00000154473	BUB3	36516485	GSE167186	ctx_926384c8242b	Unkown 5	NA	NA	0	17	19	90	0.003	0.003	1.064	0	1	0	0.165	up	2835257	source/effects_batch_003.json.gz
ENSG00000154473	BUB3	36516485	GSE167186	ctx_93986af51167	Adventitial cell 5	Mesenchymal stem cell	Muscle-derived cell	0	17	19	90	0.002	0.002	1.110	0	1	0	0.110	up	2702732	source/effects_batch_003.json.gz
ENSG00000154473	BUB3	36516485	GSE167186	ctx_9aa0a69d626d	Adventitial cell 6	Mesenchymal stem cell	Myogenic endothelial cell	0	17	19	90	0.006	0.006	1.128	0	1	0	0.330	up	2714463	source/effects_batch_003.json.gz
ENSG00000154473	BUB3	36516485	GSE167186	ctx_bfd71711437a	Unkown 2	NA	NA	0	17	19	90	0.001	0.001	1.082	0	1	0	0.055	up	2802934	source/effects_batch_003.json.gz
ENSG00000154473	BUB3	36516485	GSE167186	ctx_c138321e7ebd	Unkown 3	NA	NA	0	17	19	90	0.002	0.002	1.120	0	1	0	0.110	up	2813538	source/effects_batch_003.json.gz
ENSG00000154473	BUB3	36516485	GSE167186	ctx_c157cf74c34b	Mesenchymal stem cell 2	Adventitial cell	Mesenchymal stromal cell	0	17	19	90	-0.002	-0.002	1.090	0	1	0	-0.110	down	2769860	source/effects_batch_003.json.gz
ENSG00000154473	BUB3	36516485	GSE167186	ctx_d30649d2fd62	Unkown 7	NA	NA	0	17	19	90	0.000	0.000	1.108	0	1	0	0.000	rounded_zero	2857904	source/effects_batch_003.json.gz
ENSG00000154473	BUB3	36516485	GSE167186	ctx_d78029928f98	Adventitial cell	Mesenchymal stem cell	Muscle-derived cell	0	17	19	90	0.004	0.004	1.079	0	1	0	0.220	up	2747412	source/effects_batch_003.json.gz
ENSG00000154473	BUB3	36516485	GSE167186	ctx_e129c8e975de	Unkown 8	NA	NA	0	17	19	90	-0.007	-0.007	1.190	0	1	0	-0.385	down	2869091	source/effects_batch_003.json.gz
ENSG00000154473	BUB3	36516485	GSE167186	ctx_e81eac8c401a	Unkown 6	NA	NA	0	17	19	90	-0.002	-0.002	1.102	0	1	0	-0.110	down	2846376	source/effects_batch_003.json.gz
ENSG00000135916	ITM2C	36516485	GSE167186	ctx_0234b64ace9c	All Cells,  Skeletal Muscle	NA	NA	1	17	19	90	-0.012	-0.012	1.052	0	1	0	-0.660	down	2757044	source/effects_batch_003.json.gz
ENSG00000135916	ITM2C	36516485	GSE167186	ctx_0fd5032b2b0c	Adventitial cell 8	Mesenchymal stem cell	Myogenic endothelial cell	0	17	19	90	-0.007	-0.007	1.000	0	1	0	-0.385	down	2735750	source/effects_batch_003.json.gz
ENSG00000135916	ITM2C	36516485	GSE167186	ctx_1f3e2a4066d7	Adventitial cell 2	Mesenchymal stem cell	Myogenic endothelial cell	0	17	19	90	-0.003	-0.003	1.029	0	1	0	-0.165	down	2665522	source/effects_batch_003.json.gz
ENSG00000135916	ITM2C	36516485	GSE167186	ctx_3c1aedecb8ec	Adventitial cell 7	Mesenchymal stem cell	Myogenic endothelial cell	0	17	19	90	0.003	0.003	1.210	0	1	0	0.165	up	2724559	source/effects_batch_003.json.gz
ENSG00000135916	ITM2C	36516485	GSE167186	ctx_416833ac90ca	Mesenchymal stem cell 3	Adventitial cell	Mesenchymal stromal cell	0	17	19	90	0.003	0.003	1.000	0	1	0	0.165	up	2779231	source/effects_batch_003.json.gz
ENSG00000135916	ITM2C	36516485	GSE167186	ctx_51a23717b452	Mesenchymal stem cell	Pericyte	NA	0	17	19	90	-0.001	-0.001	1.119	0	1	0	-0.055	down	2790232	source/effects_batch_003.json.gz
ENSG00000135916	ITM2C	36516485	GSE167186	ctx_5243fb2c6d5c	Adventitial cell 4	Mesenchymal stem cell	Muscle-derived cell	0	17	19	90	-0.009	-0.009	1.000	0	1	0	-0.495	down	2689266	source/effects_batch_003.json.gz
ENSG00000135916	ITM2C	36516485	GSE167186	ctx_66b8877333b1	Adventitial cell 3	Mesenchymal stem cell	Myogenic endothelial cell	0	17	19	90	-0.008	-0.008	1.000	0	1	0	-0.440	down	2677380	source/effects_batch_003.json.gz
ENSG00000135916	ITM2C	36516485	GSE167186	ctx_926384c8242b	Unkown 5	NA	NA	0	17	19	90	-0.008	-0.008	1.015	0	1	0	-0.440	down	2833804	source/effects_batch_003.json.gz
ENSG00000135916	ITM2C	36516485	GSE167186	ctx_93986af51167	Adventitial cell 5	Mesenchymal stem cell	Muscle-derived cell	0	17	19	90	0.011	0.011	1.042	0	1	0	0.605	up	2701100	source/effects_batch_003.json.gz
ENSG00000135916	ITM2C	36516485	GSE167186	ctx_9aa0a69d626d	Adventitial cell 6	Mesenchymal stem cell	Myogenic endothelial cell	0	17	19	90	-0.021	-0.021	1.000	0	1	0	-1.155	down	2712852	source/effects_batch_003.json.gz
ENSG00000135916	ITM2C	36516485	GSE167186	ctx_d30649d2fd62	Unkown 7	NA	NA	0	17	19	90	-0.020	-0.020	1.028	0	1	0	-1.100	down	2856404	source/effects_batch_003.json.gz
ENSG00000135916	ITM2C	36516485	GSE167186	ctx_d78029928f98	Adventitial cell	Mesenchymal stem cell	Muscle-derived cell	0	17	19	90	0.006	0.006	1.000	0	1	0	0.330	up	2745905	source/effects_batch_003.json.gz
ENSG00000135916	ITM2C	36516485	GSE167186	ctx_e81eac8c401a	Unkown 6	NA	NA	0	17	19	90	-0.006	-0.006	1.041	0	1	0	-0.330	down	2844720	source/effects_batch_003.json.gz
ENSG00000174446	SNAPC5	36516485	GSE167186	ctx_0234b64ace9c	All Cells,  Skeletal Muscle	NA	NA	1	17	19	90	-0.001	-0.001	1.020	0	1	0	-0.055	down	2760759	source/effects_batch_003.json.gz
ENSG00000174446	SNAPC5	36516485	GSE167186	ctx_0fd5032b2b0c	Adventitial cell 8	Mesenchymal stem cell	Myogenic endothelial cell	0	17	19	90	-0.009	-0.009	1.167	0	1	0	-0.495	down	2738974	source/effects_batch_003.json.gz
ENSG00000174446	SNAPC5	36516485	GSE167186	ctx_1f3e2a4066d7	Adventitial cell 2	Mesenchymal stem cell	Myogenic endothelial cell	0	17	19	90	-0.007	-0.007	1.000	0	1	0	-0.385	down	2669256	source/effects_batch_003.json.gz
ENSG00000174446	SNAPC5	36516485	GSE167186	ctx_238c34ecff52	Unkown	NA	NA	0	17	19	90	-0.001	-0.001	1.034	0	1	0	-0.055	down	2881902	source/effects_batch_003.json.gz
ENSG00000174446	SNAPC5	36516485	GSE167186	ctx_3c1aedecb8ec	Adventitial cell 7	Mesenchymal stem cell	Myogenic endothelial cell	0	17	19	90	0.003	0.003	1.045	0	1	0	0.165	up	2728275	source/effects_batch_003.json.gz
ENSG00000174446	SNAPC5	36516485	GSE167186	ctx_416833ac90ca	Mesenchymal stem cell 3	Adventitial cell	Mesenchymal stromal cell	0	17	19	90	-0.005	-0.005	1.000	0	1	0	-0.275	down	2782633	source/effects_batch_003.json.gz
ENSG00000174446	SNAPC5	36516485	GSE167186	ctx_51a23717b452	Mesenchymal stem cell	Pericyte	NA	0	17	19	90	0.000	0.000	1.038	0	1	0	0.000	rounded_zero	2793990	source/effects_batch_003.json.gz
ENSG00000174446	SNAPC5	36516485	GSE167186	ctx_5243fb2c6d5c	Adventitial cell 4	Mesenchymal stem cell	Muscle-derived cell	0	17	19	90	0.002	0.002	1.028	0	1	0	0.110	up	2693019	source/effects_batch_003.json.gz
ENSG00000174446	SNAPC5	36516485	GSE167186	ctx_5da05f63762a	Unkown 4	NA	NA	0	17	19	90	-0.001	-0.001	1.048	0	1	0	-0.055	down	2826414	source/effects_batch_003.json.gz
ENSG00000174446	SNAPC5	36516485	GSE167186	ctx_66b8877333b1	Adventitial cell 3	Mesenchymal stem cell	Myogenic endothelial cell	0	17	19	90	0.003	0.003	1.082	0	1	0	0.165	up	2681206	source/effects_batch_003.json.gz
ENSG00000174446	SNAPC5	36516485	GSE167186	ctx_926384c8242b	Unkown 5	NA	NA	0	17	19	90	0.000	0.000	1.015	0	1	0	0.000	rounded_zero	2837153	source/effects_batch_003.json.gz
ENSG00000174446	SNAPC5	36516485	GSE167186	ctx_93986af51167	Adventitial cell 5	Mesenchymal stem cell	Muscle-derived cell	0	17	19	90	-0.009	-0.009	1.085	0	1	0	-0.495	down	2704874	source/effects_batch_003.json.gz
ENSG00000174446	SNAPC5	36516485	GSE167186	ctx_9aa0a69d626d	Adventitial cell 6	Mesenchymal stem cell	Myogenic endothelial cell	0	17	19	90	0.013	0.013	1.125	0	1	0	0.715	up	2716556	source/effects_batch_003.json.gz
ENSG00000174446	SNAPC5	36516485	GSE167186	ctx_bfd71711437a	Unkown 2	NA	NA	0	17	19	90	-0.002	-0.002	1.007	0	1	0	-0.110	down	2804802	source/effects_batch_003.json.gz
ENSG00000174446	SNAPC5	36516485	GSE167186	ctx_c138321e7ebd	Unkown 3	NA	NA	0	17	19	90	0.001	0.001	1.027	0	1	0	0.055	up	2815498	source/effects_batch_003.json.gz
ENSG00000174446	SNAPC5	36516485	GSE167186	ctx_c157cf74c34b	Mesenchymal stem cell 2	Adventitial cell	Mesenchymal stromal cell	0	17	19	90	-0.004	-0.004	1.105	0	1	0	-0.220	down	2771830	source/effects_batch_003.json.gz
ENSG00000174446	SNAPC5	36516485	GSE167186	ctx_d30649d2fd62	Unkown 7	NA	NA	0	17	19	90	0.007	0.007	1.017	0	1	0	0.385	up	2859866	source/effects_batch_003.json.gz
ENSG00000174446	SNAPC5	36516485	GSE167186	ctx_d78029928f98	Adventitial cell	Mesenchymal stem cell	Muscle-derived cell	0	17	19	90	0.000	0.000	1.016	0	1	0	0.000	rounded_zero	2749337	source/effects_batch_003.json.gz
ENSG00000174446	SNAPC5	36516485	GSE167186	ctx_e129c8e975de	Unkown 8	NA	NA	0	17	19	90	-0.014	-0.014	1.000	0	1	0	-0.770	down	2871150	source/effects_batch_003.json.gz
ENSG00000174446	SNAPC5	36516485	GSE167186	ctx_e81eac8c401a	Unkown 6	NA	NA	0	17	19	90	0.000	0.000	1.011	0	1	0	0.000	rounded_zero	2848553	source/effects_batch_003.json.gz
ENSG00000183741	CBX6	36516485	GSE167186	ctx_0234b64ace9c	All Cells,  Skeletal Muscle	NA	NA	1	17	19	90	-0.003	-0.003	1.048	0	1	0	-0.165	down	2761452	source/effects_batch_003.json.gz
ENSG00000183741	CBX6	36516485	GSE167186	ctx_0fd5032b2b0c	Adventitial cell 8	Mesenchymal stem cell	Myogenic endothelial cell	0	17	19	90	-0.012	-0.012	1.053	0	1	0	-0.660	down	2739540	source/effects_batch_003.json.gz
ENSG00000183741	CBX6	36516485	GSE167186	ctx_1f3e2a4066d7	Adventitial cell 2	Mesenchymal stem cell	Myogenic endothelial cell	0	17	19	90	0.003	0.003	1.040	0	1	0	0.165	up	2669965	source/effects_batch_003.json.gz
ENSG00000183741	CBX6	36516485	GSE167186	ctx_238c34ecff52	Unkown	NA	NA	0	17	19	90	0.001	0.001	1.034	0	1	0	0.055	up	2882506	source/effects_batch_003.json.gz
ENSG00000183741	CBX6	36516485	GSE167186	ctx_3c1aedecb8ec	Adventitial cell 7	Mesenchymal stem cell	Myogenic endothelial cell	0	17	19	90	-0.004	-0.004	1.063	0	1	0	-0.220	down	2728979	source/effects_batch_003.json.gz
ENSG00000183741	CBX6	36516485	GSE167186	ctx_416833ac90ca	Mesenchymal stem cell 3	Adventitial cell	Mesenchymal stromal cell	0	17	19	90	-0.014	-0.014	1.067	0	1	0	-0.770	down	2783258	source/effects_batch_003.json.gz
ENSG00000183741	CBX6	36516485	GSE167186	ctx_51a23717b452	Mesenchymal stem cell	Pericyte	NA	0	17	19	90	-0.003	-0.003	1.106	0	1	0	-0.165	down	2794701	source/effects_batch_003.json.gz
ENSG00000183741	CBX6	36516485	GSE167186	ctx_5243fb2c6d5c	Adventitial cell 4	Mesenchymal stem cell	Muscle-derived cell	0	17	19	90	-0.003	-0.003	1.063	0	1	0	-0.165	down	2693718	source/effects_batch_003.json.gz
ENSG00000183741	CBX6	36516485	GSE167186	ctx_5da05f63762a	Unkown 4	NA	NA	0	17	19	90	0.000	0.000	1.054	0	1	0	0.000	rounded_zero	2827063	source/effects_batch_003.json.gz
ENSG00000183741	CBX6	36516485	GSE167186	ctx_66b8877333b1	Adventitial cell 3	Mesenchymal stem cell	Myogenic endothelial cell	0	17	19	90	-0.002	-0.002	1.079	0	1	0	-0.110	down	2681914	source/effects_batch_003.json.gz
ENSG00000183741	CBX6	36516485	GSE167186	ctx_926384c8242b	Unkown 5	NA	NA	0	17	19	90	0.003	0.003	1.035	0	1	0	0.165	up	2837758	source/effects_batch_003.json.gz
ENSG00000183741	CBX6	36516485	GSE167186	ctx_93986af51167	Adventitial cell 5	Mesenchymal stem cell	Muscle-derived cell	0	17	19	90	0.006	0.006	1.063	0	1	0	0.330	up	2705572	source/effects_batch_003.json.gz
ENSG00000183741	CBX6	36516485	GSE167186	ctx_9aa0a69d626d	Adventitial cell 6	Mesenchymal stem cell	Myogenic endothelial cell	0	17	19	90	-0.005	-0.005	1.077	0	1	0	-0.275	down	2717243	source/effects_batch_003.json.gz
ENSG00000183741	CBX6	36516485	GSE167186	ctx_bfd71711437a	Unkown 2	NA	NA	0	17	19	90	-0.001	-0.001	1.045	0	1	0	-0.055	down	2805410	source/effects_batch_003.json.gz
ENSG00000183741	CBX6	36516485	GSE167186	ctx_c138321e7ebd	Unkown 3	NA	NA	0	17	19	90	0.001	0.001	1.028	0	1	0	0.055	up	2816144	source/effects_batch_003.json.gz
ENSG00000183741	CBX6	36516485	GSE167186	ctx_c157cf74c34b	Mesenchymal stem cell 2	Adventitial cell	Mesenchymal stromal cell	0	17	19	90	-0.006	-0.006	1.000	0	1	0	-0.330	down	2772483	source/effects_batch_003.json.gz
ENSG00000183741	CBX6	36516485	GSE167186	ctx_d30649d2fd62	Unkown 7	NA	NA	0	17	19	90	0.002	0.002	1.053	0	1	0	0.110	up	2860515	source/effects_batch_003.json.gz
ENSG00000183741	CBX6	36516485	GSE167186	ctx_d78029928f98	Adventitial cell	Mesenchymal stem cell	Muscle-derived cell	0	17	19	90	0.009	0.009	1.075	0	1	0	0.495	up	2749973	source/effects_batch_003.json.gz
ENSG00000183741	CBX6	36516485	GSE167186	ctx_e129c8e975de	Unkown 8	NA	NA	0	17	19	90	0.037	0.037	1.000	0	1	0	2.035	up	2871832	source/effects_batch_003.json.gz
ENSG00000183741	CBX6	36516485	GSE167186	ctx_e81eac8c401a	Unkown 6	NA	NA	0	17	19	90	-0.004	-0.004	1.057	0	1	0	-0.220	down	2849282	source/effects_batch_003.json.gz
ENSG00000108591	DRG2	36516485	GSE167186	ctx_0234b64ace9c	All Cells,  Skeletal Muscle	NA	NA	1	17	19	90	-0.002	-0.002	1.046	0	1	0	-0.110	down	2754727	source/effects_batch_003.json.gz
ENSG00000108591	DRG2	36516485	GSE167186	ctx_0fd5032b2b0c	Adventitial cell 8	Mesenchymal stem cell	Myogenic endothelial cell	0	17	19	90	-0.010	-0.010	1.045	0	1	0	-0.550	down	2733719	source/effects_batch_003.json.gz
ENSG00000108591	DRG2	36516485	GSE167186	ctx_1f3e2a4066d7	Adventitial cell 2	Mesenchymal stem cell	Myogenic endothelial cell	0	17	19	90	0.001	0.001	1.041	0	1	0	0.055	up	2663203	source/effects_batch_003.json.gz
ENSG00000108591	DRG2	36516485	GSE167186	ctx_238c34ecff52	Unkown	NA	NA	0	17	19	90	-0.001	-0.001	1.042	0	1	0	-0.055	down	2876588	source/effects_batch_003.json.gz
ENSG00000108591	DRG2	36516485	GSE167186	ctx_3c1aedecb8ec	Adventitial cell 7	Mesenchymal stem cell	Myogenic endothelial cell	0	17	19	90	0.000	0.000	1.038	0	1	0	0.000	rounded_zero	2722248	source/effects_batch_003.json.gz
ENSG00000108591	DRG2	36516485	GSE167186	ctx_416833ac90ca	Mesenchymal stem cell 3	Adventitial cell	Mesenchymal stromal cell	0	17	19	90	-0.001	-0.001	1.050	0	1	0	-0.055	down	2777104	source/effects_batch_003.json.gz
ENSG00000108591	DRG2	36516485	GSE167186	ctx_51a23717b452	Mesenchymal stem cell	Pericyte	NA	0	17	19	90	-0.002	-0.002	1.052	0	1	0	-0.110	down	2787913	source/effects_batch_003.json.gz
ENSG00000108591	DRG2	36516485	GSE167186	ctx_5243fb2c6d5c	Adventitial cell 4	Mesenchymal stem cell	Muscle-derived cell	0	17	19	90	-0.006	-0.006	1.038	0	1	0	-0.330	down	2686951	source/effects_batch_003.json.gz
ENSG00000108591	DRG2	36516485	GSE167186	ctx_5da05f63762a	Unkown 4	NA	NA	0	17	19	90	-0.002	-0.002	1.042	0	1	0	-0.110	down	2820804	source/effects_batch_003.json.gz
ENSG00000108591	DRG2	36516485	GSE167186	ctx_66b8877333b1	Adventitial cell 3	Mesenchymal stem cell	Myogenic endothelial cell	0	17	19	90	0.001	0.001	1.042	0	1	0	0.055	up	2675031	source/effects_batch_003.json.gz
ENSG00000108591	DRG2	36516485	GSE167186	ctx_926384c8242b	Unkown 5	NA	NA	0	17	19	90	-0.001	-0.001	1.031	0	1	0	-0.055	down	2831704	source/effects_batch_003.json.gz
ENSG00000108591	DRG2	36516485	GSE167186	ctx_93986af51167	Adventitial cell 5	Mesenchymal stem cell	Muscle-derived cell	0	17	19	90	0.000	0.000	1.009	0	1	0	0.000	rounded_zero	2698777	source/effects_batch_003.json.gz
ENSG00000108591	DRG2	36516485	GSE167186	ctx_9aa0a69d626d	Adventitial cell 6	Mesenchymal stem cell	Myogenic endothelial cell	0	17	19	90	0.001	0.001	1.055	0	1	0	0.055	up	2710558	source/effects_batch_003.json.gz
ENSG00000108591	DRG2	36516485	GSE167186	ctx_bfd71711437a	Unkown 2	NA	NA	0	17	19	90	-0.002	-0.002	1.042	0	1	0	-0.110	down	2799454	source/effects_batch_003.json.gz
ENSG00000108591	DRG2	36516485	GSE167186	ctx_c138321e7ebd	Unkown 3	NA	NA	0	17	19	90	-0.001	-0.001	1.030	0	1	0	-0.055	down	2809905	source/effects_batch_003.json.gz
ENSG00000108591	DRG2	36516485	GSE167186	ctx_c157cf74c34b	Mesenchymal stem cell 2	Adventitial cell	Mesenchymal stromal cell	0	17	19	90	0.000	0.000	1.023	0	1	0	0.000	rounded_zero	2766204	source/effects_batch_003.json.gz
ENSG00000108591	DRG2	36516485	GSE167186	ctx_d30649d2fd62	Unkown 7	NA	NA	0	17	19	90	-0.003	-0.003	1.045	0	1	0	-0.165	down	2854239	source/effects_batch_003.json.gz
ENSG00000108591	DRG2	36516485	GSE167186	ctx_d78029928f98	Adventitial cell	Mesenchymal stem cell	Muscle-derived cell	0	17	19	90	-0.007	-0.007	1.043	0	1	0	-0.385	down	2743761	source/effects_batch_003.json.gz
ENSG00000108591	DRG2	36516485	GSE167186	ctx_e129c8e975de	Unkown 8	NA	NA	0	17	19	90	0.004	0.004	1.042	0	1	0	0.220	up	2865256	source/effects_batch_003.json.gz
ENSG00000108591	DRG2	36516485	GSE167186	ctx_e81eac8c401a	Unkown 6	NA	NA	0	17	19	90	-0.002	-0.002	1.042	0	1	0	-0.110	down	2842358	source/effects_batch_003.json.gz
ENSG00000154222	CC2D1B	36516485	GSE167186	ctx_0234b64ace9c	All Cells,  Skeletal Muscle	NA	NA	1	17	19	90	0.000	0.000	1.046	0	1	0	0.000	rounded_zero	2758639	source/effects_batch_003.json.gz
ENSG00000154222	CC2D1B	36516485	GSE167186	ctx_0fd5032b2b0c	Adventitial cell 8	Mesenchymal stem cell	Myogenic endothelial cell	0	17	19	90	-0.022	-0.022	1.071	0	1	0	-1.210	down	2737149	source/effects_batch_003.json.gz
ENSG00000154222	CC2D1B	36516485	GSE167186	ctx_1f3e2a4066d7	Adventitial cell 2	Mesenchymal stem cell	Myogenic endothelial cell	0	17	19	90	0.001	0.001	1.053	0	1	0	0.055	up	2667109	source/effects_batch_003.json.gz
ENSG00000154222	CC2D1B	36516485	GSE167186	ctx_238c34ecff52	Unkown	NA	NA	0	17	19	90	0.000	0.000	1.044	0	1	0	0.000	rounded_zero	2880029	source/effects_batch_003.json.gz
ENSG00000154222	CC2D1B	36516485	GSE167186	ctx_3c1aedecb8ec	Adventitial cell 7	Mesenchymal stem cell	Myogenic endothelial cell	0	17	19	90	0.000	0.000	1.030	0	1	0	0.000	rounded_zero	2726132	source/effects_batch_003.json.gz
ENSG00000154222	CC2D1B	36516485	GSE167186	ctx_416833ac90ca	Mesenchymal stem cell 3	Adventitial cell	Mesenchymal stromal cell	0	17	19	90	0.001	0.001	1.036	0	1	0	0.055	up	2780702	source/effects_batch_003.json.gz
ENSG00000154222	CC2D1B	36516485	GSE167186	ctx_51a23717b452	Mesenchymal stem cell	Pericyte	NA	0	17	19	90	0.004	0.004	1.045	0	1	0	0.220	up	2791833	source/effects_batch_003.json.gz
ENSG00000154222	CC2D1B	36516485	GSE167186	ctx_5243fb2c6d5c	Adventitial cell 4	Mesenchymal stem cell	Muscle-derived cell	0	17	19	90	0.000	0.000	1.032	0	1	0	0.000	rounded_zero	2690884	source/effects_batch_003.json.gz
ENSG00000154222	CC2D1B	36516485	GSE167186	ctx_5da05f63762a	Unkown 4	NA	NA	0	17	19	90	0.000	0.000	1.060	0	1	0	0.000	rounded_zero	2824427	source/effects_batch_003.json.gz
ENSG00000154222	CC2D1B	36516485	GSE167186	ctx_66b8877333b1	Adventitial cell 3	Mesenchymal stem cell	Myogenic endothelial cell	0	17	19	90	0.001	0.001	1.020	0	1	0	0.055	up	2679020	source/effects_batch_003.json.gz
ENSG00000154222	CC2D1B	36516485	GSE167186	ctx_926384c8242b	Unkown 5	NA	NA	0	17	19	90	0.002	0.002	1.037	0	1	0	0.110	up	2835238	source/effects_batch_003.json.gz
ENSG00000154222	CC2D1B	36516485	GSE167186	ctx_93986af51167	Adventitial cell 5	Mesenchymal stem cell	Muscle-derived cell	0	17	19	90	-0.003	-0.003	1.051	0	1	0	-0.165	down	2702712	source/effects_batch_003.json.gz
ENSG00000154222	CC2D1B	36516485	GSE167186	ctx_9aa0a69d626d	Adventitial cell 6	Mesenchymal stem cell	Myogenic endothelial cell	0	17	19	90	0.006	0.006	1.029	0	1	0	0.330	up	2714444	source/effects_batch_003.json.gz
ENSG00000154222	CC2D1B	36516485	GSE167186	ctx_bfd71711437a	Unkown 2	NA	NA	0	17	19	90	0.001	0.001	1.030	0	1	0	0.055	up	2802915	source/effects_batch_003.json.gz
ENSG00000154222	CC2D1B	36516485	GSE167186	ctx_c138321e7ebd	Unkown 3	NA	NA	0	17	19	90	0.004	0.004	1.044	0	1	0	0.220	up	2813519	source/effects_batch_003.json.gz
ENSG00000154222	CC2D1B	36516485	GSE167186	ctx_c157cf74c34b	Mesenchymal stem cell 2	Adventitial cell	Mesenchymal stromal cell	0	17	19	90	-0.004	-0.004	1.000	0	1	0	-0.220	down	2769841	source/effects_batch_003.json.gz
ENSG00000154222	CC2D1B	36516485	GSE167186	ctx_d30649d2fd62	Unkown 7	NA	NA	0	17	19	90	0.006	0.006	1.033	0	1	0	0.330	up	2857885	source/effects_batch_003.json.gz
ENSG00000154222	CC2D1B	36516485	GSE167186	ctx_d78029928f98	Adventitial cell	Mesenchymal stem cell	Muscle-derived cell	0	17	19	90	0.005	0.005	1.050	0	1	0	0.275	up	2747392	source/effects_batch_003.json.gz
ENSG00000154222	CC2D1B	36516485	GSE167186	ctx_e129c8e975de	Unkown 8	NA	NA	0	17	19	90	-0.008	-0.008	1.050	0	1	0	-0.440	down	2869070	source/effects_batch_003.json.gz
ENSG00000154222	CC2D1B	36516485	GSE167186	ctx_e81eac8c401a	Unkown 6	NA	NA	0	17	19	90	-0.001	-0.001	1.051	0	1	0	-0.055	down	2846356	source/effects_batch_003.json.gz
ENSG00000170458	CD14	36516485	GSE167186	ctx_0234b64ace9c	All Cells,  Skeletal Muscle	NA	NA	1	17	19	90	-0.001	-0.001	1.088	0	1	0	-0.055	down	2760354	source/effects_batch_003.json.gz
ENSG00000170458	CD14	36516485	GSE167186	ctx_3c1aedecb8ec	Adventitial cell 7	Mesenchymal stem cell	Myogenic endothelial cell	0	17	19	90	-0.008	-0.008	1.000	0	1	0	-0.440	down	2727868	source/effects_batch_003.json.gz
ENSG00000170458	CD14	36516485	GSE167186	ctx_416833ac90ca	Mesenchymal stem cell 3	Adventitial cell	Mesenchymal stromal cell	0	17	19	90	-0.013	-0.013	1.000	0	1	0	-0.715	down	2782250	source/effects_batch_003.json.gz
ENSG00000170458	CD14	36516485	GSE167186	ctx_51a23717b452	Mesenchymal stem cell	Pericyte	NA	0	17	19	90	-0.010	-0.010	1.000	0	1	0	-0.550	down	2793570	source/effects_batch_003.json.gz
ENSG00000170458	CD14	36516485	GSE167186	ctx_66b8877333b1	Adventitial cell 3	Mesenchymal stem cell	Myogenic endothelial cell	0	17	19	90	-0.002	-0.002	1.201	0	1	0	-0.110	down	2680787	source/effects_batch_003.json.gz
ENSG00000170458	CD14	36516485	GSE167186	ctx_93986af51167	Adventitial cell 5	Mesenchymal stem cell	Muscle-derived cell	0	17	19	90	-0.011	-0.011	1.000	0	1	0	-0.605	down	2704461	source/effects_batch_003.json.gz
ENSG00000170458	CD14	36516485	GSE167186	ctx_e81eac8c401a	Unkown 6	NA	NA	0	17	19	90	0.004	0.004	1.000	0	1	0	0.220	up	2848130	source/effects_batch_003.json.gz
ENSG00000115268	RPS15	36516485	GSE167186	ctx_0234b64ace9c	All Cells,  Skeletal Muscle	NA	NA	1	17	19	90	0.004	0.004	1.286	0	1	0	0.220	up	2755283	source/effects_batch_003.json.gz
ENSG00000115268	RPS15	36516485	GSE167186	ctx_0fd5032b2b0c	Adventitial cell 8	Mesenchymal stem cell	Myogenic endothelial cell	0	17	19	90	-0.001	-0.001	1.338	0	1	0	-0.055	down	2734223	source/effects_batch_003.json.gz
ENSG00000115268	RPS15	36516485	GSE167186	ctx_1f3e2a4066d7	Adventitial cell 2	Mesenchymal stem cell	Myogenic endothelial cell	0	17	19	90	0.000	0.000	1.464	0	1	0	0.000	rounded_zero	2663756	source/effects_batch_003.json.gz
ENSG00000115268	RPS15	36516485	GSE167186	ctx_238c34ecff52	Unkown	NA	NA	0	17	19	90	0.006	0.006	1.198	0	1	0	0.330	up	2877077	source/effects_batch_003.json.gz
ENSG00000115268	RPS15	36516485	GSE167186	ctx_3c1aedecb8ec	Adventitial cell 7	Mesenchymal stem cell	Myogenic endothelial cell	0	17	19	90	0.001	0.001	1.680	0	1	0	0.055	up	2722813	source/effects_batch_003.json.gz
ENSG00000115268	RPS15	36516485	GSE167186	ctx_416833ac90ca	Mesenchymal stem cell 3	Adventitial cell	Mesenchymal stromal cell	0	17	19	90	0.002	0.002	1.258	0	1	0	0.110	up	2777614	source/effects_batch_003.json.gz
ENSG00000115268	RPS15	36516485	GSE167186	ctx_51a23717b452	Mesenchymal stem cell	Pericyte	NA	0	17	19	90	0.003	0.003	1.336	0	1	0	0.165	up	2788479	source/effects_batch_003.json.gz
ENSG00000115268	RPS15	36516485	GSE167186	ctx_5243fb2c6d5c	Adventitial cell 4	Mesenchymal stem cell	Muscle-derived cell	0	17	19	90	0.000	0.000	1.314	0	1	0	0.000	rounded_zero	2687512	source/effects_batch_003.json.gz
ENSG00000115268	RPS15	36516485	GSE167186	ctx_5da05f63762a	Unkown 4	NA	NA	0	17	19	90	0.005	0.005	1.188	0	1	0	0.275	up	2821321	source/effects_batch_003.json.gz
ENSG00000115268	RPS15	36516485	GSE167186	ctx_66b8877333b1	Adventitial cell 3	Mesenchymal stem cell	Myogenic endothelial cell	0	17	19	90	0.001	0.001	1.250	0	1	0	0.055	up	2675597	source/effects_batch_003.json.gz
ENSG00000115268	RPS15	36516485	GSE167186	ctx_926384c8242b	Unkown 5	NA	NA	0	17	19	90	-0.002	-0.002	1.646	0	1	0	-0.110	down	2832201	source/effects_batch_003.json.gz
ENSG00000115268	RPS15	36516485	GSE167186	ctx_93986af51167	Adventitial cell 5	Mesenchymal stem cell	Muscle-derived cell	0	17	19	90	0.004	0.004	1.262	0	1	0	0.220	up	2699334	source/effects_batch_003.json.gz
ENSG00000115268	RPS15	36516485	GSE167186	ctx_9aa0a69d626d	Adventitial cell 6	Mesenchymal stem cell	Myogenic endothelial cell	0	17	19	90	0.001	0.001	1.328	0	1	0	0.055	up	2711102	source/effects_batch_003.json.gz
ENSG00000115268	RPS15	36516485	GSE167186	ctx_bfd71711437a	Unkown 2	NA	NA	0	17	19	90	0.006	0.006	1.190	0	1	0	0.330	up	2799948	source/effects_batch_003.json.gz
ENSG00000115268	RPS15	36516485	GSE167186	ctx_c138321e7ebd	Unkown 3	NA	NA	0	17	19	90	0.006	0.006	1.198	0	1	0	0.330	up	2810418	source/effects_batch_003.json.gz
ENSG00000115268	RPS15	36516485	GSE167186	ctx_c157cf74c34b	Mesenchymal stem cell 2	Adventitial cell	Mesenchymal stromal cell	0	17	19	90	0.004	0.004	1.256	0	1	0	0.220	up	2766713	source/effects_batch_003.json.gz
ENSG00000115268	RPS15	36516485	GSE167186	ctx_d30649d2fd62	Unkown 7	NA	NA	0	17	19	90	0.007	0.007	1.226	0	1	0	0.385	up	2854751	source/effects_batch_003.json.gz
ENSG00000115268	RPS15	36516485	GSE167186	ctx_d78029928f98	Adventitial cell	Mesenchymal stem cell	Muscle-derived cell	0	17	19	90	0.007	0.007	1.436	0	1	0	0.385	up	2744276	source/effects_batch_003.json.gz
ENSG00000115268	RPS15	36516485	GSE167186	ctx_e129c8e975de	Unkown 8	NA	NA	0	17	19	90	0.003	0.003	1.259	0	1	0	0.165	up	2865803	source/effects_batch_003.json.gz
ENSG00000115268	RPS15	36516485	GSE167186	ctx_e81eac8c401a	Unkown 6	NA	NA	0	17	19	90	0.003	0.003	1.260	0	1	0	0.165	up	2842930	source/effects_batch_003.json.gz
ENSG00000103994	ZNF106	36516485	GSE167186	ctx_0234b64ace9c	All Cells,  Skeletal Muscle	NA	NA	1	17	19	90	0.005	0.005	2.192	0	1	0	0.275	up	2754272	source/effects_batch_003.json.gz
ENSG00000103994	ZNF106	36516485	GSE167186	ctx_0fd5032b2b0c	Adventitial cell 8	Mesenchymal stem cell	Myogenic endothelial cell	0	17	19	90	0.003	0.003	1.563	0	1	0	0.165	up	2733320	source/effects_batch_003.json.gz
ENSG00000103994	ZNF106	36516485	GSE167186	ctx_1f3e2a4066d7	Adventitial cell 2	Mesenchymal stem cell	Myogenic endothelial cell	0	17	19	90	0.007	0.007	1.994	0	1	0	0.385	up	2662735	source/effects_batch_003.json.gz
ENSG00000103994	ZNF106	36516485	GSE167186	ctx_238c34ecff52	Unkown	NA	NA	0	17	19	90	0.003	0.003	1.896	0	1	0	0.165	up	2876186	source/effects_batch_003.json.gz
ENSG00000103994	ZNF106	36516485	GSE167186	ctx_3c1aedecb8ec	Adventitial cell 7	Mesenchymal stem cell	Myogenic endothelial cell	0	17	19	90	0.003	0.003	1.551	0	1	0	0.165	up	2721784	source/effects_batch_003.json.gz
ENSG00000103994	ZNF106	36516485	GSE167186	ctx_416833ac90ca	Mesenchymal stem cell 3	Adventitial cell	Mesenchymal stromal cell	0	17	19	90	0.003	0.003	1.913	0	1	0	0.165	up	2776685	source/effects_batch_003.json.gz
ENSG00000103994	ZNF106	36516485	GSE167186	ctx_51a23717b452	Mesenchymal stem cell	Pericyte	NA	0	17	19	90	0.006	0.006	1.704	0	1	0	0.330	up	2787453	source/effects_batch_003.json.gz
ENSG00000103994	ZNF106	36516485	GSE167186	ctx_5243fb2c6d5c	Adventitial cell 4	Mesenchymal stem cell	Muscle-derived cell	0	17	19	90	0.007	0.007	1.930	0	1	0	0.385	up	2686493	source/effects_batch_003.json.gz
ENSG00000103994	ZNF106	36516485	GSE167186	ctx_5da05f63762a	Unkown 4	NA	NA	0	17	19	90	0.007	0.007	2.796	0	1	0	0.385	up	2820380	source/effects_batch_003.json.gz
ENSG00000103994	ZNF106	36516485	GSE167186	ctx_66b8877333b1	Adventitial cell 3	Mesenchymal stem cell	Myogenic endothelial cell	0	17	19	90	0.001	0.001	1.718	0	1	0	0.055	up	2674566	source/effects_batch_003.json.gz
ENSG00000103994	ZNF106	36516485	GSE167186	ctx_926384c8242b	Unkown 5	NA	NA	0	17	19	90	0.001	0.001	2.280	0	1	0	0.055	up	2831288	source/effects_batch_003.json.gz
ENSG00000103994	ZNF106	36516485	GSE167186	ctx_93986af51167	Adventitial cell 5	Mesenchymal stem cell	Muscle-derived cell	0	17	19	90	0.001	0.001	1.742	0	1	0	0.055	up	2698315	source/effects_batch_003.json.gz
ENSG00000103994	ZNF106	36516485	GSE167186	ctx_9aa0a69d626d	Adventitial cell 6	Mesenchymal stem cell	Myogenic endothelial cell	0	17	19	90	0.002	0.002	1.751	0	1	0	0.110	up	2710102	source/effects_batch_003.json.gz
ENSG00000103994	ZNF106	36516485	GSE167186	ctx_bfd71711437a	Unkown 2	NA	NA	0	17	19	90	0.005	0.005	2.276	0	1	0	0.275	up	2799050	source/effects_batch_003.json.gz
ENSG00000103994	ZNF106	36516485	GSE167186	ctx_c138321e7ebd	Unkown 3	NA	NA	0	17	19	90	0.004	0.004	2.176	0	1	0	0.220	up	2809474	source/effects_batch_003.json.gz
ENSG00000103994	ZNF106	36516485	GSE167186	ctx_c157cf74c34b	Mesenchymal stem cell 2	Adventitial cell	Mesenchymal stromal cell	0	17	19	90	0.002	0.002	3.418	0	1	0	0.110	up	2765783	source/effects_batch_003.json.gz
ENSG00000103994	ZNF106	36516485	GSE167186	ctx_d30649d2fd62	Unkown 7	NA	NA	0	17	19	90	0.004	0.004	2.376	0	1	0	0.220	up	2853807	source/effects_batch_003.json.gz
ENSG00000103994	ZNF106	36516485	GSE167186	ctx_d78029928f98	Adventitial cell	Mesenchymal stem cell	Muscle-derived cell	0	17	19	90	0.002	0.002	1.730	0	1	0	0.110	up	2743330	source/effects_batch_003.json.gz
ENSG00000103994	ZNF106	36516485	GSE167186	ctx_e129c8e975de	Unkown 8	NA	NA	0	17	19	90	0.002	0.002	2.036	0	1	0	0.110	up	2864823	source/effects_batch_003.json.gz
ENSG00000103994	ZNF106	36516485	GSE167186	ctx_e81eac8c401a	Unkown 6	NA	NA	0	17	19	90	0.001	0.001	1.580	0	1	0	0.055	up	2841892	source/effects_batch_003.json.gz
ENSG00000133687	TMTC1	36516485	GSE167186	ctx_0234b64ace9c	All Cells,  Skeletal Muscle	NA	NA	1	17	19	90	0.007	0.007	1.090	0	1	0	0.385	up	2756789	source/effects_batch_003.json.gz
ENSG00000133687	TMTC1	36516485	GSE167186	ctx_0fd5032b2b0c	Adventitial cell 8	Mesenchymal stem cell	Myogenic endothelial cell	0	17	19	90	-0.004	-0.004	1.279	0	1	0	-0.220	down	2735539	source/effects_batch_003.json.gz
ENSG00000133687	TMTC1	36516485	GSE167186	ctx_1f3e2a4066d7	Adventitial cell 2	Mesenchymal stem cell	Myogenic endothelial cell	0	17	19	90	0.000	0.000	1.230	0	1	0	0.000	rounded_zero	2665276	source/effects_batch_003.json.gz
ENSG00000133687	TMTC1	36516485	GSE167186	ctx_238c34ecff52	Unkown	NA	NA	0	17	19	90	0.009	0.009	1.094	0	1	0	0.495	up	2878425	source/effects_batch_003.json.gz
ENSG00000133687	TMTC1	36516485	GSE167186	ctx_3c1aedecb8ec	Adventitial cell 7	Mesenchymal stem cell	Myogenic endothelial cell	0	17	19	90	0.003	0.003	1.322	0	1	0	0.165	up	2724311	source/effects_batch_003.json.gz
ENSG00000133687	TMTC1	36516485	GSE167186	ctx_416833ac90ca	Mesenchymal stem cell 3	Adventitial cell	Mesenchymal stromal cell	0	17	19	90	0.009	0.009	1.000	0	1	0	0.495	up	2778999	source/effects_batch_003.json.gz
ENSG00000133687	TMTC1	36516485	GSE167186	ctx_51a23717b452	Mesenchymal stem cell	Pericyte	NA	0	17	19	90	0.003	0.003	1.107	0	1	0	0.165	up	2789983	source/effects_batch_003.json.gz
ENSG00000133687	TMTC1	36516485	GSE167186	ctx_5243fb2c6d5c	Adventitial cell 4	Mesenchymal stem cell	Muscle-derived cell	0	17	19	90	0.003	0.003	1.096	0	1	0	0.165	up	2689019	source/effects_batch_003.json.gz
ENSG00000133687	TMTC1	36516485	GSE167186	ctx_5da05f63762a	Unkown 4	NA	NA	0	17	19	90	0.011	0.011	1.176	0	1	0	0.605	up	2822725	source/effects_batch_003.json.gz
ENSG00000133687	TMTC1	36516485	GSE167186	ctx_66b8877333b1	Adventitial cell 3	Mesenchymal stem cell	Myogenic endothelial cell	0	17	19	90	0.002	0.002	1.132	0	1	0	0.110	up	2677124	source/effects_batch_003.json.gz
ENSG00000133687	TMTC1	36516485	GSE167186	ctx_926384c8242b	Unkown 5	NA	NA	0	17	19	90	0.010	0.010	1.056	0	1	0	0.550	up	2833587	source/effects_batch_003.json.gz
ENSG00000133687	TMTC1	36516485	GSE167186	ctx_93986af51167	Adventitial cell 5	Mesenchymal stem cell	Muscle-derived cell	0	17	19	90	-0.001	-0.001	1.172	0	1	0	-0.055	down	2700847	source/effects_batch_003.json.gz
ENSG00000133687	TMTC1	36516485	GSE167186	ctx_9aa0a69d626d	Adventitial cell 6	Mesenchymal stem cell	Myogenic endothelial cell	0	17	19	90	0.002	0.002	1.111	0	1	0	0.110	up	2712604	source/effects_batch_003.json.gz
ENSG00000133687	TMTC1	36516485	GSE167186	ctx_bfd71711437a	Unkown 2	NA	NA	0	17	19	90	0.009	0.009	1.112	0	1	0	0.495	up	2801304	source/effects_batch_003.json.gz
ENSG00000133687	TMTC1	36516485	GSE167186	ctx_c138321e7ebd	Unkown 3	NA	NA	0	17	19	90	0.010	0.010	1.102	0.847338368781712	0.14212210497631883	0	0.550	up	2811825	source/effects_batch_003.json.gz
ENSG00000133687	TMTC1	36516485	GSE167186	ctx_c157cf74c34b	Mesenchymal stem cell 2	Adventitial cell	Mesenchymal stromal cell	0	17	19	90	-0.004	-0.004	1.139	0	1	0	-0.220	down	2768125	source/effects_batch_003.json.gz
ENSG00000133687	TMTC1	36516485	GSE167186	ctx_d30649d2fd62	Unkown 7	NA	NA	0	17	19	90	0.007	0.007	1.110	0	1	0	0.385	up	2856178	source/effects_batch_003.json.gz
ENSG00000133687	TMTC1	36516485	GSE167186	ctx_d78029928f98	Adventitial cell	Mesenchymal stem cell	Muscle-derived cell	0	17	19	90	0.019	0.019	1.101	0	1	0	1.045	up	2745680	source/effects_batch_003.json.gz
ENSG00000133687	TMTC1	36516485	GSE167186	ctx_e129c8e975de	Unkown 8	NA	NA	0	17	19	90	0.013	0.013	1.260	0	1	0	0.715	up	2867244	source/effects_batch_003.json.gz
ENSG00000133687	TMTC1	36516485	GSE167186	ctx_e81eac8c401a	Unkown 6	NA	NA	0	17	19	90	0.002	0.002	1.130	0	1	0	0.110	up	2844463	source/effects_batch_003.json.gz
ENSG00000152443	ZNF776	36516485	GSE167186	ctx_0234b64ace9c	All Cells,  Skeletal Muscle	NA	NA	1	17	19	90	0.000	0.000	1.044	0	1	0	0.000	rounded_zero	2758525	source/effects_batch_003.json.gz
ENSG00000152443	ZNF776	36516485	GSE167186	ctx_0fd5032b2b0c	Adventitial cell 8	Mesenchymal stem cell	Myogenic endothelial cell	0	17	19	90	-0.018	-0.018	1.091	0	1	0	-0.990	down	2737048	source/effects_batch_003.json.gz
ENSG00000152443	ZNF776	36516485	GSE167186	ctx_1f3e2a4066d7	Adventitial cell 2	Mesenchymal stem cell	Myogenic endothelial cell	0	17	19	90	-0.004	-0.004	1.043	0	1	0	-0.220	down	2666992	source/effects_batch_003.json.gz
ENSG00000152443	ZNF776	36516485	GSE167186	ctx_238c34ecff52	Unkown	NA	NA	0	17	19	90	0.003	0.003	1.032	0	1	0	0.165	up	2879936	source/effects_batch_003.json.gz
ENSG00000152443	ZNF776	36516485	GSE167186	ctx_3c1aedecb8ec	Adventitial cell 7	Mesenchymal stem cell	Myogenic endothelial cell	0	17	19	90	-0.016	-0.016	1.000	0	1	0	-0.880	down	2726013	source/effects_batch_003.json.gz
ENSG00000152443	ZNF776	36516485	GSE167186	ctx_416833ac90ca	Mesenchymal stem cell 3	Adventitial cell	Mesenchymal stromal cell	0	17	19	90	-0.002	-0.002	1.000	0	1	0	-0.110	down	2780601	source/effects_batch_003.json.gz
ENSG00000152443	ZNF776	36516485	GSE167186	ctx_51a23717b452	Mesenchymal stem cell	Pericyte	NA	0	17	19	90	0.001	0.001	1.036	0	1	0	0.055	up	2791718	source/effects_batch_003.json.gz
ENSG00000152443	ZNF776	36516485	GSE167186	ctx_5243fb2c6d5c	Adventitial cell 4	Mesenchymal stem cell	Muscle-derived cell	0	17	19	90	-0.003	-0.003	1.063	0	1	0	-0.165	down	2690770	source/effects_batch_003.json.gz
ENSG00000152443	ZNF776	36516485	GSE167186	ctx_5da05f63762a	Unkown 4	NA	NA	0	17	19	90	0.000	0.000	1.044	0	1	0	0.000	rounded_zero	2824328	source/effects_batch_003.json.gz
ENSG00000152443	ZNF776	36516485	GSE167186	ctx_66b8877333b1	Adventitial cell 3	Mesenchymal stem cell	Myogenic endothelial cell	0	17	19	90	-0.003	-0.003	1.042	0	1	0	-0.165	down	2678897	source/effects_batch_003.json.gz
ENSG00000152443	ZNF776	36516485	GSE167186	ctx_926384c8242b	Unkown 5	NA	NA	0	17	19	90	0.001	0.001	1.014	0	1	0	0.055	up	2835143	source/effects_batch_003.json.gz
ENSG00000152443	ZNF776	36516485	GSE167186	ctx_93986af51167	Adventitial cell 5	Mesenchymal stem cell	Muscle-derived cell	0	17	19	90	-0.003	-0.003	1.000	0	1	0	-0.165	down	2702599	source/effects_batch_003.json.gz
ENSG00000152443	ZNF776	36516485	GSE167186	ctx_9aa0a69d626d	Adventitial cell 6	Mesenchymal stem cell	Myogenic endothelial cell	0	17	19	90	-0.024	-0.024	1.111	0	1	0	-1.320	down	2714332	source/effects_batch_003.json.gz
ENSG00000152443	ZNF776	36516485	GSE167186	ctx_bfd71711437a	Unkown 2	NA	NA	0	17	19	90	-0.002	-0.002	1.038	0	1	0	-0.110	down	2802825	source/effects_batch_003.json.gz
ENSG00000152443	ZNF776	36516485	GSE167186	ctx_c138321e7ebd	Unkown 3	NA	NA	0	17	19	90	0.000	0.000	1.042	0	1	0	0.000	rounded_zero	2813422	source/effects_batch_003.json.gz
ENSG00000152443	ZNF776	36516485	GSE167186	ctx_c157cf74c34b	Mesenchymal stem cell 2	Adventitial cell	Mesenchymal stromal cell	0	17	19	90	0.008	0.008	1.000	0	1	0	0.440	up	2769737	source/effects_batch_003.json.gz
ENSG00000152443	ZNF776	36516485	GSE167186	ctx_d30649d2fd62	Unkown 7	NA	NA	0	17	19	90	-0.003	-0.003	1.034	0	1	0	-0.165	down	2857785	source/effects_batch_003.json.gz
ENSG00000152443	ZNF776	36516485	GSE167186	ctx_d78029928f98	Adventitial cell	Mesenchymal stem cell	Muscle-derived cell	0	17	19	90	0.009	0.009	1.036	0	1	0	0.495	up	2747289	source/effects_batch_003.json.gz
ENSG00000152443	ZNF776	36516485	GSE167186	ctx_e129c8e975de	Unkown 8	NA	NA	0	17	19	90	-0.009	-0.009	1.080	0	1	0	-0.495	down	2868964	source/effects_batch_003.json.gz
ENSG00000152443	ZNF776	36516485	GSE167186	ctx_e81eac8c401a	Unkown 6	NA	NA	0	17	19	90	0.000	0.000	1.026	0	1	0	0.000	rounded_zero	2846240	source/effects_batch_003.json.gz
ENSG00000182326	C1S	36516485	GSE167186	ctx_0234b64ace9c	All Cells,  Skeletal Muscle	NA	NA	1	17	19	90	0.001	0.001	1.336	0	1	0	0.055	up	2761335	source/effects_batch_003.json.gz
ENSG00000182326	C1S	36516485	GSE167186	ctx_0fd5032b2b0c	Adventitial cell 8	Mesenchymal stem cell	Myogenic endothelial cell	0	17	19	90	0.005	0.005	1.662	0	1	0	0.275	up	2739454	source/effects_batch_003.json.gz
ENSG00000182326	C1S	36516485	GSE167186	ctx_1f3e2a4066d7	Adventitial cell 2	Mesenchymal stem cell	Myogenic endothelial cell	0	17	19	90	0.002	0.002	1.102	0	1	0	0.110	up	2669850	source/effects_batch_003.json.gz
ENSG00000182326	C1S	36516485	GSE167186	ctx_238c34ecff52	Unkown	NA	NA	0	17	19	90	-0.007	-0.007	1.094	0	1	0	-0.385	down	2882411	source/effects_batch_003.json.gz
ENSG00000182326	C1S	36516485	GSE167186	ctx_3c1aedecb8ec	Adventitial cell 7	Mesenchymal stem cell	Myogenic endothelial cell	0	17	19	90	0.001	0.001	1.070	0	1	0	0.055	up	2728862	source/effects_batch_003.json.gz
ENSG00000182326	C1S	36516485	GSE167186	ctx_416833ac90ca	Mesenchymal stem cell 3	Adventitial cell	Mesenchymal stromal cell	0	17	19	90	0.003	0.003	1.065	0	1	0	0.165	up	2783159	source/effects_batch_003.json.gz
ENSG00000182326	C1S	36516485	GSE167186	ctx_51a23717b452	Mesenchymal stem cell	Pericyte	NA	0	17	19	90	0.000	0.000	1.140	0	1	0	0.000	rounded_zero	2794581	source/effects_batch_003.json.gz
ENSG00000182326	C1S	36516485	GSE167186	ctx_5243fb2c6d5c	Adventitial cell 4	Mesenchymal stem cell	Muscle-derived cell	0	17	19	90	0.005	0.005	1.105	0	1	0	0.275	up	2693605	source/effects_batch_003.json.gz
ENSG00000182326	C1S	36516485	GSE167186	ctx_5da05f63762a	Unkown 4	NA	NA	0	17	19	90	-0.002	-0.002	1.096	0	1	0	-0.110	down	2826954	source/effects_batch_003.json.gz
ENSG00000182326	C1S	36516485	GSE167186	ctx_66b8877333b1	Adventitial cell 3	Mesenchymal stem cell	Myogenic endothelial cell	0	17	19	90	0.003	0.003	1.330	0	1	0	0.165	up	2681800	source/effects_batch_003.json.gz
ENSG00000182326	C1S	36516485	GSE167186	ctx_926384c8242b	Unkown 5	NA	NA	0	17	19	90	0.001	0.001	1.092	0	1	0	0.055	up	2837663	source/effects_batch_003.json.gz
ENSG00000182326	C1S	36516485	GSE167186	ctx_93986af51167	Adventitial cell 5	Mesenchymal stem cell	Muscle-derived cell	0	17	19	90	0.003	0.003	1.866	0	1	0	0.165	up	2705456	source/effects_batch_003.json.gz
ENSG00000182326	C1S	36516485	GSE167186	ctx_9aa0a69d626d	Adventitial cell 6	Mesenchymal stem cell	Myogenic endothelial cell	0	17	19	90	-0.008	-0.008	1.115	0	1	0	-0.440	down	2717130	source/effects_batch_003.json.gz
ENSG00000182326	C1S	36516485	GSE167186	ctx_bfd71711437a	Unkown 2	NA	NA	0	17	19	90	-0.002	-0.002	1.106	0	1	0	-0.110	down	2805312	source/effects_batch_003.json.gz
ENSG00000182326	C1S	36516485	GSE167186	ctx_c138321e7ebd	Unkown 3	NA	NA	0	17	19	90	-0.003	-0.003	1.186	0	1	0	-0.165	down	2816040	source/effects_batch_003.json.gz
ENSG00000182326	C1S	36516485	GSE167186	ctx_c157cf74c34b	Mesenchymal stem cell 2	Adventitial cell	Mesenchymal stromal cell	0	17	19	90	-0.011	-0.011	1.282	0	1	0	-0.605	down	2772374	source/effects_batch_003.json.gz
ENSG00000182326	C1S	36516485	GSE167186	ctx_d30649d2fd62	Unkown 7	NA	NA	0	17	19	90	-0.001	-0.001	1.114	0	1	0	-0.055	down	2860407	source/effects_batch_003.json.gz
ENSG00000182326	C1S	36516485	GSE167186	ctx_d78029928f98	Adventitial cell	Mesenchymal stem cell	Muscle-derived cell	0	17	19	90	-0.010	-0.010	1.101	0	1	0	-0.550	down	2749877	source/effects_batch_003.json.gz
ENSG00000182326	C1S	36516485	GSE167186	ctx_e129c8e975de	Unkown 8	NA	NA	0	17	19	90	-0.006	-0.006	1.121	0	1	0	-0.330	down	2871723	source/effects_batch_003.json.gz
ENSG00000182326	C1S	36516485	GSE167186	ctx_e81eac8c401a	Unkown 6	NA	NA	0	17	19	90	0.007	0.007	1.704	0	1	0	0.385	up	2849157	source/effects_batch_003.json.gz
ENSG00000136938	ANP32B	36516485	GSE167186	ctx_0234b64ace9c	All Cells,  Skeletal Muscle	NA	NA	1	17	19	90	0.002	0.002	1.036	0	1	0	0.110	up	2757192	source/effects_batch_003.json.gz
ENSG00000136938	ANP32B	36516485	GSE167186	ctx_0fd5032b2b0c	Adventitial cell 8	Mesenchymal stem cell	Myogenic endothelial cell	0	17	19	90	0.009	0.009	1.167	0	1	0	0.495	up	2735883	source/effects_batch_003.json.gz
ENSG00000136938	ANP32B	36516485	GSE167186	ctx_1f3e2a4066d7	Adventitial cell 2	Mesenchymal stem cell	Myogenic endothelial cell	0	17	19	90	0.000	0.000	1.056	0	1	0	0.000	rounded_zero	2665667	source/effects_batch_003.json.gz
ENSG00000136938	ANP32B	36516485	GSE167186	ctx_238c34ecff52	Unkown	NA	NA	0	17	19	90	0.006	0.006	1.050	0	1	0	0.330	up	2878761	source/effects_batch_003.json.gz
ENSG00000136938	ANP32B	36516485	GSE167186	ctx_3c1aedecb8ec	Adventitial cell 7	Mesenchymal stem cell	Myogenic endothelial cell	0	17	19	90	0.004	0.004	1.147	0	1	0	0.220	up	2724704	source/effects_batch_003.json.gz
ENSG00000136938	ANP32B	36516485	GSE167186	ctx_416833ac90ca	Mesenchymal stem cell 3	Adventitial cell	Mesenchymal stromal cell	0	17	19	90	-0.004	-0.004	1.059	0	1	0	-0.220	down	2779366	source/effects_batch_003.json.gz
ENSG00000136938	ANP32B	36516485	GSE167186	ctx_51a23717b452	Mesenchymal stem cell	Pericyte	NA	0	17	19	90	0.003	0.003	1.062	0	1	0	0.165	up	2790381	source/effects_batch_003.json.gz
ENSG00000136938	ANP32B	36516485	GSE167186	ctx_5243fb2c6d5c	Adventitial cell 4	Mesenchymal stem cell	Muscle-derived cell	0	17	19	90	-0.002	-0.002	1.063	0	1	0	-0.110	down	2689418	source/effects_batch_003.json.gz
ENSG00000136938	ANP32B	36516485	GSE167186	ctx_5da05f63762a	Unkown 4	NA	NA	0	17	19	90	0.002	0.002	1.022	0	1	0	0.110	up	2823089	source/effects_batch_003.json.gz
ENSG00000136938	ANP32B	36516485	GSE167186	ctx_66b8877333b1	Adventitial cell 3	Mesenchymal stem cell	Myogenic endothelial cell	0	17	19	90	0.005	0.005	1.065	0	1	0	0.275	up	2677528	source/effects_batch_003.json.gz
ENSG00000136938	ANP32B	36516485	GSE167186	ctx_926384c8242b	Unkown 5	NA	NA	0	17	19	90	0.005	0.005	1.030	0	1	0	0.275	up	2833943	source/effects_batch_003.json.gz
ENSG00000136938	ANP32B	36516485	GSE167186	ctx_93986af51167	Adventitial cell 5	Mesenchymal stem cell	Muscle-derived cell	0	17	19	90	-0.004	-0.004	1.068	0	1	0	-0.220	down	2701249	source/effects_batch_003.json.gz
ENSG00000136938	ANP32B	36516485	GSE167186	ctx_9aa0a69d626d	Adventitial cell 6	Mesenchymal stem cell	Myogenic endothelial cell	0	17	19	90	-0.003	-0.003	1.073	0	1	0	-0.165	down	2713000	source/effects_batch_003.json.gz
ENSG00000136938	ANP32B	36516485	GSE167186	ctx_bfd71711437a	Unkown 2	NA	NA	0	17	19	90	0.001	0.001	1.032	0	1	0	0.055	up	2801645	source/effects_batch_003.json.gz
ENSG00000136938	ANP32B	36516485	GSE167186	ctx_c138321e7ebd	Unkown 3	NA	NA	0	17	19	90	0.006	0.006	1.038	0	1	0	0.330	up	2812184	source/effects_batch_003.json.gz
ENSG00000136938	ANP32B	36516485	GSE167186	ctx_c157cf74c34b	Mesenchymal stem cell 2	Adventitial cell	Mesenchymal stromal cell	0	17	19	90	0.001	0.001	1.022	0	1	0	0.055	up	2768494	source/effects_batch_003.json.gz
ENSG00000136938	ANP32B	36516485	GSE167186	ctx_d30649d2fd62	Unkown 7	NA	NA	0	17	19	90	0.004	0.004	1.045	0	1	0	0.220	up	2856542	source/effects_batch_003.json.gz
ENSG00000136938	ANP32B	36516485	GSE167186	ctx_d78029928f98	Adventitial cell	Mesenchymal stem cell	Muscle-derived cell	0	17	19	90	0.005	0.005	1.045	0	1	0	0.275	up	2746043	source/effects_batch_003.json.gz
ENSG00000136938	ANP32B	36516485	GSE167186	ctx_e129c8e975de	Unkown 8	NA	NA	0	17	19	90	0.012	0.012	1.037	0	1	0	0.660	up	2867642	source/effects_batch_003.json.gz
ENSG00000136938	ANP32B	36516485	GSE167186	ctx_e81eac8c401a	Unkown 6	NA	NA	0	17	19	90	0.002	0.002	1.041	0	1	0	0.110	up	2844870	source/effects_batch_003.json.gz
ENSG00000107789	MINPP1	36516485	GSE167186	ctx_0234b64ace9c	All Cells,  Skeletal Muscle	NA	NA	1	17	19	90	-0.002	-0.002	1.032	0	1	0	-0.110	down	2754641	source/effects_batch_004.json.gz
ENSG00000107789	MINPP1	36516485	GSE167186	ctx_0fd5032b2b0c	Adventitial cell 8	Mesenchymal stem cell	Myogenic endothelial cell	0	17	19	90	-0.009	-0.009	1.167	0	1	0	-0.495	down	2733642	source/effects_batch_004.json.gz
ENSG00000107789	MINPP1	36516485	GSE167186	ctx_1f3e2a4066d7	Adventitial cell 2	Mesenchymal stem cell	Myogenic endothelial cell	0	17	19	90	-0.003	-0.003	1.075	0	1	0	-0.165	down	2663117	source/effects_batch_004.json.gz
ENSG00000107789	MINPP1	36516485	GSE167186	ctx_238c34ecff52	Unkown	NA	NA	0	17	19	90	-0.001	-0.001	1.030	0	1	0	-0.055	down	2876509	source/effects_batch_004.json.gz
ENSG00000107789	MINPP1	36516485	GSE167186	ctx_3c1aedecb8ec	Adventitial cell 7	Mesenchymal stem cell	Myogenic endothelial cell	0	17	19	90	-0.010	-0.010	1.063	0	1	0	-0.550	down	2722164	source/effects_batch_004.json.gz
ENSG00000107789	MINPP1	36516485	GSE167186	ctx_416833ac90ca	Mesenchymal stem cell 3	Adventitial cell	Mesenchymal stromal cell	0	17	19	90	0.002	0.002	1.000	0	1	0	0.110	up	2777021	source/effects_batch_004.json.gz
ENSG00000107789	MINPP1	36516485	GSE167186	ctx_51a23717b452	Mesenchymal stem cell	Pericyte	NA	0	17	19	90	-0.004	-0.004	1.045	0	1	0	-0.220	down	2787829	source/effects_batch_004.json.gz
ENSG00000107789	MINPP1	36516485	GSE167186	ctx_5243fb2c6d5c	Adventitial cell 4	Mesenchymal stem cell	Muscle-derived cell	0	17	19	90	-0.002	-0.002	1.044	0	1	0	-0.110	down	2686863	source/effects_batch_004.json.gz
ENSG00000107789	MINPP1	36516485	GSE167186	ctx_5da05f63762a	Unkown 4	NA	NA	0	17	19	90	0.000	0.000	1.048	0	1	0	0.000	rounded_zero	2820717	source/effects_batch_004.json.gz
ENSG00000107789	MINPP1	36516485	GSE167186	ctx_66b8877333b1	Adventitial cell 3	Mesenchymal stem cell	Myogenic endothelial cell	0	17	19	90	0.000	0.000	1.036	0	1	0	0.000	rounded_zero	2674946	source/effects_batch_004.json.gz
ENSG00000107789	MINPP1	36516485	GSE167186	ctx_926384c8242b	Unkown 5	NA	NA	0	17	19	90	-0.004	-0.004	1.041	0	1	0	-0.220	down	2831623	source/effects_batch_004.json.gz
ENSG00000107789	MINPP1	36516485	GSE167186	ctx_93986af51167	Adventitial cell 5	Mesenchymal stem cell	Muscle-derived cell	0	17	19	90	-0.004	-0.004	1.033	0	1	0	-0.220	down	2698690	source/effects_batch_004.json.gz
ENSG00000107789	MINPP1	36516485	GSE167186	ctx_9aa0a69d626d	Adventitial cell 6	Mesenchymal stem cell	Myogenic endothelial cell	0	17	19	90	0.000	0.000	1.000	0	1	0	0.000	rounded_zero	2710471	source/effects_batch_004.json.gz
ENSG00000107789	MINPP1	36516485	GSE167186	ctx_bfd71711437a	Unkown 2	NA	NA	0	17	19	90	-0.005	-0.005	1.032	0	1	0	-0.275	down	2799372	source/effects_batch_004.json.gz
ENSG00000107789	MINPP1	36516485	GSE167186	ctx_c138321e7ebd	Unkown 3	NA	NA	0	17	19	90	-0.002	-0.002	1.038	0	1	0	-0.110	down	2809818	source/effects_batch_004.json.gz
ENSG00000107789	MINPP1	36516485	GSE167186	ctx_c157cf74c34b	Mesenchymal stem cell 2	Adventitial cell	Mesenchymal stromal cell	0	17	19	90	0.007	0.007	1.033	0	1	0	0.385	up	2766121	source/effects_batch_004.json.gz
ENSG00000107789	MINPP1	36516485	GSE167186	ctx_d30649d2fd62	Unkown 7	NA	NA	0	17	19	90	-0.002	-0.002	1.055	0	1	0	-0.110	down	2854153	source/effects_batch_004.json.gz
ENSG00000107789	MINPP1	36516485	GSE167186	ctx_d78029928f98	Adventitial cell	Mesenchymal stem cell	Muscle-derived cell	0	17	19	90	-0.012	-0.012	1.023	0	1	0	-0.660	down	2743678	source/effects_batch_004.json.gz
ENSG00000107789	MINPP1	36516485	GSE167186	ctx_e129c8e975de	Unkown 8	NA	NA	0	17	19	90	-0.006	-0.006	1.000	0	1	0	-0.330	down	2865172	source/effects_batch_004.json.gz
ENSG00000107789	MINPP1	36516485	GSE167186	ctx_e81eac8c401a	Unkown 6	NA	NA	0	17	19	90	0.004	0.004	1.029	0	1	0	0.220	up	2842273	source/effects_batch_004.json.gz
ENSG00000069956	MAPK6	36516485	GSE167186	ctx_0234b64ace9c	All Cells,  Skeletal Muscle	NA	NA	1	17	19	90	-0.006	-0.006	1.072	0.0325885402632398	0.9277083375652676	0	-0.330	down	2753061	source/effects_batch_004.json.gz
ENSG00000069956	MAPK6	36516485	GSE167186	ctx_0fd5032b2b0c	Adventitial cell 8	Mesenchymal stem cell	Myogenic endothelial cell	0	17	19	90	-0.020	-0.020	1.000	0	1	0	-1.100	down	2732222	source/effects_batch_004.json.gz
ENSG00000069956	MAPK6	36516485	GSE167186	ctx_1f3e2a4066d7	Adventitial cell 2	Mesenchymal stem cell	Myogenic endothelial cell	0	17	19	90	-0.002	-0.002	1.028	0	1	0	-0.110	down	2661514	source/effects_batch_004.json.gz
ENSG00000069956	MAPK6	36516485	GSE167186	ctx_238c34ecff52	Unkown	NA	NA	0	17	19	90	-0.006	-0.006	1.050	0	1	0	-0.330	down	2875108	source/effects_batch_004.json.gz
ENSG00000069956	MAPK6	36516485	GSE167186	ctx_3c1aedecb8ec	Adventitial cell 7	Mesenchymal stem cell	Myogenic endothelial cell	0	17	19	90	-0.003	-0.003	1.000	0	1	0	-0.165	down	2720558	source/effects_batch_004.json.gz
ENSG00000069956	MAPK6	36516485	GSE167186	ctx_416833ac90ca	Mesenchymal stem cell 3	Adventitial cell	Mesenchymal stromal cell	0	17	19	90	-0.006	-0.006	1.000	0	1	0	-0.330	down	2775567	source/effects_batch_004.json.gz
ENSG00000069956	MAPK6	36516485	GSE167186	ctx_51a23717b452	Mesenchymal stem cell	Pericyte	NA	0	17	19	90	-0.004	-0.004	1.039	0	1	0	-0.220	down	2786244	source/effects_batch_004.json.gz
ENSG00000069956	MAPK6	36516485	GSE167186	ctx_5243fb2c6d5c	Adventitial cell 4	Mesenchymal stem cell	Muscle-derived cell	0	17	19	90	-0.002	-0.002	1.031	0	1	0	-0.110	down	2685268	source/effects_batch_004.json.gz
ENSG00000069956	MAPK6	36516485	GSE167186	ctx_5da05f63762a	Unkown 4	NA	NA	0	17	19	90	-0.007	-0.007	1.076	0	1	0	-0.385	down	2819248	source/effects_batch_004.json.gz
ENSG00000069956	MAPK6	36516485	GSE167186	ctx_66b8877333b1	Adventitial cell 3	Mesenchymal stem cell	Myogenic endothelial cell	0	17	19	90	-0.003	-0.003	1.105	0	1	0	-0.165	down	2673330	source/effects_batch_004.json.gz
ENSG00000069956	MAPK6	36516485	GSE167186	ctx_926384c8242b	Unkown 5	NA	NA	0	17	19	90	-0.002	-0.002	1.050	0	1	0	-0.110	down	2830188	source/effects_batch_004.json.gz
ENSG00000069956	MAPK6	36516485	GSE167186	ctx_93986af51167	Adventitial cell 5	Mesenchymal stem cell	Muscle-derived cell	0	17	19	90	0.000	0.000	1.058	0	1	0	0.000	rounded_zero	2697093	source/effects_batch_004.json.gz
ENSG00000069956	MAPK6	36516485	GSE167186	ctx_9aa0a69d626d	Adventitial cell 6	Mesenchymal stem cell	Myogenic endothelial cell	0	17	19	90	0.008	0.008	1.094	0	1	0	0.440	up	2708892	source/effects_batch_004.json.gz
ENSG00000069956	MAPK6	36516485	GSE167186	ctx_bfd71711437a	Unkown 2	NA	NA	0	17	19	90	-0.002	-0.002	1.060	0	1	0	-0.110	down	2797968	source/effects_batch_004.json.gz
ENSG00000069956	MAPK6	36516485	GSE167186	ctx_c138321e7ebd	Unkown 3	NA	NA	0	17	19	90	-0.007	-0.007	1.090	0	1	0	-0.385	down	2808341	source/effects_batch_004.json.gz
ENSG00000069956	MAPK6	36516485	GSE167186	ctx_c157cf74c34b	Mesenchymal stem cell 2	Adventitial cell	Mesenchymal stromal cell	0	17	19	90	0.001	0.001	1.043	0	1	0	0.055	up	2764664	source/effects_batch_004.json.gz
ENSG00000069956	MAPK6	36516485	GSE167186	ctx_d30649d2fd62	Unkown 7	NA	NA	0	17	19	90	-0.004	-0.004	1.063	0	1	0	-0.220	down	2852669	source/effects_batch_004.json.gz
ENSG00000069956	MAPK6	36516485	GSE167186	ctx_d78029928f98	Adventitial cell	Mesenchymal stem cell	Muscle-derived cell	0	17	19	90	-0.006	-0.006	1.036	0	1	0	-0.330	down	2742209	source/effects_batch_004.json.gz
ENSG00000069956	MAPK6	36516485	GSE167186	ctx_e129c8e975de	Unkown 8	NA	NA	0	17	19	90	-0.004	-0.004	1.304	0	1	0	-0.220	down	2863650	source/effects_batch_004.json.gz
ENSG00000069956	MAPK6	36516485	GSE167186	ctx_e81eac8c401a	Unkown 6	NA	NA	0	17	19	90	-0.004	-0.004	1.065	0	1	0	-0.220	down	2840646	source/effects_batch_004.json.gz
ENSG00000154096	THY1	36516485	GSE167186	ctx_0234b64ace9c	All Cells,  Skeletal Muscle	NA	NA	1	17	19	90	-0.005	-0.005	1.134	0	1	0	-0.275	down	2758627	source/effects_batch_004.json.gz
ENSG00000154096	THY1	36516485	GSE167186	ctx_0fd5032b2b0c	Adventitial cell 8	Mesenchymal stem cell	Myogenic endothelial cell	0	17	19	90	-0.016	-0.016	1.333	0	1	0	-0.880	down	2737137	source/effects_batch_004.json.gz
ENSG00000154096	THY1	36516485	GSE167186	ctx_1f3e2a4066d7	Adventitial cell 2	Mesenchymal stem cell	Myogenic endothelial cell	0	17	19	90	-0.024	-0.024	1.000	0	1	0	-1.320	down	2667097	source/effects_batch_004.json.gz
ENSG00000154096	THY1	36516485	GSE167186	ctx_3c1aedecb8ec	Adventitial cell 7	Mesenchymal stem cell	Myogenic endothelial cell	0	17	19	90	-0.011	-0.011	1.111	0	1	0	-0.605	down	2726119	source/effects_batch_004.json.gz
ENSG00000154096	THY1	36516485	GSE167186	ctx_51a23717b452	Mesenchymal stem cell	Pericyte	NA	0	17	19	90	-0.002	-0.002	1.091	0	1	0	-0.110	down	2791820	source/effects_batch_004.json.gz
ENSG00000154096	THY1	36516485	GSE167186	ctx_5243fb2c6d5c	Adventitial cell 4	Mesenchymal stem cell	Muscle-derived cell	0	17	19	90	-0.029	-0.029	1.067	0	1	0	-1.595	down	2690871	source/effects_batch_004.json.gz
ENSG00000154096	THY1	36516485	GSE167186	ctx_66b8877333b1	Adventitial cell 3	Mesenchymal stem cell	Myogenic endothelial cell	0	17	19	90	0.006	0.006	1.111	0	1	0	0.330	up	2679006	source/effects_batch_004.json.gz
ENSG00000154096	THY1	36516485	GSE167186	ctx_926384c8242b	Unkown 5	NA	NA	0	17	19	90	0.004	0.004	1.000	0	1	0	0.220	up	2835227	source/effects_batch_004.json.gz
ENSG00000154096	THY1	36516485	GSE167186	ctx_93986af51167	Adventitial cell 5	Mesenchymal stem cell	Muscle-derived cell	0	17	19	90	-0.007	-0.007	1.205	0	1	0	-0.385	down	2702700	source/effects_batch_004.json.gz
ENSG00000154096	THY1	36516485	GSE167186	ctx_d78029928f98	Adventitial cell	Mesenchymal stem cell	Muscle-derived cell	0	17	19	90	-0.017	-0.017	1.000	0	1	0	-0.935	down	2747382	source/effects_batch_004.json.gz
ENSG00000154096	THY1	36516485	GSE167186	ctx_e81eac8c401a	Unkown 6	NA	NA	0	17	19	90	-0.002	-0.002	1.244	0	1	0	-0.110	down	2846344	source/effects_batch_004.json.gz
ENSG00000158195	WASF2	36516485	GSE167186	ctx_0234b64ace9c	All Cells,  Skeletal Muscle	NA	NA	1	17	19	90	-0.001	-0.001	1.116	0	1	0	-0.055	down	2758904	source/effects_batch_004.json.gz
ENSG00000158195	WASF2	36516485	GSE167186	ctx_0fd5032b2b0c	Adventitial cell 8	Mesenchymal stem cell	Myogenic endothelial cell	0	17	19	90	-0.006	-0.006	1.161	0	1	0	-0.330	down	2737384	source/effects_batch_004.json.gz
ENSG00000158195	WASF2	36516485	GSE167186	ctx_1f3e2a4066d7	Adventitial cell 2	Mesenchymal stem cell	Myogenic endothelial cell	0	17	19	90	-0.001	-0.001	1.184	0	1	0	-0.055	down	2667371	source/effects_batch_004.json.gz
ENSG00000158195	WASF2	36516485	GSE167186	ctx_238c34ecff52	Unkown	NA	NA	0	17	19	90	0.003	0.003	1.050	0	1	0	0.165	up	2880260	source/effects_batch_004.json.gz
ENSG00000158195	WASF2	36516485	GSE167186	ctx_3c1aedecb8ec	Adventitial cell 7	Mesenchymal stem cell	Myogenic endothelial cell	0	17	19	90	-0.001	-0.001	1.292	0	1	0	-0.055	down	2726395	source/effects_batch_004.json.gz
ENSG00000158195	WASF2	36516485	GSE167186	ctx_416833ac90ca	Mesenchymal stem cell 3	Adventitial cell	Mesenchymal stromal cell	0	17	19	90	0.004	0.004	1.145	0	1	0	0.220	up	2780942	source/effects_batch_004.json.gz
ENSG00000158195	WASF2	36516485	GSE167186	ctx_51a23717b452	Mesenchymal stem cell	Pericyte	NA	0	17	19	90	0.003	0.003	1.132	0	1	0	0.165	up	2792098	source/effects_batch_004.json.gz
ENSG00000158195	WASF2	36516485	GSE167186	ctx_5243fb2c6d5c	Adventitial cell 4	Mesenchymal stem cell	Muscle-derived cell	0	17	19	90	-0.001	-0.001	1.164	0	1	0	-0.055	down	2691144	source/effects_batch_004.json.gz
ENSG00000158195	WASF2	36516485	GSE167186	ctx_5da05f63762a	Unkown 4	NA	NA	0	17	19	90	0.001	0.001	1.066	0	1	0	0.055	up	2824671	source/effects_batch_004.json.gz
ENSG00000158195	WASF2	36516485	GSE167186	ctx_66b8877333b1	Adventitial cell 3	Mesenchymal stem cell	Myogenic endothelial cell	0	17	19	90	-0.001	-0.001	1.246	0	1	0	-0.055	down	2679294	source/effects_batch_004.json.gz
ENSG00000158195	WASF2	36516485	GSE167186	ctx_926384c8242b	Unkown 5	NA	NA	0	17	19	90	0.003	0.003	1.066	0	1	0	0.165	up	2835481	source/effects_batch_004.json.gz
ENSG00000158195	WASF2	36516485	GSE167186	ctx_93986af51167	Adventitial cell 5	Mesenchymal stem cell	Muscle-derived cell	0	17	19	90	0.000	0.000	1.157	0	1	0	0.000	rounded_zero	2702984	source/effects_batch_004.json.gz
ENSG00000158195	WASF2	36516485	GSE167186	ctx_9aa0a69d626d	Adventitial cell 6	Mesenchymal stem cell	Myogenic endothelial cell	0	17	19	90	0.008	0.008	1.073	0	1	0	0.440	up	2714703	source/effects_batch_004.json.gz
ENSG00000158195	WASF2	36516485	GSE167186	ctx_bfd71711437a	Unkown 2	NA	NA	0	17	19	90	0.000	0.000	1.046	0	1	0	0.000	rounded_zero	2803150	source/effects_batch_004.json.gz
ENSG00000158195	WASF2	36516485	GSE167186	ctx_c138321e7ebd	Unkown 3	NA	NA	0	17	19	90	0.002	0.002	1.086	0	1	0	0.110	up	2813760	source/effects_batch_004.json.gz
ENSG00000158195	WASF2	36516485	GSE167186	ctx_c157cf74c34b	Mesenchymal stem cell 2	Adventitial cell	Mesenchymal stromal cell	0	17	19	90	0.002	0.002	1.148	0	1	0	0.110	up	2770090	source/effects_batch_004.json.gz
ENSG00000158195	WASF2	36516485	GSE167186	ctx_d30649d2fd62	Unkown 7	NA	NA	0	17	19	90	0.002	0.002	1.076	0	1	0	0.110	up	2858126	source/effects_batch_004.json.gz
ENSG00000158195	WASF2	36516485	GSE167186	ctx_d78029928f98	Adventitial cell	Mesenchymal stem cell	Muscle-derived cell	0	17	19	90	0.004	0.004	1.096	0	1	0	0.220	up	2747632	source/effects_batch_004.json.gz
ENSG00000158195	WASF2	36516485	GSE167186	ctx_e129c8e975de	Unkown 8	NA	NA	0	17	19	90	0.001	0.001	1.099	0	1	0	0.055	up	2869342	source/effects_batch_004.json.gz
ENSG00000158195	WASF2	36516485	GSE167186	ctx_e81eac8c401a	Unkown 6	NA	NA	0	17	19	90	-0.003	-0.003	1.170	0	1	0	-0.165	down	2846633	source/effects_batch_004.json.gz
ENSG00000104894	CD37	36516485	GSE167186	ctx_0234b64ace9c	All Cells,  Skeletal Muscle	NA	NA	1	17	19	90	0.003	0.003	1.180	0	1	0	0.165	up	2754354	source/effects_batch_004.json.gz
ENSG00000104894	CD37	36516485	GSE167186	ctx_1f3e2a4066d7	Adventitial cell 2	Mesenchymal stem cell	Myogenic endothelial cell	0	17	19	90	0.025	0.025	1.158	0	1	0	1.375	up	2662820	source/effects_batch_004.json.gz
ENSG00000104894	CD37	36516485	GSE167186	ctx_416833ac90ca	Mesenchymal stem cell 3	Adventitial cell	Mesenchymal stromal cell	0	17	19	90	-0.004	-0.004	1.222	0	1	0	-0.220	down	2776760	source/effects_batch_004.json.gz
ENSG00000104894	CD37	36516485	GSE167186	ctx_51a23717b452	Mesenchymal stem cell	Pericyte	NA	0	17	19	90	0.000	0.000	1.000	0	1	0	0.000	rounded_zero	2787537	source/effects_batch_004.json.gz
ENSG00000104894	CD37	36516485	GSE167186	ctx_66b8877333b1	Adventitial cell 3	Mesenchymal stem cell	Myogenic endothelial cell	0	17	19	90	-0.002	-0.002	1.213	0	1	0	-0.110	down	2674652	source/effects_batch_004.json.gz
ENSG00000104894	CD37	36516485	GSE167186	ctx_9aa0a69d626d	Adventitial cell 6	Mesenchymal stem cell	Myogenic endothelial cell	0	17	19	90	0.009	0.009	1.204	0	1	0	0.495	up	2710188	source/effects_batch_004.json.gz
ENSG00000068615	REEP1	36516485	GSE167186	ctx_0234b64ace9c	All Cells,  Skeletal Muscle	NA	NA	1	17	19	90	-0.002	-0.002	1.112	0	1	0	-0.110	down	2753030	source/effects_batch_004.json.gz
ENSG00000068615	REEP1	36516485	GSE167186	ctx_1f3e2a4066d7	Adventitial cell 2	Mesenchymal stem cell	Myogenic endothelial cell	0	17	19	90	-0.008	-0.008	1.148	0	1	0	-0.440	down	2661483	source/effects_batch_004.json.gz
ENSG00000068615	REEP1	36516485	GSE167186	ctx_238c34ecff52	Unkown	NA	NA	0	17	19	90	-0.005	-0.005	1.116	0	1	0	-0.275	down	2875079	source/effects_batch_004.json.gz
ENSG00000068615	REEP1	36516485	GSE167186	ctx_3c1aedecb8ec	Adventitial cell 7	Mesenchymal stem cell	Myogenic endothelial cell	0	17	19	90	0.015	0.015	1.150	0	1	0	0.825	up	2720527	source/effects_batch_004.json.gz
ENSG00000068615	REEP1	36516485	GSE167186	ctx_416833ac90ca	Mesenchymal stem cell 3	Adventitial cell	Mesenchymal stromal cell	0	17	19	90	0.010	0.010	1.175	0	1	0	0.550	up	2775538	source/effects_batch_004.json.gz
ENSG00000068615	REEP1	36516485	GSE167186	ctx_51a23717b452	Mesenchymal stem cell	Pericyte	NA	0	17	19	90	-0.003	-0.003	1.103	0	1	0	-0.165	down	2786213	source/effects_batch_004.json.gz
ENSG00000068615	REEP1	36516485	GSE167186	ctx_5243fb2c6d5c	Adventitial cell 4	Mesenchymal stem cell	Muscle-derived cell	0	17	19	90	-0.004	-0.004	1.140	0	1	0	-0.220	down	2685237	source/effects_batch_004.json.gz
ENSG00000068615	REEP1	36516485	GSE167186	ctx_5da05f63762a	Unkown 4	NA	NA	0	17	19	90	-0.001	-0.001	1.172	0	1	0	-0.055	down	2819218	source/effects_batch_004.json.gz
ENSG00000068615	REEP1	36516485	GSE167186	ctx_66b8877333b1	Adventitial cell 3	Mesenchymal stem cell	Myogenic endothelial cell	0	17	19	90	-0.008	-0.008	1.078	0	1	0	-0.440	down	2673299	source/effects_batch_004.json.gz
ENSG00000068615	REEP1	36516485	GSE167186	ctx_926384c8242b	Unkown 5	NA	NA	0	17	19	90	-0.002	-0.002	1.074	0	1	0	-0.110	down	2830159	source/effects_batch_004.json.gz
ENSG00000068615	REEP1	36516485	GSE167186	ctx_93986af51167	Adventitial cell 5	Mesenchymal stem cell	Muscle-derived cell	0	17	19	90	-0.014	-0.014	1.100	0	1	0	-0.770	down	2697063	source/effects_batch_004.json.gz
ENSG00000068615	REEP1	36516485	GSE167186	ctx_9aa0a69d626d	Adventitial cell 6	Mesenchymal stem cell	Myogenic endothelial cell	0	17	19	90	-0.003	-0.003	1.068	0	1	0	-0.165	down	2708862	source/effects_batch_004.json.gz
ENSG00000068615	REEP1	36516485	GSE167186	ctx_bfd71711437a	Unkown 2	NA	NA	0	17	19	90	-0.002	-0.002	1.104	0	1	0	-0.110	down	2797939	source/effects_batch_004.json.gz
ENSG00000068615	REEP1	36516485	GSE167186	ctx_c138321e7ebd	Unkown 3	NA	NA	0	17	19	90	-0.002	-0.002	1.140	0	1	0	-0.110	down	2808311	source/effects_batch_004.json.gz
ENSG00000068615	REEP1	36516485	GSE167186	ctx_c157cf74c34b	Mesenchymal stem cell 2	Adventitial cell	Mesenchymal stromal cell	0	17	19	90	-0.007	-0.007	1.193	0	1	0	-0.385	down	2764634	source/effects_batch_004.json.gz
ENSG00000068615	REEP1	36516485	GSE167186	ctx_d30649d2fd62	Unkown 7	NA	NA	0	17	19	90	-0.005	-0.005	1.176	0	1	0	-0.275	down	2852639	source/effects_batch_004.json.gz
ENSG00000068615	REEP1	36516485	GSE167186	ctx_d78029928f98	Adventitial cell	Mesenchymal stem cell	Muscle-derived cell	0	17	19	90	-0.001	-0.001	1.127	0	1	0	-0.055	down	2742179	source/effects_batch_004.json.gz
ENSG00000068615	REEP1	36516485	GSE167186	ctx_e129c8e975de	Unkown 8	NA	NA	0	17	19	90	-0.013	-0.013	1.227	0	1	0	-0.715	down	2863620	source/effects_batch_004.json.gz
ENSG00000068615	REEP1	36516485	GSE167186	ctx_e81eac8c401a	Unkown 6	NA	NA	0	17	19	90	-0.001	-0.001	1.127	0	1	0	-0.055	down	2840615	source/effects_batch_004.json.gz
ENSG00000136521	NDUFB5	36516485	GSE167186	ctx_0234b64ace9c	All Cells,  Skeletal Muscle	NA	NA	1	17	19	90	0.000	0.000	1.084	0	1	0	0.000	rounded_zero	2757128	source/effects_batch_004.json.gz
ENSG00000136521	NDUFB5	36516485	GSE167186	ctx_0fd5032b2b0c	Adventitial cell 8	Mesenchymal stem cell	Myogenic endothelial cell	0	17	19	90	0.005	0.005	1.000	0	1	0	0.275	up	2735825	source/effects_batch_004.json.gz
ENSG00000136521	NDUFB5	36516485	GSE167186	ctx_1f3e2a4066d7	Adventitial cell 2	Mesenchymal stem cell	Myogenic endothelial cell	0	17	19	90	0.000	0.000	1.073	0	1	0	0.000	rounded_zero	2665603	source/effects_batch_004.json.gz
ENSG00000136521	NDUFB5	36516485	GSE167186	ctx_238c34ecff52	Unkown	NA	NA	0	17	19	90	-0.001	-0.001	1.072	0	1	0	-0.055	down	2878702	source/effects_batch_004.json.gz
ENSG00000136521	NDUFB5	36516485	GSE167186	ctx_3c1aedecb8ec	Adventitial cell 7	Mesenchymal stem cell	Myogenic endothelial cell	0	17	19	90	0.005	0.005	1.017	0	1	0	0.275	up	2724640	source/effects_batch_004.json.gz
ENSG00000136521	NDUFB5	36516485	GSE167186	ctx_416833ac90ca	Mesenchymal stem cell 3	Adventitial cell	Mesenchymal stromal cell	0	17	19	90	0.011	0.011	1.056	0	1	0	0.605	up	2779308	source/effects_batch_004.json.gz
ENSG00000136521	NDUFB5	36516485	GSE167186	ctx_51a23717b452	Mesenchymal stem cell	Pericyte	NA	0	17	19	90	0.000	0.000	1.098	0	1	0	0.000	rounded_zero	2790317	source/effects_batch_004.json.gz
ENSG00000136521	NDUFB5	36516485	GSE167186	ctx_5243fb2c6d5c	Adventitial cell 4	Mesenchymal stem cell	Muscle-derived cell	0	17	19	90	0.000	0.000	1.074	0	1	0	0.000	rounded_zero	2689354	source/effects_batch_004.json.gz
ENSG00000136521	NDUFB5	36516485	GSE167186	ctx_5da05f63762a	Unkown 4	NA	NA	0	17	19	90	0.000	0.000	1.124	0	1	0	0.000	rounded_zero	2823028	source/effects_batch_004.json.gz
ENSG00000136521	NDUFB5	36516485	GSE167186	ctx_66b8877333b1	Adventitial cell 3	Mesenchymal stem cell	Myogenic endothelial cell	0	17	19	90	0.002	0.002	1.095	0	1	0	0.110	up	2677464	source/effects_batch_004.json.gz
ENSG00000136521	NDUFB5	36516485	GSE167186	ctx_926384c8242b	Unkown 5	NA	NA	0	17	19	90	0.001	0.001	1.088	0	1	0	0.055	up	2833879	source/effects_batch_004.json.gz
ENSG00000136521	NDUFB5	36516485	GSE167186	ctx_93986af51167	Adventitial cell 5	Mesenchymal stem cell	Muscle-derived cell	0	17	19	90	-0.007	-0.007	1.052	0	1	0	-0.385	down	2701185	source/effects_batch_004.json.gz
ENSG00000136521	NDUFB5	36516485	GSE167186	ctx_9aa0a69d626d	Adventitial cell 6	Mesenchymal stem cell	Myogenic endothelial cell	0	17	19	90	-0.003	-0.003	1.091	0	1	0	-0.165	down	2712936	source/effects_batch_004.json.gz
ENSG00000136521	NDUFB5	36516485	GSE167186	ctx_bfd71711437a	Unkown 2	NA	NA	0	17	19	90	0.000	0.000	1.042	0	1	0	0.000	rounded_zero	2801586	source/effects_batch_004.json.gz
ENSG00000136521	NDUFB5	36516485	GSE167186	ctx_c138321e7ebd	Unkown 3	NA	NA	0	17	19	90	0.000	0.000	1.086	0	1	0	0.000	rounded_zero	2812122	source/effects_batch_004.json.gz
ENSG00000136521	NDUFB5	36516485	GSE167186	ctx_c157cf74c34b	Mesenchymal stem cell 2	Adventitial cell	Mesenchymal stromal cell	0	17	19	90	0.003	0.003	1.125	0	1	0	0.165	up	2768430	source/effects_batch_004.json.gz
ENSG00000136521	NDUFB5	36516485	GSE167186	ctx_d30649d2fd62	Unkown 7	NA	NA	0	17	19	90	0.002	0.002	1.086	0	1	0	0.110	up	2856480	source/effects_batch_004.json.gz
ENSG00000136521	NDUFB5	36516485	GSE167186	ctx_d78029928f98	Adventitial cell	Mesenchymal stem cell	Muscle-derived cell	0	17	19	90	0.000	0.000	1.054	0	1	0	0.000	rounded_zero	2745979	source/effects_batch_004.json.gz
ENSG00000136521	NDUFB5	36516485	GSE167186	ctx_e129c8e975de	Unkown 8	NA	NA	0	17	19	90	0.008	0.008	1.174	0	1	0	0.440	up	2867580	source/effects_batch_004.json.gz
ENSG00000136521	NDUFB5	36516485	GSE167186	ctx_e81eac8c401a	Unkown 6	NA	NA	0	17	19	90	0.000	0.000	1.081	0	1	0	0.000	rounded_zero	2844806	source/effects_batch_004.json.gz
ENSG00000064115	TM7SF3	36516485	GSE167186	ctx_0234b64ace9c	All Cells,  Skeletal Muscle	NA	NA	1	17	19	90	-0.001	-0.001	1.056	0	1	0	-0.055	down	2752897	source/effects_batch_004.json.gz
ENSG00000064115	TM7SF3	36516485	GSE167186	ctx_0fd5032b2b0c	Adventitial cell 8	Mesenchymal stem cell	Myogenic endothelial cell	0	17	19	90	0.009	0.009	1.087	0	1	0	0.495	up	2732074	source/effects_batch_004.json.gz
ENSG00000064115	TM7SF3	36516485	GSE167186	ctx_1f3e2a4066d7	Adventitial cell 2	Mesenchymal stem cell	Myogenic endothelial cell	0	17	19	90	0.000	0.000	1.111	0	1	0	0.000	rounded_zero	2661349	source/effects_batch_004.json.gz
ENSG00000064115	TM7SF3	36516485	GSE167186	ctx_238c34ecff52	Unkown	NA	NA	0	17	19	90	-0.002	-0.002	1.036	0	1	0	-0.110	down	2874960	source/effects_batch_004.json.gz
ENSG00000064115	TM7SF3	36516485	GSE167186	ctx_3c1aedecb8ec	Adventitial cell 7	Mesenchymal stem cell	Myogenic endothelial cell	0	17	19	90	-0.002	-0.002	1.000	0	1	0	-0.110	down	2720390	source/effects_batch_004.json.gz
ENSG00000064115	TM7SF3	36516485	GSE167186	ctx_416833ac90ca	Mesenchymal stem cell 3	Adventitial cell	Mesenchymal stromal cell	0	17	19	90	0.011	0.011	1.040	0	1	0	0.605	up	2775410	source/effects_batch_004.json.gz
ENSG00000064115	TM7SF3	36516485	GSE167186	ctx_51a23717b452	Mesenchymal stem cell	Pericyte	NA	0	17	19	90	-0.006	-0.006	1.041	0	1	0	-0.330	down	2786078	source/effects_batch_004.json.gz
ENSG00000064115	TM7SF3	36516485	GSE167186	ctx_5243fb2c6d5c	Adventitial cell 4	Mesenchymal stem cell	Muscle-derived cell	0	17	19	90	0.005	0.005	1.083	0	1	0	0.275	up	2685107	source/effects_batch_004.json.gz
ENSG00000064115	TM7SF3	36516485	GSE167186	ctx_5da05f63762a	Unkown 4	NA	NA	0	17	19	90	-0.001	-0.001	1.064	0	1	0	-0.055	down	2819094	source/effects_batch_004.json.gz
ENSG00000064115	TM7SF3	36516485	GSE167186	ctx_66b8877333b1	Adventitial cell 3	Mesenchymal stem cell	Myogenic endothelial cell	0	17	19	90	0.001	0.001	1.066	0	1	0	0.055	up	2673164	source/effects_batch_004.json.gz
ENSG00000064115	TM7SF3	36516485	GSE167186	ctx_926384c8242b	Unkown 5	NA	NA	0	17	19	90	0.001	0.001	1.026	0	1	0	0.055	up	2830036	source/effects_batch_004.json.gz
ENSG00000064115	TM7SF3	36516485	GSE167186	ctx_93986af51167	Adventitial cell 5	Mesenchymal stem cell	Muscle-derived cell	0	17	19	90	-0.003	-0.003	1.093	0	1	0	-0.165	down	2696932	source/effects_batch_004.json.gz
ENSG00000064115	TM7SF3	36516485	GSE167186	ctx_9aa0a69d626d	Adventitial cell 6	Mesenchymal stem cell	Myogenic endothelial cell	0	17	19	90	-0.003	-0.003	1.071	0	1	0	-0.165	down	2708726	source/effects_batch_004.json.gz
ENSG00000064115	TM7SF3	36516485	GSE167186	ctx_bfd71711437a	Unkown 2	NA	NA	0	17	19	90	-0.003	-0.003	1.036	0	1	0	-0.165	down	2797821	source/effects_batch_004.json.gz
ENSG00000064115	TM7SF3	36516485	GSE167186	ctx_c138321e7ebd	Unkown 3	NA	NA	0	17	19	90	0.000	0.000	1.068	0	1	0	0.000	rounded_zero	2808185	source/effects_batch_004.json.gz
ENSG00000064115	TM7SF3	36516485	GSE167186	ctx_c157cf74c34b	Mesenchymal stem cell 2	Adventitial cell	Mesenchymal stromal cell	0	17	19	90	-0.001	-0.001	1.161	0	1	0	-0.055	down	2764512	source/effects_batch_004.json.gz
ENSG00000064115	TM7SF3	36516485	GSE167186	ctx_d30649d2fd62	Unkown 7	NA	NA	0	17	19	90	0.001	0.001	1.043	0	1	0	0.055	up	2852512	source/effects_batch_004.json.gz
ENSG00000064115	TM7SF3	36516485	GSE167186	ctx_d78029928f98	Adventitial cell	Mesenchymal stem cell	Muscle-derived cell	0	17	19	90	-0.004	-0.004	1.061	0	1	0	-0.220	down	2742054	source/effects_batch_004.json.gz
ENSG00000064115	TM7SF3	36516485	GSE167186	ctx_e129c8e975de	Unkown 8	NA	NA	0	17	19	90	0.005	0.005	1.135	0	1	0	0.275	up	2863489	source/effects_batch_004.json.gz
ENSG00000064115	TM7SF3	36516485	GSE167186	ctx_e81eac8c401a	Unkown 6	NA	NA	0	17	19	90	0.004	0.004	1.068	0	1	0	0.220	up	2840482	source/effects_batch_004.json.gz
ENSG00000134352	IL6ST	36516485	GSE167186	ctx_0234b64ace9c	All Cells,  Skeletal Muscle	NA	NA	1	17	19	90	0.001	0.001	1.232	0	1	0	0.055	up	2756858	source/effects_batch_004.json.gz
ENSG00000134352	IL6ST	36516485	GSE167186	ctx_0fd5032b2b0c	Adventitial cell 8	Mesenchymal stem cell	Myogenic endothelial cell	0	17	19	90	0.003	0.003	1.324	0	1	0	0.165	up	2735598	source/effects_batch_004.json.gz
ENSG00000134352	IL6ST	36516485	GSE167186	ctx_1f3e2a4066d7	Adventitial cell 2	Mesenchymal stem cell	Myogenic endothelial cell	0	17	19	90	0.003	0.003	1.276	0	1	0	0.165	up	2665344	source/effects_batch_004.json.gz
ENSG00000134352	IL6ST	36516485	GSE167186	ctx_238c34ecff52	Unkown	NA	NA	0	17	19	90	0.002	0.002	1.154	0	1	0	0.110	up	2878485	source/effects_batch_004.json.gz
ENSG00000134352	IL6ST	36516485	GSE167186	ctx_3c1aedecb8ec	Adventitial cell 7	Mesenchymal stem cell	Myogenic endothelial cell	0	17	19	90	-0.003	-0.003	1.458	0	1	0	-0.165	down	2724381	source/effects_batch_004.json.gz
ENSG00000134352	IL6ST	36516485	GSE167186	ctx_416833ac90ca	Mesenchymal stem cell 3	Adventitial cell	Mesenchymal stromal cell	0	17	19	90	-0.006	-0.006	1.141	0	1	0	-0.330	down	2779064	source/effects_batch_004.json.gz
ENSG00000134352	IL6ST	36516485	GSE167186	ctx_51a23717b452	Mesenchymal stem cell	Pericyte	NA	0	17	19	90	-0.001	-0.001	1.238	0	1	0	-0.055	down	2790052	source/effects_batch_004.json.gz
ENSG00000134352	IL6ST	36516485	GSE167186	ctx_5243fb2c6d5c	Adventitial cell 4	Mesenchymal stem cell	Muscle-derived cell	0	17	19	90	0.001	0.001	1.176	0	1	0	0.055	up	2689086	source/effects_batch_004.json.gz
ENSG00000134352	IL6ST	36516485	GSE167186	ctx_5da05f63762a	Unkown 4	NA	NA	0	17	19	90	0.000	0.000	1.244	0	1	0	0.000	rounded_zero	2822787	source/effects_batch_004.json.gz
ENSG00000134352	IL6ST	36516485	GSE167186	ctx_66b8877333b1	Adventitial cell 3	Mesenchymal stem cell	Myogenic endothelial cell	0	17	19	90	0.000	0.000	1.166	0	1	0	0.000	rounded_zero	2677193	source/effects_batch_004.json.gz
ENSG00000134352	IL6ST	36516485	GSE167186	ctx_926384c8242b	Unkown 5	NA	NA	0	17	19	90	0.002	0.002	1.122	0	1	0	0.110	up	2833647	source/effects_batch_004.json.gz
ENSG00000134352	IL6ST	36516485	GSE167186	ctx_93986af51167	Adventitial cell 5	Mesenchymal stem cell	Muscle-derived cell	0	17	19	90	0.000	0.000	1.330	0	1	0	0.000	rounded_zero	2700917	source/effects_batch_004.json.gz
ENSG00000134352	IL6ST	36516485	GSE167186	ctx_9aa0a69d626d	Adventitial cell 6	Mesenchymal stem cell	Myogenic endothelial cell	0	17	19	90	0.000	0.000	1.182	0	1	0	0.000	rounded_zero	2712672	source/effects_batch_004.json.gz
ENSG00000134352	IL6ST	36516485	GSE167186	ctx_bfd71711437a	Unkown 2	NA	NA	0	17	19	90	-0.001	-0.001	1.156	0	1	0	-0.055	down	2801364	source/effects_batch_004.json.gz
ENSG00000134352	IL6ST	36516485	GSE167186	ctx_c138321e7ebd	Unkown 3	NA	NA	0	17	19	90	0.003	0.003	1.258	0	1	0	0.165	up	2811886	source/effects_batch_004.json.gz
ENSG00000134352	IL6ST	36516485	GSE167186	ctx_c157cf74c34b	Mesenchymal stem cell 2	Adventitial cell	Mesenchymal stromal cell	0	17	19	90	0.001	0.001	1.235	0	1	0	0.055	up	2768187	source/effects_batch_004.json.gz
ENSG00000134352	IL6ST	36516485	GSE167186	ctx_d30649d2fd62	Unkown 7	NA	NA	0	17	19	90	0.001	0.001	1.212	0	1	0	0.055	up	2856241	source/effects_batch_004.json.gz
ENSG00000134352	IL6ST	36516485	GSE167186	ctx_d78029928f98	Adventitial cell	Mesenchymal stem cell	Muscle-derived cell	0	17	19	90	0.001	0.001	1.140	0	1	0	0.055	up	2745742	source/effects_batch_004.json.gz
ENSG00000134352	IL6ST	36516485	GSE167186	ctx_e129c8e975de	Unkown 8	NA	NA	0	17	19	90	0.008	0.008	1.304	0	1	0	0.440	up	2867311	source/effects_batch_004.json.gz
ENSG00000134352	IL6ST	36516485	GSE167186	ctx_e81eac8c401a	Unkown 6	NA	NA	0	17	19	90	0.000	0.000	1.224	0	1	0	0.000	rounded_zero	2844532	source/effects_batch_004.json.gz
ENSG00000157637	SLC38A10	36516485	GSE167186	ctx_0234b64ace9c	All Cells,  Skeletal Muscle	NA	NA	1	17	19	90	-0.002	-0.002	1.054	0	1	0	-0.110	down	2758868	source/effects_batch_004.json.gz
ENSG00000157637	SLC38A10	36516485	GSE167186	ctx_0fd5032b2b0c	Adventitial cell 8	Mesenchymal stem cell	Myogenic endothelial cell	0	17	19	90	0.009	0.009	1.083	0	1	0	0.495	up	2737350	source/effects_batch_004.json.gz
ENSG00000157637	SLC38A10	36516485	GSE167186	ctx_1f3e2a4066d7	Adventitial cell 2	Mesenchymal stem cell	Myogenic endothelial cell	0	17	19	90	0.000	0.000	1.047	0	1	0	0.000	rounded_zero	2667334	source/effects_batch_004.json.gz
ENSG00000157637	SLC38A10	36516485	GSE167186	ctx_238c34ecff52	Unkown	NA	NA	0	17	19	90	-0.001	-0.001	1.042	0	1	0	-0.055	down	2880227	source/effects_batch_004.json.gz
ENSG00000157637	SLC38A10	36516485	GSE167186	ctx_3c1aedecb8ec	Adventitial cell 7	Mesenchymal stem cell	Myogenic endothelial cell	0	17	19	90	-0.006	-0.006	1.137	0	1	0	-0.330	down	2726359	source/effects_batch_004.json.gz
ENSG00000157637	SLC38A10	36516485	GSE167186	ctx_416833ac90ca	Mesenchymal stem cell 3	Adventitial cell	Mesenchymal stromal cell	0	17	19	90	0.008	0.008	1.067	0	1	0	0.440	up	2780911	source/effects_batch_004.json.gz
ENSG00000157637	SLC38A10	36516485	GSE167186	ctx_51a23717b452	Mesenchymal stem cell	Pericyte	NA	0	17	19	90	0.001	0.001	1.065	0	1	0	0.055	up	2792060	source/effects_batch_004.json.gz
ENSG00000157637	SLC38A10	36516485	GSE167186	ctx_5243fb2c6d5c	Adventitial cell 4	Mesenchymal stem cell	Muscle-derived cell	0	17	19	90	-0.002	-0.002	1.095	0	1	0	-0.110	down	2691108	source/effects_batch_004.json.gz
ENSG00000157637	SLC38A10	36516485	GSE167186	ctx_5da05f63762a	Unkown 4	NA	NA	0	17	19	90	-0.001	-0.001	1.048	0	1	0	-0.055	down	2824635	source/effects_batch_004.json.gz
ENSG00000157637	SLC38A10	36516485	GSE167186	ctx_66b8877333b1	Adventitial cell 3	Mesenchymal stem cell	Myogenic endothelial cell	0	17	19	90	0.002	0.002	1.081	0	1	0	0.110	up	2679258	source/effects_batch_004.json.gz
ENSG00000157637	SLC38A10	36516485	GSE167186	ctx_926384c8242b	Unkown 5	NA	NA	0	17	19	90	0.002	0.002	1.032	0	1	0	0.110	up	2835449	source/effects_batch_004.json.gz
ENSG00000157637	SLC38A10	36516485	GSE167186	ctx_93986af51167	Adventitial cell 5	Mesenchymal stem cell	Muscle-derived cell	0	17	19	90	-0.001	-0.001	1.091	0	1	0	-0.055	down	2702947	source/effects_batch_004.json.gz
ENSG00000157637	SLC38A10	36516485	GSE167186	ctx_9aa0a69d626d	Adventitial cell 6	Mesenchymal stem cell	Myogenic endothelial cell	0	17	19	90	-0.006	-0.006	1.134	0	1	0	-0.330	down	2714666	source/effects_batch_004.json.gz
ENSG00000157637	SLC38A10	36516485	GSE167186	ctx_bfd71711437a	Unkown 2	NA	NA	0	17	19	90	-0.001	-0.001	1.034	0	1	0	-0.055	down	2803116	source/effects_batch_004.json.gz
ENSG00000157637	SLC38A10	36516485	GSE167186	ctx_c138321e7ebd	Unkown 3	NA	NA	0	17	19	90	0.002	0.002	1.042	0	1	0	0.110	up	2813725	source/effects_batch_004.json.gz
ENSG00000157637	SLC38A10	36516485	GSE167186	ctx_c157cf74c34b	Mesenchymal stem cell 2	Adventitial cell	Mesenchymal stromal cell	0	17	19	90	-0.011	-0.011	1.000	0	1	0	-0.605	down	2770055	source/effects_batch_004.json.gz
ENSG00000157637	SLC38A10	36516485	GSE167186	ctx_d30649d2fd62	Unkown 7	NA	NA	0	17	19	90	0.000	0.000	1.055	0	1	0	0.000	rounded_zero	2858091	source/effects_batch_004.json.gz
ENSG00000157637	SLC38A10	36516485	GSE167186	ctx_d78029928f98	Adventitial cell	Mesenchymal stem cell	Muscle-derived cell	0	17	19	90	0.000	0.000	1.044	0	1	0	0.000	rounded_zero	2747597	source/effects_batch_004.json.gz
ENSG00000157637	SLC38A10	36516485	GSE167186	ctx_e129c8e975de	Unkown 8	NA	NA	0	17	19	90	-0.007	-0.007	1.071	0	1	0	-0.385	down	2869303	source/effects_batch_004.json.gz
ENSG00000157637	SLC38A10	36516485	GSE167186	ctx_e81eac8c401a	Unkown 6	NA	NA	0	17	19	90	-0.004	-0.004	1.076	0	1	0	-0.220	down	2846596	source/effects_batch_004.json.gz
ENSG00000128708	HAT1	36516485	GSE167186	ctx_0234b64ace9c	All Cells,  Skeletal Muscle	NA	NA	1	17	19	90	0.003	0.003	1.060	0	1	0	0.165	up	2756343	source/effects_batch_004.json.gz
ENSG00000128708	HAT1	36516485	GSE167186	ctx_0fd5032b2b0c	Adventitial cell 8	Mesenchymal stem cell	Myogenic endothelial cell	0	17	19	90	-0.033	-0.033	1.000	0	1	0	-1.815	down	2735160	source/effects_batch_004.json.gz
ENSG00000128708	HAT1	36516485	GSE167186	ctx_1f3e2a4066d7	Adventitial cell 2	Mesenchymal stem cell	Myogenic endothelial cell	0	17	19	90	0.006	0.006	1.038	0	1	0	0.330	up	2664824	source/effects_batch_004.json.gz
ENSG00000128708	HAT1	36516485	GSE167186	ctx_238c34ecff52	Unkown	NA	NA	0	17	19	90	0.004	0.004	1.052	0	1	0	0.220	up	2878039	source/effects_batch_004.json.gz
ENSG00000128708	HAT1	36516485	GSE167186	ctx_3c1aedecb8ec	Adventitial cell 7	Mesenchymal stem cell	Myogenic endothelial cell	0	17	19	90	-0.001	-0.001	1.077	0	1	0	-0.055	down	2723869	source/effects_batch_004.json.gz
ENSG00000128708	HAT1	36516485	GSE167186	ctx_416833ac90ca	Mesenchymal stem cell 3	Adventitial cell	Mesenchymal stromal cell	0	17	19	90	0.004	0.004	1.000	0	1	0	0.220	up	2778596	source/effects_batch_004.json.gz
ENSG00000128708	HAT1	36516485	GSE167186	ctx_51a23717b452	Mesenchymal stem cell	Pericyte	NA	0	17	19	90	-0.007	-0.007	1.067	0	1	0	-0.385	down	2789543	source/effects_batch_004.json.gz
ENSG00000128708	HAT1	36516485	GSE167186	ctx_5243fb2c6d5c	Adventitial cell 4	Mesenchymal stem cell	Muscle-derived cell	0	17	19	90	-0.003	-0.003	1.090	0	1	0	-0.165	down	2688575	source/effects_batch_004.json.gz
ENSG00000128708	HAT1	36516485	GSE167186	ctx_5da05f63762a	Unkown 4	NA	NA	0	17	19	90	0.002	0.002	1.068	0	1	0	0.110	up	2822316	source/effects_batch_004.json.gz
ENSG00000128708	HAT1	36516485	GSE167186	ctx_66b8877333b1	Adventitial cell 3	Mesenchymal stem cell	Myogenic endothelial cell	0	17	19	90	0.002	0.002	1.044	0	1	0	0.110	up	2676669	source/effects_batch_004.json.gz
ENSG00000128708	HAT1	36516485	GSE167186	ctx_926384c8242b	Unkown 5	NA	NA	0	17	19	90	0.005	0.005	1.044	0	1	0	0.275	up	2833181	source/effects_batch_004.json.gz
ENSG00000128708	HAT1	36516485	GSE167186	ctx_93986af51167	Adventitial cell 5	Mesenchymal stem cell	Muscle-derived cell	0	17	19	90	0.003	0.003	1.101	0	1	0	0.165	up	2700408	source/effects_batch_004.json.gz
ENSG00000128708	HAT1	36516485	GSE167186	ctx_9aa0a69d626d	Adventitial cell 6	Mesenchymal stem cell	Myogenic endothelial cell	0	17	19	90	0.013	0.013	1.088	0	1	0	0.715	up	2712161	source/effects_batch_004.json.gz
ENSG00000128708	HAT1	36516485	GSE167186	ctx_bfd71711437a	Unkown 2	NA	NA	0	17	19	90	0.003	0.003	1.034	0	1	0	0.165	up	2800909	source/effects_batch_004.json.gz
ENSG00000128708	HAT1	36516485	GSE167186	ctx_c138321e7ebd	Unkown 3	NA	NA	0	17	19	90	0.005	0.005	1.072	0	1	0	0.275	up	2811420	source/effects_batch_004.json.gz
ENSG00000128708	HAT1	36516485	GSE167186	ctx_c157cf74c34b	Mesenchymal stem cell 2	Adventitial cell	Mesenchymal stromal cell	0	17	19	90	-0.008	-0.008	1.075	0	1	0	-0.440	down	2767710	source/effects_batch_004.json.gz
ENSG00000128708	HAT1	36516485	GSE167186	ctx_d30649d2fd62	Unkown 7	NA	NA	0	17	19	90	0.004	0.004	1.055	0	1	0	0.220	up	2855765	source/effects_batch_004.json.gz
ENSG00000128708	HAT1	36516485	GSE167186	ctx_d78029928f98	Adventitial cell	Mesenchymal stem cell	Muscle-derived cell	0	17	19	90	0.007	0.007	1.031	0	1	0	0.385	up	2745274	source/effects_batch_004.json.gz
ENSG00000128708	HAT1	36516485	GSE167186	ctx_e129c8e975de	Unkown 8	NA	NA	0	17	19	90	-0.004	-0.004	1.067	0	1	0	-0.220	down	2866826	source/effects_batch_004.json.gz
ENSG00000128708	HAT1	36516485	GSE167186	ctx_e81eac8c401a	Unkown 6	NA	NA	0	17	19	90	0.002	0.002	1.050	0	1	0	0.110	up	2844014	source/effects_batch_004.json.gz
ENSG00000113387	SUB1	36516485	GSE167186	ctx_0234b64ace9c	All Cells,  Skeletal Muscle	NA	NA	1	17	19	90	0.000	0.000	1.088	0	1	0	0.000	rounded_zero	2755130	source/effects_batch_004.json.gz
ENSG00000113387	SUB1	36516485	GSE167186	ctx_0fd5032b2b0c	Adventitial cell 8	Mesenchymal stem cell	Myogenic endothelial cell	0	17	19	90	-0.003	-0.003	1.071	0	1	0	-0.165	down	2734077	source/effects_batch_004.json.gz
ENSG00000113387	SUB1	36516485	GSE167186	ctx_1f3e2a4066d7	Adventitial cell 2	Mesenchymal stem cell	Myogenic endothelial cell	0	17	19	90	0.001	0.001	1.089	0	1	0	0.055	up	2663601	source/effects_batch_004.json.gz
ENSG00000113387	SUB1	36516485	GSE167186	ctx_238c34ecff52	Unkown	NA	NA	0	17	19	90	0.000	0.000	1.060	0	1	0	0.000	rounded_zero	2876937	source/effects_batch_004.json.gz
ENSG00000113387	SUB1	36516485	GSE167186	ctx_3c1aedecb8ec	Adventitial cell 7	Mesenchymal stem cell	Myogenic endothelial cell	0	17	19	90	0.002	0.002	1.096	0	1	0	0.110	up	2722653	source/effects_batch_004.json.gz
ENSG00000113387	SUB1	36516485	GSE167186	ctx_416833ac90ca	Mesenchymal stem cell 3	Adventitial cell	Mesenchymal stromal cell	0	17	19	90	-0.005	-0.005	1.120	0	1	0	-0.275	down	2777475	source/effects_batch_004.json.gz
ENSG00000113387	SUB1	36516485	GSE167186	ctx_51a23717b452	Mesenchymal stem cell	Pericyte	NA	0	17	19	90	0.000	0.000	1.056	0	1	0	0.000	rounded_zero	2788317	source/effects_batch_004.json.gz
ENSG00000113387	SUB1	36516485	GSE167186	ctx_5243fb2c6d5c	Adventitial cell 4	Mesenchymal stem cell	Muscle-derived cell	0	17	19	90	-0.003	-0.003	1.083	0	1	0	-0.165	down	2687358	source/effects_batch_004.json.gz
ENSG00000113387	SUB1	36516485	GSE167186	ctx_5da05f63762a	Unkown 4	NA	NA	0	17	19	90	-0.001	-0.001	1.132	0	1	0	-0.055	down	2821176	source/effects_batch_004.json.gz
ENSG00000113387	SUB1	36516485	GSE167186	ctx_66b8877333b1	Adventitial cell 3	Mesenchymal stem cell	Myogenic endothelial cell	0	17	19	90	0.005	0.005	1.098	0	1	0	0.275	up	2675439	source/effects_batch_004.json.gz
ENSG00000113387	SUB1	36516485	GSE167186	ctx_926384c8242b	Unkown 5	NA	NA	0	17	19	90	0.000	0.000	1.056	0	1	0	0.000	rounded_zero	2832060	source/effects_batch_004.json.gz
ENSG00000113387	SUB1	36516485	GSE167186	ctx_93986af51167	Adventitial cell 5	Mesenchymal stem cell	Muscle-derived cell	0	17	19	90	0.001	0.001	1.079	0	1	0	0.055	up	2699183	source/effects_batch_004.json.gz
ENSG00000113387	SUB1	36516485	GSE167186	ctx_9aa0a69d626d	Adventitial cell 6	Mesenchymal stem cell	Myogenic endothelial cell	0	17	19	90	0.004	0.004	1.102	0	1	0	0.220	up	2710953	source/effects_batch_004.json.gz
ENSG00000113387	SUB1	36516485	GSE167186	ctx_bfd71711437a	Unkown 2	NA	NA	0	17	19	90	0.002	0.002	1.090	0	1	0	0.110	up	2799806	source/effects_batch_004.json.gz
ENSG00000113387	SUB1	36516485	GSE167186	ctx_c138321e7ebd	Unkown 3	NA	NA	0	17	19	90	-0.001	-0.001	1.102	0	1	0	-0.055	down	2810270	source/effects_batch_004.json.gz
ENSG00000113387	SUB1	36516485	GSE167186	ctx_c157cf74c34b	Mesenchymal stem cell 2	Adventitial cell	Mesenchymal stromal cell	0	17	19	90	0.000	0.000	1.099	0	1	0	0.000	rounded_zero	2766570	source/effects_batch_004.json.gz
ENSG00000113387	SUB1	36516485	GSE167186	ctx_d30649d2fd62	Unkown 7	NA	NA	0	17	19	90	0.001	0.001	1.082	0	1	0	0.055	up	2854607	source/effects_batch_004.json.gz
ENSG00000113387	SUB1	36516485	GSE167186	ctx_d78029928f98	Adventitial cell	Mesenchymal stem cell	Muscle-derived cell	0	17	19	90	0.005	0.005	1.055	0	1	0	0.275	up	2744134	source/effects_batch_004.json.gz
ENSG00000113387	SUB1	36516485	GSE167186	ctx_e129c8e975de	Unkown 8	NA	NA	0	17	19	90	0.006	0.006	1.233	0	1	0	0.330	up	2865650	source/effects_batch_004.json.gz
ENSG00000113387	SUB1	36516485	GSE167186	ctx_e81eac8c401a	Unkown 6	NA	NA	0	17	19	90	0.000	0.000	1.106	0	1	0	0.000	rounded_zero	2842774	source/effects_batch_004.json.gz
ENSG00000165629	ATP5F1C	36516485	GSE167186	ctx_0234b64ace9c	All Cells,  Skeletal Muscle	NA	NA	1	17	19	90	-0.002	-0.002	1.078	0	1	0	-0.110	down	2759701	source/effects_batch_004.json.gz
ENSG00000165629	ATP5F1C	36516485	GSE167186	ctx_0fd5032b2b0c	Adventitial cell 8	Mesenchymal stem cell	Myogenic endothelial cell	0	17	19	90	-0.017	-0.017	1.000	0	1	0	-0.935	down	2738068	source/effects_batch_004.json.gz
ENSG00000165629	ATP5F1C	36516485	GSE167186	ctx_1f3e2a4066d7	Adventitial cell 2	Mesenchymal stem cell	Myogenic endothelial cell	0	17	19	90	-0.004	-0.004	1.075	0	1	0	-0.220	down	2668186	source/effects_batch_004.json.gz
ENSG00000165629	ATP5F1C	36516485	GSE167186	ctx_238c34ecff52	Unkown	NA	NA	0	17	19	90	-0.003	-0.003	1.070	0	1	0	-0.165	down	2880973	source/effects_batch_004.json.gz
ENSG00000165629	ATP5F1C	36516485	GSE167186	ctx_3c1aedecb8ec	Adventitial cell 7	Mesenchymal stem cell	Myogenic endothelial cell	0	17	19	90	-0.004	-0.004	1.153	0	1	0	-0.220	down	2727213	source/effects_batch_004.json.gz
ENSG00000165629	ATP5F1C	36516485	GSE167186	ctx_416833ac90ca	Mesenchymal stem cell 3	Adventitial cell	Mesenchymal stromal cell	0	17	19	90	-0.006	-0.006	1.091	0	1	0	-0.330	down	2781662	source/effects_batch_004.json.gz
ENSG00000165629	ATP5F1C	36516485	GSE167186	ctx_51a23717b452	Mesenchymal stem cell	Pericyte	NA	0	17	19	90	-0.001	-0.001	1.096	0	1	0	-0.055	down	2792905	source/effects_batch_004.json.gz
ENSG00000165629	ATP5F1C	36516485	GSE167186	ctx_5243fb2c6d5c	Adventitial cell 4	Mesenchymal stem cell	Muscle-derived cell	0	17	19	90	-0.002	-0.002	1.081	0	1	0	-0.110	down	2691952	source/effects_batch_004.json.gz
ENSG00000165629	ATP5F1C	36516485	GSE167186	ctx_5da05f63762a	Unkown 4	NA	NA	0	17	19	90	-0.002	-0.002	1.120	0	1	0	-0.110	down	2825433	source/effects_batch_004.json.gz
ENSG00000165629	ATP5F1C	36516485	GSE167186	ctx_66b8877333b1	Adventitial cell 3	Mesenchymal stem cell	Myogenic endothelial cell	0	17	19	90	-0.004	-0.004	1.070	0	1	0	-0.220	down	2680117	source/effects_batch_004.json.gz
ENSG00000165629	ATP5F1C	36516485	GSE167186	ctx_926384c8242b	Unkown 5	NA	NA	0	17	19	90	-0.001	-0.001	1.126	0	1	0	-0.055	down	2836201	source/effects_batch_004.json.gz
ENSG00000165629	ATP5F1C	36516485	GSE167186	ctx_93986af51167	Adventitial cell 5	Mesenchymal stem cell	Muscle-derived cell	0	17	19	90	-0.004	-0.004	1.121	0	1	0	-0.220	down	2703798	source/effects_batch_004.json.gz
ENSG00000165629	ATP5F1C	36516485	GSE167186	ctx_9aa0a69d626d	Adventitial cell 6	Mesenchymal stem cell	Myogenic endothelial cell	0	17	19	90	-0.005	-0.005	1.068	0	1	0	-0.275	down	2715499	source/effects_batch_004.json.gz
ENSG00000165629	ATP5F1C	36516485	GSE167186	ctx_bfd71711437a	Unkown 2	NA	NA	0	17	19	90	0.000	0.000	1.076	0	1	0	0.000	rounded_zero	2803870	source/effects_batch_004.json.gz
ENSG00000165629	ATP5F1C	36516485	GSE167186	ctx_c138321e7ebd	Unkown 3	NA	NA	0	17	19	90	-0.003	-0.003	1.078	0	1	0	-0.165	down	2814512	source/effects_batch_004.json.gz
ENSG00000165629	ATP5F1C	36516485	GSE167186	ctx_c157cf74c34b	Mesenchymal stem cell 2	Adventitial cell	Mesenchymal stromal cell	0	17	19	90	-0.002	-0.002	1.148	0	1	0	-0.110	down	2770839	source/effects_batch_004.json.gz
ENSG00000165629	ATP5F1C	36516485	GSE167186	ctx_d30649d2fd62	Unkown 7	NA	NA	0	17	19	90	-0.002	-0.002	1.098	0	1	0	-0.110	down	2858887	source/effects_batch_004.json.gz
ENSG00000165629	ATP5F1C	36516485	GSE167186	ctx_d78029928f98	Adventitial cell	Mesenchymal stem cell	Muscle-derived cell	0	17	19	90	0.002	0.002	1.096	0	1	0	0.110	up	2748376	source/effects_batch_004.json.gz
ENSG00000165629	ATP5F1C	36516485	GSE167186	ctx_e129c8e975de	Unkown 8	NA	NA	0	17	19	90	-0.002	-0.002	1.048	0	1	0	-0.110	down	2870126	source/effects_batch_004.json.gz
ENSG00000165629	ATP5F1C	36516485	GSE167186	ctx_e81eac8c401a	Unkown 6	NA	NA	0	17	19	90	-0.002	-0.002	1.050	0	1	0	-0.110	down	2847464	source/effects_batch_004.json.gz
ENSG00000188153	COL4A5	36516485	GSE167186	ctx_0234b64ace9c	All Cells,  Skeletal Muscle	NA	NA	1	17	19	90	0.003	0.003	1.200	0	1	0	0.165	up	2761818	source/effects_batch_004.json.gz
ENSG00000188153	COL4A5	36516485	GSE167186	ctx_0fd5032b2b0c	Adventitial cell 8	Mesenchymal stem cell	Myogenic endothelial cell	0	17	19	90	-0.105	-0.105	1.000	0	1	0	-5.775	down	2739821	source/effects_batch_004.json.gz
ENSG00000188153	COL4A5	36516485	GSE167186	ctx_1f3e2a4066d7	Adventitial cell 2	Mesenchymal stem cell	Myogenic endothelial cell	0	17	19	90	0.007	0.007	1.181	0	1	0	0.385	up	2670330	source/effects_batch_004.json.gz
ENSG00000188153	COL4A5	36516485	GSE167186	ctx_238c34ecff52	Unkown	NA	NA	0	17	19	90	-0.001	-0.001	1.104	0	1	0	-0.055	down	2882819	source/effects_batch_004.json.gz
ENSG00000188153	COL4A5	36516485	GSE167186	ctx_3c1aedecb8ec	Adventitial cell 7	Mesenchymal stem cell	Myogenic endothelial cell	0	17	19	90	0.004	0.004	1.214	0	1	0	0.220	up	2729337	source/effects_batch_004.json.gz
ENSG00000188153	COL4A5	36516485	GSE167186	ctx_416833ac90ca	Mesenchymal stem cell 3	Adventitial cell	Mesenchymal stromal cell	0	17	19	90	-0.004	-0.004	1.077	0	1	0	-0.220	down	2783590	source/effects_batch_004.json.gz
ENSG00000188153	COL4A5	36516485	GSE167186	ctx_51a23717b452	Mesenchymal stem cell	Pericyte	NA	0	17	19	90	0.008	0.008	1.180	0	1	0	0.440	up	2795066	source/effects_batch_004.json.gz
ENSG00000188153	COL4A5	36516485	GSE167186	ctx_5243fb2c6d5c	Adventitial cell 4	Mesenchymal stem cell	Muscle-derived cell	0	17	19	90	0.002	0.002	1.110	0	1	0	0.110	up	2694092	source/effects_batch_004.json.gz
ENSG00000188153	COL4A5	36516485	GSE167186	ctx_5da05f63762a	Unkown 4	NA	NA	0	17	19	90	0.002	0.002	1.284	0	1	0	0.110	up	2827414	source/effects_batch_004.json.gz
ENSG00000188153	COL4A5	36516485	GSE167186	ctx_66b8877333b1	Adventitial cell 3	Mesenchymal stem cell	Myogenic endothelial cell	0	17	19	90	0.006	0.006	1.181	0	1	0	0.330	up	2682293	source/effects_batch_004.json.gz
ENSG00000188153	COL4A5	36516485	GSE167186	ctx_926384c8242b	Unkown 5	NA	NA	0	17	19	90	0.005	0.005	1.114	0	1	0	0.275	up	2838071	source/effects_batch_004.json.gz
ENSG00000188153	COL4A5	36516485	GSE167186	ctx_93986af51167	Adventitial cell 5	Mesenchymal stem cell	Muscle-derived cell	0	17	19	90	0.004	0.004	1.088	0	1	0	0.220	up	2705952	source/effects_batch_004.json.gz
ENSG00000188153	COL4A5	36516485	GSE167186	ctx_9aa0a69d626d	Adventitial cell 6	Mesenchymal stem cell	Myogenic endothelial cell	0	17	19	90	0.003	0.003	1.180	0	1	0	0.165	up	2717604	source/effects_batch_004.json.gz
ENSG00000188153	COL4A5	36516485	GSE167186	ctx_bfd71711437a	Unkown 2	NA	NA	0	17	19	90	0.001	0.001	1.196	0	1	0	0.055	up	2805721	source/effects_batch_004.json.gz
ENSG00000188153	COL4A5	36516485	GSE167186	ctx_c138321e7ebd	Unkown 3	NA	NA	0	17	19	90	0.003	0.003	1.160	0	1	0	0.165	up	2816483	source/effects_batch_004.json.gz
ENSG00000188153	COL4A5	36516485	GSE167186	ctx_c157cf74c34b	Mesenchymal stem cell 2	Adventitial cell	Mesenchymal stromal cell	0	17	19	90	-0.001	-0.001	1.186	0	1	0	-0.055	down	2772816	source/effects_batch_004.json.gz
ENSG00000188153	COL4A5	36516485	GSE167186	ctx_d30649d2fd62	Unkown 7	NA	NA	0	17	19	90	0.002	0.002	1.208	0	1	0	0.110	up	2860856	source/effects_batch_004.json.gz
ENSG00000188153	COL4A5	36516485	GSE167186	ctx_d78029928f98	Adventitial cell	Mesenchymal stem cell	Muscle-derived cell	0	17	19	90	0.011	0.011	1.202	0	1	0	0.605	up	2750309	source/effects_batch_004.json.gz
ENSG00000188153	COL4A5	36516485	GSE167186	ctx_e129c8e975de	Unkown 8	NA	NA	0	17	19	90	0.001	0.001	1.083	0	1	0	0.055	up	2872186	source/effects_batch_004.json.gz
ENSG00000188153	COL4A5	36516485	GSE167186	ctx_e81eac8c401a	Unkown 6	NA	NA	0	17	19	90	0.000	0.000	1.108	0	1	0	0.000	rounded_zero	2849672	source/effects_batch_004.json.gz
ENSG00000140990	NDUFB10	36516485	GSE167186	ctx_0234b64ace9c	All Cells,  Skeletal Muscle	NA	NA	1	17	19	90	0.001	0.001	1.102	0	1	0	0.055	up	2757613	source/effects_batch_004.json.gz
ENSG00000140990	NDUFB10	36516485	GSE167186	ctx_0fd5032b2b0c	Adventitial cell 8	Mesenchymal stem cell	Myogenic endothelial cell	0	17	19	90	-0.003	-0.003	1.059	0	1	0	-0.165	down	2736251	source/effects_batch_004.json.gz
ENSG00000140990	NDUFB10	36516485	GSE167186	ctx_1f3e2a4066d7	Adventitial cell 2	Mesenchymal stem cell	Myogenic endothelial cell	0	17	19	90	0.004	0.004	1.230	0	1	0	0.220	up	2666086	source/effects_batch_004.json.gz
ENSG00000140990	NDUFB10	36516485	GSE167186	ctx_238c34ecff52	Unkown	NA	NA	0	17	19	90	0.002	0.002	1.106	0	1	0	0.110	up	2879126	source/effects_batch_004.json.gz
ENSG00000140990	NDUFB10	36516485	GSE167186	ctx_3c1aedecb8ec	Adventitial cell 7	Mesenchymal stem cell	Myogenic endothelial cell	0	17	19	90	0.003	0.003	1.163	0	1	0	0.165	up	2725112	source/effects_batch_004.json.gz
ENSG00000140990	NDUFB10	36516485	GSE167186	ctx_416833ac90ca	Mesenchymal stem cell 3	Adventitial cell	Mesenchymal stromal cell	0	17	19	90	0.003	0.003	1.164	0	1	0	0.165	up	2779752	source/effects_batch_004.json.gz
ENSG00000140990	NDUFB10	36516485	GSE167186	ctx_51a23717b452	Mesenchymal stem cell	Pericyte	NA	0	17	19	90	0.002	0.002	1.130	0	1	0	0.110	up	2790798	source/effects_batch_004.json.gz
ENSG00000140990	NDUFB10	36516485	GSE167186	ctx_5243fb2c6d5c	Adventitial cell 4	Mesenchymal stem cell	Muscle-derived cell	0	17	19	90	0.002	0.002	1.128	0	1	0	0.110	up	2689846	source/effects_batch_004.json.gz
ENSG00000140990	NDUFB10	36516485	GSE167186	ctx_5da05f63762a	Unkown 4	NA	NA	0	17	19	90	0.000	0.000	1.140	0	1	0	0.000	rounded_zero	2823480	source/effects_batch_004.json.gz
ENSG00000140990	NDUFB10	36516485	GSE167186	ctx_66b8877333b1	Adventitial cell 3	Mesenchymal stem cell	Myogenic endothelial cell	0	17	19	90	0.001	0.001	1.120	0	1	0	0.055	up	2677965	source/effects_batch_004.json.gz
ENSG00000140990	NDUFB10	36516485	GSE167186	ctx_926384c8242b	Unkown 5	NA	NA	0	17	19	90	-0.003	-0.003	1.342	0	1	0	-0.165	down	2834321	source/effects_batch_004.json.gz
ENSG00000140990	NDUFB10	36516485	GSE167186	ctx_93986af51167	Adventitial cell 5	Mesenchymal stem cell	Muscle-derived cell	0	17	19	90	-0.003	-0.003	1.078	0	1	0	-0.165	down	2701680	source/effects_batch_004.json.gz
ENSG00000140990	NDUFB10	36516485	GSE167186	ctx_9aa0a69d626d	Adventitial cell 6	Mesenchymal stem cell	Myogenic endothelial cell	0	17	19	90	-0.001	-0.001	1.155	0	1	0	-0.055	down	2713429	source/effects_batch_004.json.gz
ENSG00000140990	NDUFB10	36516485	GSE167186	ctx_bfd71711437a	Unkown 2	NA	NA	0	17	19	90	-0.001	-0.001	1.112	0	1	0	-0.055	down	2802011	source/effects_batch_004.json.gz
ENSG00000140990	NDUFB10	36516485	GSE167186	ctx_c138321e7ebd	Unkown 3	NA	NA	0	17	19	90	0.001	0.001	1.136	0	1	0	0.055	up	2812575	source/effects_batch_004.json.gz
ENSG00000140990	NDUFB10	36516485	GSE167186	ctx_c157cf74c34b	Mesenchymal stem cell 2	Adventitial cell	Mesenchymal stromal cell	0	17	19	90	-0.001	-0.001	1.148	0	1	0	-0.055	down	2768876	source/effects_batch_004.json.gz
ENSG00000140990	NDUFB10	36516485	GSE167186	ctx_d30649d2fd62	Unkown 7	NA	NA	0	17	19	90	0.001	0.001	1.156	0	1	0	0.055	up	2856932	source/effects_batch_004.json.gz
ENSG00000140990	NDUFB10	36516485	GSE167186	ctx_d78029928f98	Adventitial cell	Mesenchymal stem cell	Muscle-derived cell	0	17	19	90	0.002	0.002	1.147	0	1	0	0.110	up	2746427	source/effects_batch_004.json.gz
ENSG00000140990	NDUFB10	36516485	GSE167186	ctx_e129c8e975de	Unkown 8	NA	NA	0	17	19	90	0.001	0.001	1.081	0	1	0	0.055	up	2868059	source/effects_batch_004.json.gz
ENSG00000140990	NDUFB10	36516485	GSE167186	ctx_e81eac8c401a	Unkown 6	NA	NA	0	17	19	90	0.000	0.000	1.114	0	1	0	0.000	rounded_zero	2845301	source/effects_batch_004.json.gz
ENSG00000167434	CA4	36516485	GSE167186	ctx_0234b64ace9c	All Cells,  Skeletal Muscle	NA	NA	1	17	19	90	-0.016	-0.016	1.258	0	1	0	-0.880	down	2759950	source/effects_batch_004.json.gz
ENSG00000167434	CA4	36516485	GSE167186	ctx_0fd5032b2b0c	Adventitial cell 8	Mesenchymal stem cell	Myogenic endothelial cell	0	17	19	90	-0.003	-0.003	1.184	0	1	0	-0.165	down	2738282	source/effects_batch_004.json.gz
ENSG00000167434	CA4	36516485	GSE167186	ctx_1f3e2a4066d7	Adventitial cell 2	Mesenchymal stem cell	Myogenic endothelial cell	0	17	19	90	-0.006	-0.006	1.386	0	1	0	-0.330	down	2668430	source/effects_batch_004.json.gz
ENSG00000167434	CA4	36516485	GSE167186	ctx_3c1aedecb8ec	Adventitial cell 7	Mesenchymal stem cell	Myogenic endothelial cell	0	17	19	90	-0.005	-0.005	1.342	0	1	0	-0.275	down	2727461	source/effects_batch_004.json.gz
ENSG00000167434	CA4	36516485	GSE167186	ctx_51a23717b452	Mesenchymal stem cell	Pericyte	NA	0	17	19	90	-0.001	-0.001	1.000	0	1	0	-0.055	down	2793162	source/effects_batch_004.json.gz
ENSG00000167434	CA4	36516485	GSE167186	ctx_66b8877333b1	Adventitial cell 3	Mesenchymal stem cell	Myogenic endothelial cell	0	17	19	90	-0.021	-0.021	1.360	0	1	0	-1.155	down	2680373	source/effects_batch_004.json.gz
ENSG00000167434	CA4	36516485	GSE167186	ctx_9aa0a69d626d	Adventitial cell 6	Mesenchymal stem cell	Myogenic endothelial cell	0	17	19	90	0.023	0.023	1.143	0	1	0	1.265	up	2715751	source/effects_batch_004.json.gz
ENSG00000167434	CA4	36516485	GSE167186	ctx_c157cf74c34b	Mesenchymal stem cell 2	Adventitial cell	Mesenchymal stromal cell	0	17	19	90	0.003	0.003	1.000	0	1	0	0.165	up	2771076	source/effects_batch_004.json.gz
ENSG00000127951	FGL2	36516485	GSE167186	ctx_0234b64ace9c	All Cells,  Skeletal Muscle	NA	NA	1	17	19	90	-0.011	-0.011	1.116	0	1	0	-0.605	down	2756288	source/effects_batch_004.json.gz
ENSG00000127951	FGL2	36516485	GSE167186	ctx_0fd5032b2b0c	Adventitial cell 8	Mesenchymal stem cell	Myogenic endothelial cell	0	17	19	90	-0.001	-0.001	1.188	0	1	0	-0.055	down	2735113	source/effects_batch_004.json.gz
ENSG00000127951	FGL2	36516485	GSE167186	ctx_1f3e2a4066d7	Adventitial cell 2	Mesenchymal stem cell	Myogenic endothelial cell	0	17	19	90	-0.005	-0.005	1.077	0	1	0	-0.275	down	2664768	source/effects_batch_004.json.gz
ENSG00000127951	FGL2	36516485	GSE167186	ctx_238c34ecff52	Unkown	NA	NA	0	17	19	90	-0.004	-0.004	1.036	0	1	0	-0.220	down	2877991	source/effects_batch_004.json.gz
ENSG00000127951	FGL2	36516485	GSE167186	ctx_3c1aedecb8ec	Adventitial cell 7	Mesenchymal stem cell	Myogenic endothelial cell	0	17	19	90	0.000	0.000	1.000	0	1	0	0.000	rounded_zero	2723813	source/effects_batch_004.json.gz
ENSG00000127951	FGL2	36516485	GSE167186	ctx_416833ac90ca	Mesenchymal stem cell 3	Adventitial cell	Mesenchymal stromal cell	0	17	19	90	0.002	0.002	1.000	0	1	0	0.110	up	2778549	source/effects_batch_004.json.gz
ENSG00000127951	FGL2	36516485	GSE167186	ctx_51a23717b452	Mesenchymal stem cell	Pericyte	NA	0	17	19	90	0.002	0.002	1.047	0	1	0	0.110	up	2789486	source/effects_batch_004.json.gz
ENSG00000127951	FGL2	36516485	GSE167186	ctx_5243fb2c6d5c	Adventitial cell 4	Mesenchymal stem cell	Muscle-derived cell	0	17	19	90	-0.009	-0.009	1.096	0	1	0	-0.495	down	2688520	source/effects_batch_004.json.gz
ENSG00000127951	FGL2	36516485	GSE167186	ctx_5da05f63762a	Unkown 4	NA	NA	0	17	19	90	-0.010	-0.010	1.014	0	1	0	-0.550	down	2822267	source/effects_batch_004.json.gz
ENSG00000127951	FGL2	36516485	GSE167186	ctx_66b8877333b1	Adventitial cell 3	Mesenchymal stem cell	Myogenic endothelial cell	0	17	19	90	-0.006	-0.006	1.249	0	1	0	-0.330	down	2676613	source/effects_batch_004.json.gz
ENSG00000127951	FGL2	36516485	GSE167186	ctx_926384c8242b	Unkown 5	NA	NA	0	17	19	90	-0.006	-0.006	1.023	0	1	0	-0.330	down	2833131	source/effects_batch_004.json.gz
ENSG00000127951	FGL2	36516485	GSE167186	ctx_93986af51167	Adventitial cell 5	Mesenchymal stem cell	Muscle-derived cell	0	17	19	90	-0.015	-0.015	1.000	0	1	0	-0.825	down	2700351	source/effects_batch_004.json.gz
ENSG00000127951	FGL2	36516485	GSE167186	ctx_9aa0a69d626d	Adventitial cell 6	Mesenchymal stem cell	Myogenic endothelial cell	0	17	19	90	-0.001	-0.001	1.042	0	1	0	-0.055	down	2712108	source/effects_batch_004.json.gz
ENSG00000127951	FGL2	36516485	GSE167186	ctx_bfd71711437a	Unkown 2	NA	NA	0	17	19	90	-0.004	-0.004	1.011	0	1	0	-0.220	down	2800861	source/effects_batch_004.json.gz
ENSG00000127951	FGL2	36516485	GSE167186	ctx_c138321e7ebd	Unkown 3	NA	NA	0	17	19	90	-0.013	-0.013	1.000	0	1	0	-0.715	down	2811371	source/effects_batch_004.json.gz
ENSG00000127951	FGL2	36516485	GSE167186	ctx_c157cf74c34b	Mesenchymal stem cell 2	Adventitial cell	Mesenchymal stromal cell	0	17	19	90	-0.022	-0.022	1.200	0	1	0	-1.210	down	2767660	source/effects_batch_004.json.gz
ENSG00000127951	FGL2	36516485	GSE167186	ctx_d30649d2fd62	Unkown 7	NA	NA	0	17	19	90	-0.011	-0.011	1.000	0	1	0	-0.605	down	2855714	source/effects_batch_004.json.gz
ENSG00000127951	FGL2	36516485	GSE167186	ctx_d78029928f98	Adventitial cell	Mesenchymal stem cell	Muscle-derived cell	0	17	19	90	-0.003	-0.003	1.026	0	1	0	-0.165	down	2745224	source/effects_batch_004.json.gz
ENSG00000127951	FGL2	36516485	GSE167186	ctx_e81eac8c401a	Unkown 6	NA	NA	0	17	19	90	-0.015	-0.015	1.112	0	1	0	-0.825	down	2843957	source/effects_batch_004.json.gz
ENSG00000146834	MEPCE	36516485	GSE167186	ctx_0234b64ace9c	All Cells,  Skeletal Muscle	NA	NA	1	17	19	90	-0.002	-0.002	1.022	0	1	0	-0.110	down	2758145	source/effects_batch_004.json.gz
ENSG00000146834	MEPCE	36516485	GSE167186	ctx_0fd5032b2b0c	Adventitial cell 8	Mesenchymal stem cell	Myogenic endothelial cell	0	17	19	90	0.004	0.004	1.000	0	1	0	0.220	up	2736716	source/effects_batch_004.json.gz
ENSG00000146834	MEPCE	36516485	GSE167186	ctx_1f3e2a4066d7	Adventitial cell 2	Mesenchymal stem cell	Myogenic endothelial cell	0	17	19	90	-0.011	-0.011	1.011	0	1	0	-0.605	down	2666612	source/effects_batch_004.json.gz
ENSG00000146834	MEPCE	36516485	GSE167186	ctx_238c34ecff52	Unkown	NA	NA	0	17	19	90	0.003	0.003	1.040	0	1	0	0.165	up	2879602	source/effects_batch_004.json.gz
ENSG00000146834	MEPCE	36516485	GSE167186	ctx_3c1aedecb8ec	Adventitial cell 7	Mesenchymal stem cell	Myogenic endothelial cell	0	17	19	90	-0.007	-0.007	1.167	0	1	0	-0.385	down	2725636	source/effects_batch_004.json.gz
ENSG00000146834	MEPCE	36516485	GSE167186	ctx_416833ac90ca	Mesenchymal stem cell 3	Adventitial cell	Mesenchymal stromal cell	0	17	19	90	0.058	0.058	1.000	0	1	0	3.190	up	2780252	source/effects_batch_004.json.gz
ENSG00000146834	MEPCE	36516485	GSE167186	ctx_51a23717b452	Mesenchymal stem cell	Pericyte	NA	0	17	19	90	0.000	0.000	1.044	0	1	0	0.000	rounded_zero	2791335	source/effects_batch_004.json.gz
ENSG00000146834	MEPCE	36516485	GSE167186	ctx_5243fb2c6d5c	Adventitial cell 4	Mesenchymal stem cell	Muscle-derived cell	0	17	19	90	-0.010	-0.010	1.067	0	1	0	-0.550	down	2690378	source/effects_batch_004.json.gz
ENSG00000146834	MEPCE	36516485	GSE167186	ctx_5da05f63762a	Unkown 4	NA	NA	0	17	19	90	-0.001	-0.001	1.024	0	1	0	-0.055	down	2823973	source/effects_batch_004.json.gz
ENSG00000146834	MEPCE	36516485	GSE167186	ctx_66b8877333b1	Adventitial cell 3	Mesenchymal stem cell	Myogenic endothelial cell	0	17	19	90	0.003	0.003	1.088	0	1	0	0.165	up	2678509	source/effects_batch_004.json.gz
ENSG00000146834	MEPCE	36516485	GSE167186	ctx_926384c8242b	Unkown 5	NA	NA	0	17	19	90	-0.001	-0.001	1.015	0	1	0	-0.055	down	2834805	source/effects_batch_004.json.gz
ENSG00000146834	MEPCE	36516485	GSE167186	ctx_93986af51167	Adventitial cell 5	Mesenchymal stem cell	Muscle-derived cell	0	17	19	90	-0.003	-0.003	1.022	0	1	0	-0.165	down	2702212	source/effects_batch_004.json.gz
ENSG00000146834	MEPCE	36516485	GSE167186	ctx_9aa0a69d626d	Adventitial cell 6	Mesenchymal stem cell	Myogenic endothelial cell	0	17	19	90	0.004	0.004	1.000	0	1	0	0.220	up	2713954	source/effects_batch_004.json.gz
ENSG00000146834	MEPCE	36516485	GSE167186	ctx_bfd71711437a	Unkown 2	NA	NA	0	17	19	90	-0.005	-0.005	1.023	0	1	0	-0.275	down	2802487	source/effects_batch_004.json.gz
ENSG00000146834	MEPCE	36516485	GSE167186	ctx_c138321e7ebd	Unkown 3	NA	NA	0	17	19	90	0.004	0.004	1.016	0	1	0	0.220	up	2813069	source/effects_batch_004.json.gz
ENSG00000146834	MEPCE	36516485	GSE167186	ctx_c157cf74c34b	Mesenchymal stem cell 2	Adventitial cell	Mesenchymal stromal cell	0	17	19	90	-0.018	-0.018	1.000	0	1	0	-0.990	down	2769379	source/effects_batch_004.json.gz
ENSG00000146834	MEPCE	36516485	GSE167186	ctx_d30649d2fd62	Unkown 7	NA	NA	0	17	19	90	0.003	0.003	1.023	0	1	0	0.165	up	2857429	source/effects_batch_004.json.gz
ENSG00000146834	MEPCE	36516485	GSE167186	ctx_d78029928f98	Adventitial cell	Mesenchymal stem cell	Muscle-derived cell	0	17	19	90	0.005	0.005	1.016	0	1	0	0.275	up	2746936	source/effects_batch_004.json.gz
ENSG00000146834	MEPCE	36516485	GSE167186	ctx_e129c8e975de	Unkown 8	NA	NA	0	17	19	90	0.020	0.020	1.000	0	1	0	1.100	up	2868582	source/effects_batch_004.json.gz
ENSG00000146834	MEPCE	36516485	GSE167186	ctx_e81eac8c401a	Unkown 6	NA	NA	0	17	19	90	-0.003	-0.003	1.017	0	1	0	-0.165	down	2845844	source/effects_batch_004.json.gz
ENSG00000150347	ARID5B	36516485	GSE167186	ctx_0234b64ace9c	All Cells,  Skeletal Muscle	NA	NA	1	17	19	90	0.005	0.005	1.320	0	1	0	0.275	up	2758373	source/effects_batch_004.json.gz
ENSG00000150347	ARID5B	36516485	GSE167186	ctx_0fd5032b2b0c	Adventitial cell 8	Mesenchymal stem cell	Myogenic endothelial cell	0	17	19	90	0.002	0.002	1.071	0	1	0	0.110	up	2736917	source/effects_batch_004.json.gz
ENSG00000150347	ARID5B	36516485	GSE167186	ctx_1f3e2a4066d7	Adventitial cell 2	Mesenchymal stem cell	Myogenic endothelial cell	0	17	19	90	0.002	0.002	1.196	0	1	0	0.110	up	2666841	source/effects_batch_004.json.gz
ENSG00000150347	ARID5B	36516485	GSE167186	ctx_238c34ecff52	Unkown	NA	NA	0	17	19	90	0.006	0.006	1.216	0	1	0	0.330	up	2879804	source/effects_batch_004.json.gz
ENSG00000150347	ARID5B	36516485	GSE167186	ctx_3c1aedecb8ec	Adventitial cell 7	Mesenchymal stem cell	Myogenic endothelial cell	0	17	19	90	-0.001	-0.001	1.160	0	1	0	-0.055	down	2725865	source/effects_batch_004.json.gz
ENSG00000150347	ARID5B	36516485	GSE167186	ctx_416833ac90ca	Mesenchymal stem cell 3	Adventitial cell	Mesenchymal stromal cell	0	17	19	90	0.003	0.003	1.189	0	1	0	0.165	up	2780458	source/effects_batch_004.json.gz
ENSG00000150347	ARID5B	36516485	GSE167186	ctx_51a23717b452	Mesenchymal stem cell	Pericyte	NA	0	17	19	90	0.004	0.004	1.172	0	1	0	0.220	up	2791564	source/effects_batch_004.json.gz
ENSG00000150347	ARID5B	36516485	GSE167186	ctx_5243fb2c6d5c	Adventitial cell 4	Mesenchymal stem cell	Muscle-derived cell	0	17	19	90	0.002	0.002	1.218	0	1	0	0.110	up	2690618	source/effects_batch_004.json.gz
ENSG00000150347	ARID5B	36516485	GSE167186	ctx_5da05f63762a	Unkown 4	NA	NA	0	17	19	90	0.004	0.004	1.504	0	1	0	0.220	up	2824185	source/effects_batch_004.json.gz
ENSG00000150347	ARID5B	36516485	GSE167186	ctx_66b8877333b1	Adventitial cell 3	Mesenchymal stem cell	Myogenic endothelial cell	0	17	19	90	0.002	0.002	1.178	0	1	0	0.110	up	2678742	source/effects_batch_004.json.gz
ENSG00000150347	ARID5B	36516485	GSE167186	ctx_926384c8242b	Unkown 5	NA	NA	0	17	19	90	0.002	0.002	1.146	0	1	0	0.110	up	2835010	source/effects_batch_004.json.gz
ENSG00000150347	ARID5B	36516485	GSE167186	ctx_93986af51167	Adventitial cell 5	Mesenchymal stem cell	Muscle-derived cell	0	17	19	90	0.004	0.004	1.184	0	1	0	0.220	up	2702451	source/effects_batch_004.json.gz
ENSG00000150347	ARID5B	36516485	GSE167186	ctx_9aa0a69d626d	Adventitial cell 6	Mesenchymal stem cell	Myogenic endothelial cell	0	17	19	90	0.000	0.000	1.140	0	1	0	0.000	rounded_zero	2714183	source/effects_batch_004.json.gz
ENSG00000150347	ARID5B	36516485	GSE167186	ctx_bfd71711437a	Unkown 2	NA	NA	0	17	19	90	0.002	0.002	1.324	0	1	0	0.110	up	2802691	source/effects_batch_004.json.gz
ENSG00000150347	ARID5B	36516485	GSE167186	ctx_c138321e7ebd	Unkown 3	NA	NA	0	17	19	90	0.007	0.007	1.378	0	1	0	0.385	up	2813280	source/effects_batch_004.json.gz
ENSG00000150347	ARID5B	36516485	GSE167186	ctx_c157cf74c34b	Mesenchymal stem cell 2	Adventitial cell	Mesenchymal stromal cell	0	17	19	90	0.011	0.011	1.382	0	1	0	0.605	up	2769594	source/effects_batch_004.json.gz
ENSG00000150347	ARID5B	36516485	GSE167186	ctx_d30649d2fd62	Unkown 7	NA	NA	0	17	19	90	0.007	0.007	1.370	0	1	0	0.385	up	2857642	source/effects_batch_004.json.gz
ENSG00000150347	ARID5B	36516485	GSE167186	ctx_d78029928f98	Adventitial cell	Mesenchymal stem cell	Muscle-derived cell	0	17	19	90	0.004	0.004	1.226	0	1	0	0.220	up	2747146	source/effects_batch_004.json.gz
ENSG00000150347	ARID5B	36516485	GSE167186	ctx_e129c8e975de	Unkown 8	NA	NA	0	17	19	90	0.001	0.001	1.623	0	1	0	0.055	up	2868806	source/effects_batch_004.json.gz
ENSG00000150347	ARID5B	36516485	GSE167186	ctx_e81eac8c401a	Unkown 6	NA	NA	0	17	19	90	0.005	0.005	1.188	0	1	0	0.275	up	2846084	source/effects_batch_004.json.gz
ENSG00000156508	EEF1A1	36516485	GSE167186	ctx_0234b64ace9c	All Cells,  Skeletal Muscle	NA	NA	1	17	19	90	-0.001	-0.001	1.248	0	1	0	-0.055	down	2758792	source/effects_batch_004.json.gz
ENSG00000156508	EEF1A1	36516485	GSE167186	ctx_0fd5032b2b0c	Adventitial cell 8	Mesenchymal stem cell	Myogenic endothelial cell	0	17	19	90	-0.010	-0.010	1.646	0	1	0	-0.550	down	2737280	source/effects_batch_004.json.gz
ENSG00000156508	EEF1A1	36516485	GSE167186	ctx_1f3e2a4066d7	Adventitial cell 2	Mesenchymal stem cell	Myogenic endothelial cell	0	17	19	90	-0.004	-0.004	1.796	0	1	0	-0.220	down	2667259	source/effects_batch_004.json.gz
ENSG00000156508	EEF1A1	36516485	GSE167186	ctx_238c34ecff52	Unkown	NA	NA	0	17	19	90	0.005	0.005	1.120	0	1	0	0.275	up	2880163	source/effects_batch_004.json.gz
ENSG00000156508	EEF1A1	36516485	GSE167186	ctx_3c1aedecb8ec	Adventitial cell 7	Mesenchymal stem cell	Myogenic endothelial cell	0	17	19	90	0.000	0.000	2.779	0	1	0	0.000	rounded_zero	2726281	source/effects_batch_004.json.gz
ENSG00000156508	EEF1A1	36516485	GSE167186	ctx_416833ac90ca	Mesenchymal stem cell 3	Adventitial cell	Mesenchymal stromal cell	0	17	19	90	0.001	0.001	1.148	0	1	0	0.055	up	2780844	source/effects_batch_004.json.gz
ENSG00000156508	EEF1A1	36516485	GSE167186	ctx_51a23717b452	Mesenchymal stem cell	Pericyte	NA	0	17	19	90	0.000	0.000	1.292	0	1	0	0.000	rounded_zero	2791985	source/effects_batch_004.json.gz
ENSG00000156508	EEF1A1	36516485	GSE167186	ctx_5243fb2c6d5c	Adventitial cell 4	Mesenchymal stem cell	Muscle-derived cell	0	17	19	90	-0.003	-0.003	1.586	0	1	0	-0.165	down	2691034	source/effects_batch_004.json.gz
ENSG00000156508	EEF1A1	36516485	GSE167186	ctx_5da05f63762a	Unkown 4	NA	NA	0	17	19	90	0.001	0.001	1.098	0	1	0	0.055	up	2824570	source/effects_batch_004.json.gz
ENSG00000156508	EEF1A1	36516485	GSE167186	ctx_66b8877333b1	Adventitial cell 3	Mesenchymal stem cell	Myogenic endothelial cell	0	17	19	90	0.001	0.001	1.276	0	1	0	0.055	up	2679182	source/effects_batch_004.json.gz
ENSG00000156508	EEF1A1	36516485	GSE167186	ctx_926384c8242b	Unkown 5	NA	NA	0	17	19	90	0.003	0.003	1.286	0	1	0	0.165	up	2835379	source/effects_batch_004.json.gz
ENSG00000156508	EEF1A1	36516485	GSE167186	ctx_93986af51167	Adventitial cell 5	Mesenchymal stem cell	Muscle-derived cell	0	17	19	90	0.001	0.001	1.354	0	1	0	0.055	up	2702872	source/effects_batch_004.json.gz
ENSG00000156508	EEF1A1	36516485	GSE167186	ctx_9aa0a69d626d	Adventitial cell 6	Mesenchymal stem cell	Myogenic endothelial cell	0	17	19	90	0.005	0.005	1.691	0	1	0	0.275	up	2714591	source/effects_batch_004.json.gz
ENSG00000156508	EEF1A1	36516485	GSE167186	ctx_bfd71711437a	Unkown 2	NA	NA	0	17	19	90	0.002	0.002	1.106	0	1	0	0.110	up	2803051	source/effects_batch_004.json.gz
ENSG00000156508	EEF1A1	36516485	GSE167186	ctx_c138321e7ebd	Unkown 3	NA	NA	0	17	19	90	0.003	0.003	1.130	0	1	0	0.165	up	2813660	source/effects_batch_004.json.gz
ENSG00000156508	EEF1A1	36516485	GSE167186	ctx_c157cf74c34b	Mesenchymal stem cell 2	Adventitial cell	Mesenchymal stromal cell	0	17	19	90	-0.002	-0.002	1.341	0	1	0	-0.110	down	2769984	source/effects_batch_004.json.gz
ENSG00000156508	EEF1A1	36516485	GSE167186	ctx_d30649d2fd62	Unkown 7	NA	NA	0	17	19	90	0.006	0.006	1.096	0	1	0	0.330	up	2858026	source/effects_batch_004.json.gz
ENSG00000156508	EEF1A1	36516485	GSE167186	ctx_d78029928f98	Adventitial cell	Mesenchymal stem cell	Muscle-derived cell	0	17	19	90	0.009	0.009	1.468	0	1	0	0.495	up	2747533	source/effects_batch_004.json.gz
ENSG00000156508	EEF1A1	36516485	GSE167186	ctx_e129c8e975de	Unkown 8	NA	NA	0	17	19	90	0.019	0.019	1.150	0	1	0	1.045	up	2869230	source/effects_batch_004.json.gz
ENSG00000156508	EEF1A1	36516485	GSE167186	ctx_e81eac8c401a	Unkown 6	NA	NA	0	17	19	90	0.000	0.000	1.240	0	1	0	0.000	rounded_zero	2846518	source/effects_batch_004.json.gz
ENSG00000114416	FXR1	36516485	GSE167186	ctx_0234b64ace9c	All Cells,  Skeletal Muscle	NA	NA	1	17	19	90	0.001	0.001	1.380	0	1	0	0.055	up	2755204	source/effects_batch_004.json.gz
ENSG00000114416	FXR1	36516485	GSE167186	ctx_0fd5032b2b0c	Adventitial cell 8	Mesenchymal stem cell	Myogenic endothelial cell	0	17	19	90	0.000	0.000	1.222	0	1	0	0.000	rounded_zero	2734147	source/effects_batch_004.json.gz
ENSG00000114416	FXR1	36516485	GSE167186	ctx_1f3e2a4066d7	Adventitial cell 2	Mesenchymal stem cell	Myogenic endothelial cell	0	17	19	90	0.003	0.003	1.286	0	1	0	0.165	up	2663677	source/effects_batch_004.json.gz
ENSG00000114416	FXR1	36516485	GSE167186	ctx_238c34ecff52	Unkown	NA	NA	0	17	19	90	0.000	0.000	1.278	0	1	0	0.000	rounded_zero	2877007	source/effects_batch_004.json.gz
ENSG00000114416	FXR1	36516485	GSE167186	ctx_3c1aedecb8ec	Adventitial cell 7	Mesenchymal stem cell	Myogenic endothelial cell	0	17	19	90	0.003	0.003	1.161	0	1	0	0.165	up	2722731	source/effects_batch_004.json.gz
ENSG00000114416	FXR1	36516485	GSE167186	ctx_416833ac90ca	Mesenchymal stem cell 3	Adventitial cell	Mesenchymal stromal cell	0	17	19	90	0.003	0.003	1.331	0	1	0	0.165	up	2777542	source/effects_batch_004.json.gz
ENSG00000114416	FXR1	36516485	GSE167186	ctx_51a23717b452	Mesenchymal stem cell	Pericyte	NA	0	17	19	90	0.002	0.002	1.248	0	1	0	0.110	up	2788394	source/effects_batch_004.json.gz
ENSG00000114416	FXR1	36516485	GSE167186	ctx_5243fb2c6d5c	Adventitial cell 4	Mesenchymal stem cell	Muscle-derived cell	0	17	19	90	0.000	0.000	1.264	0	1	0	0.000	rounded_zero	2687431	source/effects_batch_004.json.gz
ENSG00000114416	FXR1	36516485	GSE167186	ctx_5da05f63762a	Unkown 4	NA	NA	0	17	19	90	0.000	0.000	1.514	0	1	0	0.000	rounded_zero	2821248	source/effects_batch_004.json.gz
ENSG00000114416	FXR1	36516485	GSE167186	ctx_66b8877333b1	Adventitial cell 3	Mesenchymal stem cell	Myogenic endothelial cell	0	17	19	90	0.002	0.002	1.248	0	1	0	0.110	up	2675515	source/effects_batch_004.json.gz
ENSG00000114416	FXR1	36516485	GSE167186	ctx_926384c8242b	Unkown 5	NA	NA	0	17	19	90	0.000	0.000	1.356	0	1	0	0.000	rounded_zero	2832129	source/effects_batch_004.json.gz
ENSG00000114416	FXR1	36516485	GSE167186	ctx_93986af51167	Adventitial cell 5	Mesenchymal stem cell	Muscle-derived cell	0	17	19	90	0.002	0.002	1.166	0	1	0	0.110	up	2699256	source/effects_batch_004.json.gz
ENSG00000114416	FXR1	36516485	GSE167186	ctx_9aa0a69d626d	Adventitial cell 6	Mesenchymal stem cell	Myogenic endothelial cell	0	17	19	90	0.001	0.001	1.269	0	1	0	0.055	up	2711024	source/effects_batch_004.json.gz
ENSG00000114416	FXR1	36516485	GSE167186	ctx_bfd71711437a	Unkown 2	NA	NA	0	17	19	90	0.000	0.000	1.392	0	1	0	0.000	rounded_zero	2799877	source/effects_batch_004.json.gz
ENSG00000114416	FXR1	36516485	GSE167186	ctx_c138321e7ebd	Unkown 3	NA	NA	0	17	19	90	0.001	0.001	1.532	0	1	0	0.055	up	2810343	source/effects_batch_004.json.gz
ENSG00000114416	FXR1	36516485	GSE167186	ctx_c157cf74c34b	Mesenchymal stem cell 2	Adventitial cell	Mesenchymal stromal cell	0	17	19	90	-0.002	-0.002	1.428	0	1	0	-0.110	down	2766641	source/effects_batch_004.json.gz
ENSG00000114416	FXR1	36516485	GSE167186	ctx_d30649d2fd62	Unkown 7	NA	NA	0	17	19	90	0.002	0.002	1.490	0	1	0	0.110	up	2854678	source/effects_batch_004.json.gz
ENSG00000114416	FXR1	36516485	GSE167186	ctx_d78029928f98	Adventitial cell	Mesenchymal stem cell	Muscle-derived cell	0	17	19	90	-0.001	-0.001	1.324	0	1	0	-0.055	down	2744204	source/effects_batch_004.json.gz
ENSG00000114416	FXR1	36516485	GSE167186	ctx_e129c8e975de	Unkown 8	NA	NA	0	17	19	90	0.008	0.008	1.716	0	1	0	0.440	up	2865726	source/effects_batch_004.json.gz
ENSG00000114416	FXR1	36516485	GSE167186	ctx_e81eac8c401a	Unkown 6	NA	NA	0	17	19	90	0.003	0.003	1.204	0	1	0	0.165	up	2842850	source/effects_batch_004.json.gz
ENSG00000087470	DNM1L	36516485	GSE167186	ctx_0234b64ace9c	All Cells,  Skeletal Muscle	NA	NA	1	17	19	90	-0.001	-0.001	1.214	0	1	0	-0.055	down	2753542	source/effects_batch_004.json.gz
ENSG00000087470	DNM1L	36516485	GSE167186	ctx_0fd5032b2b0c	Adventitial cell 8	Mesenchymal stem cell	Myogenic endothelial cell	0	17	19	90	-0.003	-0.003	1.140	0	1	0	-0.165	down	2732671	source/effects_batch_004.json.gz
ENSG00000087470	DNM1L	36516485	GSE167186	ctx_1f3e2a4066d7	Adventitial cell 2	Mesenchymal stem cell	Myogenic endothelial cell	0	17	19	90	0.001	0.001	1.166	0	1	0	0.055	up	2661991	source/effects_batch_004.json.gz
ENSG00000087470	DNM1L	36516485	GSE167186	ctx_238c34ecff52	Unkown	NA	NA	0	17	19	90	-0.002	-0.002	1.210	0	1	0	-0.110	down	2875537	source/effects_batch_004.json.gz
ENSG00000087470	DNM1L	36516485	GSE167186	ctx_3c1aedecb8ec	Adventitial cell 7	Mesenchymal stem cell	Myogenic endothelial cell	0	17	19	90	0.000	0.000	1.224	0	1	0	0.000	rounded_zero	2721037	source/effects_batch_004.json.gz
ENSG00000087470	DNM1L	36516485	GSE167186	ctx_416833ac90ca	Mesenchymal stem cell 3	Adventitial cell	Mesenchymal stromal cell	0	17	19	90	-0.003	-0.003	1.017	0	1	0	-0.165	down	2776010	source/effects_batch_004.json.gz
ENSG00000087470	DNM1L	36516485	GSE167186	ctx_51a23717b452	Mesenchymal stem cell	Pericyte	NA	0	17	19	90	-0.001	-0.001	1.182	0	1	0	-0.055	down	2786715	source/effects_batch_004.json.gz
ENSG00000087470	DNM1L	36516485	GSE167186	ctx_5243fb2c6d5c	Adventitial cell 4	Mesenchymal stem cell	Muscle-derived cell	0	17	19	90	-0.001	-0.001	1.244	0	1	0	-0.055	down	2685749	source/effects_batch_004.json.gz
ENSG00000087470	DNM1L	36516485	GSE167186	ctx_5da05f63762a	Unkown 4	NA	NA	0	17	19	90	0.000	0.000	1.248	0	1	0	0.000	rounded_zero	2819698	source/effects_batch_004.json.gz
ENSG00000087470	DNM1L	36516485	GSE167186	ctx_66b8877333b1	Adventitial cell 3	Mesenchymal stem cell	Myogenic endothelial cell	0	17	19	90	0.001	0.001	1.207	0	1	0	0.055	up	2673815	source/effects_batch_004.json.gz
ENSG00000087470	DNM1L	36516485	GSE167186	ctx_926384c8242b	Unkown 5	NA	NA	0	17	19	90	0.000	0.000	1.112	0	1	0	0.000	rounded_zero	2830626	source/effects_batch_004.json.gz
ENSG00000087470	DNM1L	36516485	GSE167186	ctx_93986af51167	Adventitial cell 5	Mesenchymal stem cell	Muscle-derived cell	0	17	19	90	0.003	0.003	1.217	0	1	0	0.165	up	2697565	source/effects_batch_004.json.gz
ENSG00000087470	DNM1L	36516485	GSE167186	ctx_9aa0a69d626d	Adventitial cell 6	Mesenchymal stem cell	Myogenic endothelial cell	0	17	19	90	-0.005	-0.005	1.201	0	1	0	-0.275	down	2709367	source/effects_batch_004.json.gz
ENSG00000087470	DNM1L	36516485	GSE167186	ctx_bfd71711437a	Unkown 2	NA	NA	0	17	19	90	-0.001	-0.001	1.206	0	1	0	-0.055	down	2798397	source/effects_batch_004.json.gz
ENSG00000087470	DNM1L	36516485	GSE167186	ctx_c138321e7ebd	Unkown 3	NA	NA	0	17	19	90	-0.001	-0.001	1.232	0	1	0	-0.055	down	2808790	source/effects_batch_004.json.gz
ENSG00000087470	DNM1L	36516485	GSE167186	ctx_c157cf74c34b	Mesenchymal stem cell 2	Adventitial cell	Mesenchymal stromal cell	0	17	19	90	-0.001	-0.001	1.221	0	1	0	-0.055	down	2765109	source/effects_batch_004.json.gz
ENSG00000087470	DNM1L	36516485	GSE167186	ctx_d30649d2fd62	Unkown 7	NA	NA	0	17	19	90	-0.001	-0.001	1.312	0	1	0	-0.055	down	2853118	source/effects_batch_004.json.gz
ENSG00000087470	DNM1L	36516485	GSE167186	ctx_d78029928f98	Adventitial cell	Mesenchymal stem cell	Muscle-derived cell	0	17	19	90	-0.003	-0.003	1.156	0	1	0	-0.165	down	2742651	source/effects_batch_004.json.gz
ENSG00000087470	DNM1L	36516485	GSE167186	ctx_e129c8e975de	Unkown 8	NA	NA	0	17	19	90	0.000	0.000	1.178	0	1	0	0.000	rounded_zero	2864114	source/effects_batch_004.json.gz
ENSG00000087470	DNM1L	36516485	GSE167186	ctx_e81eac8c401a	Unkown 6	NA	NA	0	17	19	90	-0.002	-0.002	1.238	0	1	0	-0.110	down	2841133	source/effects_batch_004.json.gz
ENSG00000113845	TIMMDC1	36516485	GSE167186	ctx_0234b64ace9c	All Cells,  Skeletal Muscle	NA	NA	1	17	19	90	0.000	0.000	1.060	0	1	0	0.000	rounded_zero	2755168	source/effects_batch_004.json.gz
ENSG00000113845	TIMMDC1	36516485	GSE167186	ctx_0fd5032b2b0c	Adventitial cell 8	Mesenchymal stem cell	Myogenic endothelial cell	0	17	19	90	-0.007	-0.007	1.000	0	1	0	-0.385	down	2734113	source/effects_batch_004.json.gz
ENSG00000113845	TIMMDC1	36516485	GSE167186	ctx_1f3e2a4066d7	Adventitial cell 2	Mesenchymal stem cell	Myogenic endothelial cell	0	17	19	90	0.002	0.002	1.066	0	1	0	0.110	up	2663639	source/effects_batch_004.json.gz
ENSG00000113845	TIMMDC1	36516485	GSE167186	ctx_238c34ecff52	Unkown	NA	NA	0	17	19	90	0.000	0.000	1.038	0	1	0	0.000	rounded_zero	2876973	source/effects_batch_004.json.gz
ENSG00000113845	TIMMDC1	36516485	GSE167186	ctx_3c1aedecb8ec	Adventitial cell 7	Mesenchymal stem cell	Myogenic endothelial cell	0	17	19	90	0.007	0.007	1.024	0	1	0	0.385	up	2722692	source/effects_batch_004.json.gz
ENSG00000113845	TIMMDC1	36516485	GSE167186	ctx_416833ac90ca	Mesenchymal stem cell 3	Adventitial cell	Mesenchymal stromal cell	0	17	19	90	-0.003	-0.003	1.077	0	1	0	-0.165	down	2777511	source/effects_batch_004.json.gz
ENSG00000113845	TIMMDC1	36516485	GSE167186	ctx_51a23717b452	Mesenchymal stem cell	Pericyte	NA	0	17	19	90	0.002	0.002	1.025	0	1	0	0.110	up	2788356	source/effects_batch_004.json.gz
ENSG00000113845	TIMMDC1	36516485	GSE167186	ctx_5243fb2c6d5c	Adventitial cell 4	Mesenchymal stem cell	Muscle-derived cell	0	17	19	90	0.001	0.001	1.050	0	1	0	0.055	up	2687395	source/effects_batch_004.json.gz
ENSG00000113845	TIMMDC1	36516485	GSE167186	ctx_5da05f63762a	Unkown 4	NA	NA	0	17	19	90	0.000	0.000	1.088	0	1	0	0.000	rounded_zero	2821213	source/effects_batch_004.json.gz
ENSG00000113845	TIMMDC1	36516485	GSE167186	ctx_66b8877333b1	Adventitial cell 3	Mesenchymal stem cell	Myogenic endothelial cell	0	17	19	90	0.003	0.003	1.035	0	1	0	0.165	up	2675478	source/effects_batch_004.json.gz
ENSG00000113845	TIMMDC1	36516485	GSE167186	ctx_926384c8242b	Unkown 5	NA	NA	0	17	19	90	0.000	0.000	1.062	0	1	0	0.000	rounded_zero	2832096	source/effects_batch_004.json.gz
ENSG00000113845	TIMMDC1	36516485	GSE167186	ctx_93986af51167	Adventitial cell 5	Mesenchymal stem cell	Muscle-derived cell	0	17	19	90	0.004	0.004	1.081	0	1	0	0.220	up	2699219	source/effects_batch_004.json.gz
ENSG00000113845	TIMMDC1	36516485	GSE167186	ctx_9aa0a69d626d	Adventitial cell 6	Mesenchymal stem cell	Myogenic endothelial cell	0	17	19	90	-0.004	-0.004	1.064	0	1	0	-0.220	down	2710991	source/effects_batch_004.json.gz
ENSG00000113845	TIMMDC1	36516485	GSE167186	ctx_bfd71711437a	Unkown 2	NA	NA	0	17	19	90	-0.001	-0.001	1.058	0	1	0	-0.055	down	2799842	source/effects_batch_004.json.gz
ENSG00000113845	TIMMDC1	36516485	GSE167186	ctx_c138321e7ebd	Unkown 3	NA	NA	0	17	19	90	0.002	0.002	1.054	0	1	0	0.110	up	2810307	source/effects_batch_004.json.gz
ENSG00000113845	TIMMDC1	36516485	GSE167186	ctx_c157cf74c34b	Mesenchymal stem cell 2	Adventitial cell	Mesenchymal stromal cell	0	17	19	90	-0.005	-0.005	1.115	0	1	0	-0.275	down	2766607	source/effects_batch_004.json.gz
ENSG00000113845	TIMMDC1	36516485	GSE167186	ctx_d30649d2fd62	Unkown 7	NA	NA	0	17	19	90	0.000	0.000	1.068	0	1	0	0.000	rounded_zero	2854643	source/effects_batch_004.json.gz
ENSG00000113845	TIMMDC1	36516485	GSE167186	ctx_d78029928f98	Adventitial cell	Mesenchymal stem cell	Muscle-derived cell	0	17	19	90	-0.005	-0.005	1.035	0	1	0	-0.275	down	2744170	source/effects_batch_004.json.gz
ENSG00000113845	TIMMDC1	36516485	GSE167186	ctx_e129c8e975de	Unkown 8	NA	NA	0	17	19	90	0.002	0.002	1.218	0	1	0	0.110	up	2865689	source/effects_batch_004.json.gz
ENSG00000113845	TIMMDC1	36516485	GSE167186	ctx_e81eac8c401a	Unkown 6	NA	NA	0	17	19	90	-0.001	-0.001	1.048	0	1	0	-0.055	down	2842812	source/effects_batch_004.json.gz
ENSG00000143162	CREG1	36516485	GSE167186	ctx_0234b64ace9c	All Cells,  Skeletal Muscle	NA	NA	1	17	19	90	0.000	0.000	1.052	0	1	0	0.000	rounded_zero	2757792	source/effects_batch_005.json.gz
ENSG00000143162	CREG1	36516485	GSE167186	ctx_0fd5032b2b0c	Adventitial cell 8	Mesenchymal stem cell	Myogenic endothelial cell	0	17	19	90	-0.006	-0.006	1.000	0	1	0	-0.330	down	2736408	source/effects_batch_005.json.gz
ENSG00000143162	CREG1	36516485	GSE167186	ctx_1f3e2a4066d7	Adventitial cell 2	Mesenchymal stem cell	Myogenic endothelial cell	0	17	19	90	0.001	0.001	1.035	0	1	0	0.055	up	2666267	source/effects_batch_005.json.gz
ENSG00000143162	CREG1	36516485	GSE167186	ctx_238c34ecff52	Unkown	NA	NA	0	17	19	90	-0.002	-0.002	1.050	0	1	0	-0.110	down	2879284	source/effects_batch_005.json.gz
ENSG00000143162	CREG1	36516485	GSE167186	ctx_3c1aedecb8ec	Adventitial cell 7	Mesenchymal stem cell	Myogenic endothelial cell	0	17	19	90	-0.005	-0.005	1.029	0	1	0	-0.275	down	2725294	source/effects_batch_005.json.gz
ENSG00000143162	CREG1	36516485	GSE167186	ctx_416833ac90ca	Mesenchymal stem cell 3	Adventitial cell	Mesenchymal stromal cell	0	17	19	90	-0.003	-0.003	1.031	0	1	0	-0.165	down	2779926	source/effects_batch_005.json.gz
ENSG00000143162	CREG1	36516485	GSE167186	ctx_51a23717b452	Mesenchymal stem cell	Pericyte	NA	0	17	19	90	-0.001	-0.001	1.045	0	1	0	-0.055	down	2790984	source/effects_batch_005.json.gz
ENSG00000143162	CREG1	36516485	GSE167186	ctx_5243fb2c6d5c	Adventitial cell 4	Mesenchymal stem cell	Muscle-derived cell	0	17	19	90	0.002	0.002	1.056	0	1	0	0.110	up	2690027	source/effects_batch_005.json.gz
ENSG00000143162	CREG1	36516485	GSE167186	ctx_5da05f63762a	Unkown 4	NA	NA	0	17	19	90	0.000	0.000	1.078	0	1	0	0.000	rounded_zero	2823645	source/effects_batch_005.json.gz
ENSG00000143162	CREG1	36516485	GSE167186	ctx_66b8877333b1	Adventitial cell 3	Mesenchymal stem cell	Myogenic endothelial cell	0	17	19	90	0.003	0.003	1.083	0	1	0	0.165	up	2678151	source/effects_batch_005.json.gz
ENSG00000143162	CREG1	36516485	GSE167186	ctx_926384c8242b	Unkown 5	NA	NA	0	17	19	90	0.003	0.003	1.052	0	1	0	0.165	up	2834482	source/effects_batch_005.json.gz
ENSG00000143162	CREG1	36516485	GSE167186	ctx_93986af51167	Adventitial cell 5	Mesenchymal stem cell	Muscle-derived cell	0	17	19	90	0.010	0.010	1.041	0	1	0	0.550	up	2701858	source/effects_batch_005.json.gz
ENSG00000143162	CREG1	36516485	GSE167186	ctx_9aa0a69d626d	Adventitial cell 6	Mesenchymal stem cell	Myogenic endothelial cell	0	17	19	90	-0.004	-0.004	1.133	0	1	0	-0.220	down	2713608	source/effects_batch_005.json.gz
ENSG00000143162	CREG1	36516485	GSE167186	ctx_bfd71711437a	Unkown 2	NA	NA	0	17	19	90	0.000	0.000	1.054	0	1	0	0.000	rounded_zero	2802170	source/effects_batch_005.json.gz
ENSG00000143162	CREG1	36516485	GSE167186	ctx_c138321e7ebd	Unkown 3	NA	NA	0	17	19	90	-0.001	-0.001	1.056	0	1	0	-0.055	down	2812739	source/effects_batch_005.json.gz
ENSG00000143162	CREG1	36516485	GSE167186	ctx_c157cf74c34b	Mesenchymal stem cell 2	Adventitial cell	Mesenchymal stromal cell	0	17	19	90	-0.003	-0.003	1.067	0	1	0	-0.165	down	2769043	source/effects_batch_005.json.gz
ENSG00000143162	CREG1	36516485	GSE167186	ctx_d30649d2fd62	Unkown 7	NA	NA	0	17	19	90	-0.001	-0.001	1.060	0	1	0	-0.055	down	2857099	source/effects_batch_005.json.gz
ENSG00000143162	CREG1	36516485	GSE167186	ctx_d78029928f98	Adventitial cell	Mesenchymal stem cell	Muscle-derived cell	0	17	19	90	0.002	0.002	1.040	0	1	0	0.110	up	2746599	source/effects_batch_005.json.gz
ENSG00000143162	CREG1	36516485	GSE167186	ctx_e129c8e975de	Unkown 8	NA	NA	0	17	19	90	0.019	0.019	1.000	0	1	0	1.045	up	2868225	source/effects_batch_005.json.gz
ENSG00000143162	CREG1	36516485	GSE167186	ctx_e81eac8c401a	Unkown 6	NA	NA	0	17	19	90	0.000	0.000	1.039	0	1	0	0.000	rounded_zero	2845485	source/effects_batch_005.json.gz
ENSG00000134107	BHLHE40	36516485	GSE167186	ctx_0234b64ace9c	All Cells,  Skeletal Muscle	NA	NA	1	17	19	90	0.000	0.000	1.188	0	1	0	0.000	rounded_zero	2756825	source/effects_batch_005.json.gz
ENSG00000134107	BHLHE40	36516485	GSE167186	ctx_0fd5032b2b0c	Adventitial cell 8	Mesenchymal stem cell	Myogenic endothelial cell	0	17	19	90	0.002	0.002	1.222	0	1	0	0.110	up	2735565	source/effects_batch_005.json.gz
ENSG00000134107	BHLHE40	36516485	GSE167186	ctx_1f3e2a4066d7	Adventitial cell 2	Mesenchymal stem cell	Myogenic endothelial cell	0	17	19	90	-0.005	-0.005	1.137	0	1	0	-0.275	down	2665312	source/effects_batch_005.json.gz
ENSG00000134107	BHLHE40	36516485	GSE167186	ctx_238c34ecff52	Unkown	NA	NA	0	17	19	90	0.003	0.003	1.160	0	1	0	0.165	up	2878457	source/effects_batch_005.json.gz
ENSG00000134107	BHLHE40	36516485	GSE167186	ctx_3c1aedecb8ec	Adventitial cell 7	Mesenchymal stem cell	Myogenic endothelial cell	0	17	19	90	-0.003	-0.003	1.222	0	1	0	-0.165	down	2724347	source/effects_batch_005.json.gz
ENSG00000134107	BHLHE40	36516485	GSE167186	ctx_416833ac90ca	Mesenchymal stem cell 3	Adventitial cell	Mesenchymal stromal cell	0	17	19	90	-0.004	-0.004	1.213	0	1	0	-0.220	down	2779031	source/effects_batch_005.json.gz
ENSG00000134107	BHLHE40	36516485	GSE167186	ctx_51a23717b452	Mesenchymal stem cell	Pericyte	NA	0	17	19	90	0.004	0.004	1.067	0	1	0	0.220	up	2790020	source/effects_batch_005.json.gz
ENSG00000134107	BHLHE40	36516485	GSE167186	ctx_5243fb2c6d5c	Adventitial cell 4	Mesenchymal stem cell	Muscle-derived cell	0	17	19	90	-0.001	-0.001	1.080	0	1	0	-0.055	down	2689054	source/effects_batch_005.json.gz
ENSG00000134107	BHLHE40	36516485	GSE167186	ctx_5da05f63762a	Unkown 4	NA	NA	0	17	19	90	-0.004	-0.004	1.234	0	1	0	-0.220	down	2822758	source/effects_batch_005.json.gz
ENSG00000134107	BHLHE40	36516485	GSE167186	ctx_66b8877333b1	Adventitial cell 3	Mesenchymal stem cell	Myogenic endothelial cell	0	17	19	90	0.002	0.002	1.096	0	1	0	0.110	up	2677159	source/effects_batch_005.json.gz
ENSG00000134107	BHLHE40	36516485	GSE167186	ctx_926384c8242b	Unkown 5	NA	NA	0	17	19	90	-0.003	-0.003	1.092	0	1	0	-0.165	down	2833620	source/effects_batch_005.json.gz
ENSG00000134107	BHLHE40	36516485	GSE167186	ctx_93986af51167	Adventitial cell 5	Mesenchymal stem cell	Muscle-derived cell	0	17	19	90	-0.007	-0.007	1.228	0	1	0	-0.385	down	2700882	source/effects_batch_005.json.gz
ENSG00000134107	BHLHE40	36516485	GSE167186	ctx_9aa0a69d626d	Adventitial cell 6	Mesenchymal stem cell	Myogenic endothelial cell	0	17	19	90	0.002	0.002	1.092	0	1	0	0.110	up	2712639	source/effects_batch_005.json.gz
ENSG00000134107	BHLHE40	36516485	GSE167186	ctx_bfd71711437a	Unkown 2	NA	NA	0	17	19	90	-0.001	-0.001	1.128	0	1	0	-0.055	down	2801336	source/effects_batch_005.json.gz
ENSG00000134107	BHLHE40	36516485	GSE167186	ctx_c138321e7ebd	Unkown 3	NA	NA	0	17	19	90	0.004	0.004	1.232	0	1	0	0.220	up	2811857	source/effects_batch_005.json.gz
ENSG00000134107	BHLHE40	36516485	GSE167186	ctx_c157cf74c34b	Mesenchymal stem cell 2	Adventitial cell	Mesenchymal stromal cell	0	17	19	90	-0.004	-0.004	1.361	0	1	0	-0.220	down	2768158	source/effects_batch_005.json.gz
ENSG00000134107	BHLHE40	36516485	GSE167186	ctx_d30649d2fd62	Unkown 7	NA	NA	0	17	19	90	0.002	0.002	1.190	0	1	0	0.110	up	2856212	source/effects_batch_005.json.gz
ENSG00000134107	BHLHE40	36516485	GSE167186	ctx_d78029928f98	Adventitial cell	Mesenchymal stem cell	Muscle-derived cell	0	17	19	90	0.000	0.000	1.201	0	1	0	0.000	rounded_zero	2745712	source/effects_batch_005.json.gz
ENSG00000134107	BHLHE40	36516485	GSE167186	ctx_e129c8e975de	Unkown 8	NA	NA	0	17	19	90	0.003	0.003	1.133	0	1	0	0.165	up	2867278	source/effects_batch_005.json.gz
ENSG00000134107	BHLHE40	36516485	GSE167186	ctx_e81eac8c401a	Unkown 6	NA	NA	0	17	19	90	-0.003	-0.003	1.230	0	1	0	-0.165	down	2844499	source/effects_batch_005.json.gz
ENSG00000011465	DCN	36516485	GSE167186	ctx_0234b64ace9c	All Cells,  Skeletal Muscle	NA	NA	1	17	19	90	0.005	0.005	2.058	0	1	0	0.275	up	2752492	source/effects_batch_005.json.gz
ENSG00000011465	DCN	36516485	GSE167186	ctx_0fd5032b2b0c	Adventitial cell 8	Mesenchymal stem cell	Myogenic endothelial cell	0	17	19	90	-0.002	-0.002	4.182	0	1	0	-0.110	down	2731718	source/effects_batch_005.json.gz
ENSG00000011465	DCN	36516485	GSE167186	ctx_1f3e2a4066d7	Adventitial cell 2	Mesenchymal stem cell	Myogenic endothelial cell	0	17	19	90	0.006	0.006	1.328	0	1	0	0.330	up	2660946	source/effects_batch_005.json.gz
ENSG00000011465	DCN	36516485	GSE167186	ctx_238c34ecff52	Unkown	NA	NA	0	17	19	90	0.010	0.010	1.244	0	1	0	0.550	up	2874600	source/effects_batch_005.json.gz
ENSG00000011465	DCN	36516485	GSE167186	ctx_3c1aedecb8ec	Adventitial cell 7	Mesenchymal stem cell	Myogenic endothelial cell	0	17	19	90	0.005	0.005	1.470	0	1	0	0.275	up	2719987	source/effects_batch_005.json.gz
ENSG00000011465	DCN	36516485	GSE167186	ctx_416833ac90ca	Mesenchymal stem cell 3	Adventitial cell	Mesenchymal stromal cell	0	17	19	90	0.007	0.007	1.286	0	1	0	0.385	up	2775030	source/effects_batch_005.json.gz
ENSG00000011465	DCN	36516485	GSE167186	ctx_51a23717b452	Mesenchymal stem cell	Pericyte	NA	0	17	19	90	0.004	0.004	1.476	0	1	0	0.220	up	2785672	source/effects_batch_005.json.gz
ENSG00000011465	DCN	36516485	GSE167186	ctx_5243fb2c6d5c	Adventitial cell 4	Mesenchymal stem cell	Muscle-derived cell	0	17	19	90	0.010	0.010	1.256	0	1	0	0.550	up	2684705	source/effects_batch_005.json.gz
ENSG00000011465	DCN	36516485	GSE167186	ctx_5da05f63762a	Unkown 4	NA	NA	0	17	19	90	0.007	0.007	1.270	0	1	0	0.385	up	2818719	source/effects_batch_005.json.gz
ENSG00000011465	DCN	36516485	GSE167186	ctx_66b8877333b1	Adventitial cell 3	Mesenchymal stem cell	Myogenic endothelial cell	0	17	19	90	0.005	0.005	1.830	0	1	0	0.275	up	2672748	source/effects_batch_005.json.gz
ENSG00000011465	DCN	36516485	GSE167186	ctx_926384c8242b	Unkown 5	NA	NA	0	17	19	90	0.011	0.011	1.426	0	1	0	0.605	up	2829674	source/effects_batch_005.json.gz
ENSG00000011465	DCN	36516485	GSE167186	ctx_93986af51167	Adventitial cell 5	Mesenchymal stem cell	Muscle-derived cell	0	17	19	90	0.003	0.003	4.218	0	1	0	0.165	up	2696529	source/effects_batch_005.json.gz
ENSG00000011465	DCN	36516485	GSE167186	ctx_9aa0a69d626d	Adventitial cell 6	Mesenchymal stem cell	Myogenic endothelial cell	0	17	19	90	0.009	0.009	1.342	0	1	0	0.495	up	2708320	source/effects_batch_005.json.gz
ENSG00000011465	DCN	36516485	GSE167186	ctx_bfd71711437a	Unkown 2	NA	NA	0	17	19	90	0.007	0.007	1.206	0	1	0	0.385	up	2797458	source/effects_batch_005.json.gz
ENSG00000011465	DCN	36516485	GSE167186	ctx_c138321e7ebd	Unkown 3	NA	NA	0	17	19	90	0.007	0.007	1.262	0	1	0	0.385	up	2807813	source/effects_batch_005.json.gz
ENSG00000011465	DCN	36516485	GSE167186	ctx_c157cf74c34b	Mesenchymal stem cell 2	Adventitial cell	Mesenchymal stromal cell	0	17	19	90	0.015	0.015	1.342	0	1	0	0.825	up	2764138	source/effects_batch_005.json.gz
ENSG00000011465	DCN	36516485	GSE167186	ctx_d30649d2fd62	Unkown 7	NA	NA	0	17	19	90	0.012	0.012	1.292	0	1	0	0.660	up	2852135	source/effects_batch_005.json.gz
ENSG00000011465	DCN	36516485	GSE167186	ctx_d78029928f98	Adventitial cell	Mesenchymal stem cell	Muscle-derived cell	0	17	19	90	0.014	0.014	1.354	0	1	0	0.770	up	2741676	source/effects_batch_005.json.gz
ENSG00000011465	DCN	36516485	GSE167186	ctx_e129c8e975de	Unkown 8	NA	NA	0	17	19	90	0.007	0.007	1.234	0	1	0	0.385	up	2863089	source/effects_batch_005.json.gz
ENSG00000011465	DCN	36516485	GSE167186	ctx_e81eac8c401a	Unkown 6	NA	NA	0	17	19	90	0.004	0.004	4.910	0	1	0	0.220	up	2840070	source/effects_batch_005.json.gz
ENSG00000197324	LRP10	36516485	GSE167186	ctx_0234b64ace9c	All Cells,  Skeletal Muscle	NA	NA	1	17	19	90	-0.002	-0.002	1.054	0	1	0	-0.110	down	2762124	source/effects_batch_005.json.gz
ENSG00000197324	LRP10	36516485	GSE167186	ctx_0fd5032b2b0c	Adventitial cell 8	Mesenchymal stem cell	Myogenic endothelial cell	0	17	19	90	-0.012	-0.012	1.000	0	1	0	-0.660	down	2740085	source/effects_batch_005.json.gz
ENSG00000197324	LRP10	36516485	GSE167186	ctx_1f3e2a4066d7	Adventitial cell 2	Mesenchymal stem cell	Myogenic endothelial cell	0	17	19	90	-0.001	-0.001	1.075	0	1	0	-0.055	down	2670644	source/effects_batch_005.json.gz
ENSG00000197324	LRP10	36516485	GSE167186	ctx_238c34ecff52	Unkown	NA	NA	0	17	19	90	-0.001	-0.001	1.034	0	1	0	-0.055	down	2883090	source/effects_batch_005.json.gz
ENSG00000197324	LRP10	36516485	GSE167186	ctx_3c1aedecb8ec	Adventitial cell 7	Mesenchymal stem cell	Myogenic endothelial cell	0	17	19	90	0.007	0.007	1.077	0	1	0	0.385	up	2729647	source/effects_batch_005.json.gz
ENSG00000197324	LRP10	36516485	GSE167186	ctx_416833ac90ca	Mesenchymal stem cell 3	Adventitial cell	Mesenchymal stromal cell	0	17	19	90	0.001	0.001	1.000	0	1	0	0.055	up	2783874	source/effects_batch_005.json.gz
ENSG00000197324	LRP10	36516485	GSE167186	ctx_51a23717b452	Mesenchymal stem cell	Pericyte	NA	0	17	19	90	0.001	0.001	1.080	0	1	0	0.055	up	2795376	source/effects_batch_005.json.gz
ENSG00000197324	LRP10	36516485	GSE167186	ctx_5243fb2c6d5c	Adventitial cell 4	Mesenchymal stem cell	Muscle-derived cell	0	17	19	90	-0.001	-0.001	1.035	0	1	0	-0.055	down	2694397	source/effects_batch_005.json.gz
ENSG00000197324	LRP10	36516485	GSE167186	ctx_5da05f63762a	Unkown 4	NA	NA	0	17	19	90	0.003	0.003	1.045	0	1	0	0.165	up	2827702	source/effects_batch_005.json.gz
ENSG00000197324	LRP10	36516485	GSE167186	ctx_66b8877333b1	Adventitial cell 3	Mesenchymal stem cell	Myogenic endothelial cell	0	17	19	90	-0.006	-0.006	1.058	0	1	0	-0.330	down	2682608	source/effects_batch_005.json.gz
ENSG00000197324	LRP10	36516485	GSE167186	ctx_926384c8242b	Unkown 5	NA	NA	0	17	19	90	-0.003	-0.003	1.034	0	1	0	-0.165	down	2838344	source/effects_batch_005.json.gz
ENSG00000197324	LRP10	36516485	GSE167186	ctx_93986af51167	Adventitial cell 5	Mesenchymal stem cell	Muscle-derived cell	0	17	19	90	0.001	0.001	1.083	0	1	0	0.055	up	2706270	source/effects_batch_005.json.gz
ENSG00000197324	LRP10	36516485	GSE167186	ctx_9aa0a69d626d	Adventitial cell 6	Mesenchymal stem cell	Myogenic endothelial cell	0	17	19	90	-0.004	-0.004	1.013	0	1	0	-0.220	down	2717911	source/effects_batch_005.json.gz
ENSG00000197324	LRP10	36516485	GSE167186	ctx_bfd71711437a	Unkown 2	NA	NA	0	17	19	90	0.000	0.000	1.045	0	1	0	0.000	rounded_zero	2806000	source/effects_batch_005.json.gz
ENSG00000197324	LRP10	36516485	GSE167186	ctx_c138321e7ebd	Unkown 3	NA	NA	0	17	19	90	0.000	0.000	1.044	0	1	0	0.000	rounded_zero	2816769	source/effects_batch_005.json.gz
ENSG00000197324	LRP10	36516485	GSE167186	ctx_c157cf74c34b	Mesenchymal stem cell 2	Adventitial cell	Mesenchymal stromal cell	0	17	19	90	-0.004	-0.004	1.000	0	1	0	-0.220	down	2773101	source/effects_batch_005.json.gz
ENSG00000197324	LRP10	36516485	GSE167186	ctx_d30649d2fd62	Unkown 7	NA	NA	0	17	19	90	0.002	0.002	1.021	0	1	0	0.110	up	2861142	source/effects_batch_005.json.gz
ENSG00000197324	LRP10	36516485	GSE167186	ctx_d78029928f98	Adventitial cell	Mesenchymal stem cell	Muscle-derived cell	0	17	19	90	-0.005	-0.005	1.020	0	1	0	-0.275	down	2750594	source/effects_batch_005.json.gz
ENSG00000197324	LRP10	36516485	GSE167186	ctx_e129c8e975de	Unkown 8	NA	NA	0	17	19	90	0.006	0.006	1.111	0	1	0	0.330	up	2872496	source/effects_batch_005.json.gz
ENSG00000197324	LRP10	36516485	GSE167186	ctx_e81eac8c401a	Unkown 6	NA	NA	0	17	19	90	-0.003	-0.003	1.052	0	1	0	-0.165	down	2849991	source/effects_batch_005.json.gz
ENSG00000173918	C1QTNF1	36516485	GSE167186	ctx_0234b64ace9c	All Cells,  Skeletal Muscle	NA	NA	1	17	19	90	-0.012	-0.012	1.074	0	1	0	-0.660	down	2760720	source/effects_batch_005.json.gz
ENSG00000173918	C1QTNF1	36516485	GSE167186	ctx_0fd5032b2b0c	Adventitial cell 8	Mesenchymal stem cell	Myogenic endothelial cell	0	17	19	90	-0.075	-0.075	1.000	0	1	0	-4.125	down	2738939	source/effects_batch_005.json.gz
ENSG00000173918	C1QTNF1	36516485	GSE167186	ctx_1f3e2a4066d7	Adventitial cell 2	Mesenchymal stem cell	Myogenic endothelial cell	0	17	19	90	-0.002	-0.002	1.034	0	1	0	-0.110	down	2669214	source/effects_batch_005.json.gz
ENSG00000173918	C1QTNF1	36516485	GSE167186	ctx_3c1aedecb8ec	Adventitial cell 7	Mesenchymal stem cell	Myogenic endothelial cell	0	17	19	90	-0.006	-0.006	1.243	0	1	0	-0.330	down	2728235	source/effects_batch_005.json.gz
ENSG00000173918	C1QTNF1	36516485	GSE167186	ctx_416833ac90ca	Mesenchymal stem cell 3	Adventitial cell	Mesenchymal stromal cell	0	17	19	90	-0.020	-0.020	1.167	0	1	0	-1.100	down	2782596	source/effects_batch_005.json.gz
ENSG00000173918	C1QTNF1	36516485	GSE167186	ctx_51a23717b452	Mesenchymal stem cell	Pericyte	NA	0	17	19	90	-0.001	-0.001	1.140	0	1	0	-0.055	down	2793948	source/effects_batch_005.json.gz
ENSG00000173918	C1QTNF1	36516485	GSE167186	ctx_5243fb2c6d5c	Adventitial cell 4	Mesenchymal stem cell	Muscle-derived cell	0	17	19	90	-0.005	-0.005	1.000	0	1	0	-0.275	down	2692978	source/effects_batch_005.json.gz
ENSG00000173918	C1QTNF1	36516485	GSE167186	ctx_66b8877333b1	Adventitial cell 3	Mesenchymal stem cell	Myogenic endothelial cell	0	17	19	90	-0.009	-0.009	1.000	0	1	0	-0.495	down	2681163	source/effects_batch_005.json.gz
ENSG00000173918	C1QTNF1	36516485	GSE167186	ctx_926384c8242b	Unkown 5	NA	NA	0	17	19	90	-0.010	-0.010	1.012	0	1	0	-0.550	down	2837117	source/effects_batch_005.json.gz
ENSG00000173918	C1QTNF1	36516485	GSE167186	ctx_93986af51167	Adventitial cell 5	Mesenchymal stem cell	Muscle-derived cell	0	17	19	90	-0.009	-0.009	1.110	0	1	0	-0.495	down	2704833	source/effects_batch_005.json.gz
ENSG00000173918	C1QTNF1	36516485	GSE167186	ctx_c157cf74c34b	Mesenchymal stem cell 2	Adventitial cell	Mesenchymal stromal cell	0	17	19	90	-0.012	-0.012	1.000	0	1	0	-0.660	down	2771793	source/effects_batch_005.json.gz
ENSG00000173918	C1QTNF1	36516485	GSE167186	ctx_d30649d2fd62	Unkown 7	NA	NA	0	17	19	90	-0.009	-0.009	1.032	0	1	0	-0.495	down	2859827	source/effects_batch_005.json.gz
ENSG00000173918	C1QTNF1	36516485	GSE167186	ctx_d78029928f98	Adventitial cell	Mesenchymal stem cell	Muscle-derived cell	0	17	19	90	-0.002	-0.002	1.000	0	1	0	-0.110	down	2749300	source/effects_batch_005.json.gz
ENSG00000173918	C1QTNF1	36516485	GSE167186	ctx_e81eac8c401a	Unkown 6	NA	NA	0	17	19	90	-0.010	-0.010	1.061	0	1	0	-0.550	down	2848508	source/effects_batch_005.json.gz
ENSG00000165996	HACD1	36516485	GSE167186	ctx_0234b64ace9c	All Cells,  Skeletal Muscle	NA	NA	1	17	19	90	0.000	0.000	1.090	0	1	0	0.000	rounded_zero	2759754	source/effects_batch_005.json.gz
ENSG00000165996	HACD1	36516485	GSE167186	ctx_0fd5032b2b0c	Adventitial cell 8	Mesenchymal stem cell	Myogenic endothelial cell	0	17	19	90	0.012	0.012	1.091	0	1	0	0.660	up	2738116	source/effects_batch_005.json.gz
ENSG00000165996	HACD1	36516485	GSE167186	ctx_1f3e2a4066d7	Adventitial cell 2	Mesenchymal stem cell	Myogenic endothelial cell	0	17	19	90	0.003	0.003	1.062	0	1	0	0.165	up	2668238	source/effects_batch_005.json.gz
ENSG00000165996	HACD1	36516485	GSE167186	ctx_238c34ecff52	Unkown	NA	NA	0	17	19	90	-0.001	-0.001	1.076	0	1	0	-0.055	down	2881022	source/effects_batch_005.json.gz
ENSG00000165996	HACD1	36516485	GSE167186	ctx_3c1aedecb8ec	Adventitial cell 7	Mesenchymal stem cell	Myogenic endothelial cell	0	17	19	90	0.020	0.020	1.000	0	1	0	1.100	up	2727266	source/effects_batch_005.json.gz
ENSG00000165996	HACD1	36516485	GSE167186	ctx_416833ac90ca	Mesenchymal stem cell 3	Adventitial cell	Mesenchymal stromal cell	0	17	19	90	-0.013	-0.013	1.034	0	1	0	-0.715	down	2781710	source/effects_batch_005.json.gz
ENSG00000165996	HACD1	36516485	GSE167186	ctx_51a23717b452	Mesenchymal stem cell	Pericyte	NA	0	17	19	90	-0.009	-0.009	1.095	0	1	0	-0.495	down	2792961	source/effects_batch_005.json.gz
ENSG00000165996	HACD1	36516485	GSE167186	ctx_5243fb2c6d5c	Adventitial cell 4	Mesenchymal stem cell	Muscle-derived cell	0	17	19	90	0.010	0.010	1.078	0	1	0	0.550	up	2692006	source/effects_batch_005.json.gz
ENSG00000165996	HACD1	36516485	GSE167186	ctx_5da05f63762a	Unkown 4	NA	NA	0	17	19	90	0.003	0.003	1.114	0	1	0	0.165	up	2825484	source/effects_batch_005.json.gz
ENSG00000165996	HACD1	36516485	GSE167186	ctx_66b8877333b1	Adventitial cell 3	Mesenchymal stem cell	Myogenic endothelial cell	0	17	19	90	0.006	0.006	1.085	0	1	0	0.330	up	2680170	source/effects_batch_005.json.gz
ENSG00000165996	HACD1	36516485	GSE167186	ctx_926384c8242b	Unkown 5	NA	NA	0	17	19	90	0.003	0.003	1.064	0	1	0	0.165	up	2836252	source/effects_batch_005.json.gz
ENSG00000165996	HACD1	36516485	GSE167186	ctx_93986af51167	Adventitial cell 5	Mesenchymal stem cell	Muscle-derived cell	0	17	19	90	-0.002	-0.002	1.026	0	1	0	-0.110	down	2703852	source/effects_batch_005.json.gz
ENSG00000165996	HACD1	36516485	GSE167186	ctx_9aa0a69d626d	Adventitial cell 6	Mesenchymal stem cell	Myogenic endothelial cell	0	17	19	90	-0.002	-0.002	1.034	0	1	0	-0.110	down	2715551	source/effects_batch_005.json.gz
ENSG00000165996	HACD1	36516485	GSE167186	ctx_bfd71711437a	Unkown 2	NA	NA	0	17	19	90	-0.001	-0.001	1.092	0	1	0	-0.055	down	2803918	source/effects_batch_005.json.gz
ENSG00000165996	HACD1	36516485	GSE167186	ctx_c138321e7ebd	Unkown 3	NA	NA	0	17	19	90	-0.001	-0.001	1.124	0	1	0	-0.055	down	2814564	source/effects_batch_005.json.gz
ENSG00000165996	HACD1	36516485	GSE167186	ctx_c157cf74c34b	Mesenchymal stem cell 2	Adventitial cell	Mesenchymal stromal cell	0	17	19	90	0.006	0.006	1.095	0	1	0	0.330	up	2770891	source/effects_batch_005.json.gz
ENSG00000165996	HACD1	36516485	GSE167186	ctx_d30649d2fd62	Unkown 7	NA	NA	0	17	19	90	0.007	0.007	1.092	0.195915224348794	0.63691983753306247	0	0.385	up	2858938	source/effects_batch_005.json.gz
ENSG00000165996	HACD1	36516485	GSE167186	ctx_d78029928f98	Adventitial cell	Mesenchymal stem cell	Muscle-derived cell	0	17	19	90	-0.007	-0.007	1.051	0	1	0	-0.385	down	2748426	source/effects_batch_005.json.gz
ENSG00000165996	HACD1	36516485	GSE167186	ctx_e129c8e975de	Unkown 8	NA	NA	0	17	19	90	-0.010	-0.010	1.269	0	1	0	-0.550	down	2870180	source/effects_batch_005.json.gz
ENSG00000165996	HACD1	36516485	GSE167186	ctx_e81eac8c401a	Unkown 6	NA	NA	0	17	19	90	0.003	0.003	1.021	0	1	0	0.165	up	2847519	source/effects_batch_005.json.gz
ENSG00000006118	TMEM132A	36516485	GSE167186	ctx_0fd5032b2b0c	Adventitial cell 8	Mesenchymal stem cell	Myogenic endothelial cell	0	17	19	90	-0.001	-0.001	1.125	0	1	0	-0.055	down	2731605	source/effects_batch_005.json.gz
ENSG00000006118	TMEM132A	36516485	GSE167186	ctx_1f3e2a4066d7	Adventitial cell 2	Mesenchymal stem cell	Myogenic endothelial cell	0	17	19	90	-0.003	-0.003	1.041	0	1	0	-0.165	down	2660825	source/effects_batch_005.json.gz
ENSG00000006118	TMEM132A	36516485	GSE167186	ctx_3c1aedecb8ec	Adventitial cell 7	Mesenchymal stem cell	Myogenic endothelial cell	0	17	19	90	-0.008	-0.008	1.053	0	1	0	-0.440	down	2719863	source/effects_batch_005.json.gz
ENSG00000006118	TMEM132A	36516485	GSE167186	ctx_51a23717b452	Mesenchymal stem cell	Pericyte	NA	0	17	19	90	-0.015	-0.015	1.000	0	1	0	-0.825	down	2785556	source/effects_batch_005.json.gz
ENSG00000006118	TMEM132A	36516485	GSE167186	ctx_5243fb2c6d5c	Adventitial cell 4	Mesenchymal stem cell	Muscle-derived cell	0	17	19	90	-0.005	-0.005	1.000	0	1	0	-0.275	down	2684590	source/effects_batch_005.json.gz
ENSG00000164327	RICTOR	36516485	GSE167186	ctx_0234b64ace9c	All Cells,  Skeletal Muscle	NA	NA	1	17	19	90	0.001	0.001	1.246	0	1	0	0.055	up	2759531	source/effects_batch_005.json.gz
ENSG00000164327	RICTOR	36516485	GSE167186	ctx_0fd5032b2b0c	Adventitial cell 8	Mesenchymal stem cell	Myogenic endothelial cell	0	17	19	90	0.000	0.000	1.184	0	1	0	0.000	rounded_zero	2737924	source/effects_batch_005.json.gz
ENSG00000164327	RICTOR	36516485	GSE167186	ctx_1f3e2a4066d7	Adventitial cell 2	Mesenchymal stem cell	Myogenic endothelial cell	0	17	19	90	0.001	0.001	1.192	0	1	0	0.055	up	2668016	source/effects_batch_005.json.gz
ENSG00000164327	RICTOR	36516485	GSE167186	ctx_238c34ecff52	Unkown	NA	NA	0	17	19	90	-0.001	-0.001	1.234	0	1	0	-0.055	down	2880818	source/effects_batch_005.json.gz
ENSG00000164327	RICTOR	36516485	GSE167186	ctx_3c1aedecb8ec	Adventitial cell 7	Mesenchymal stem cell	Myogenic endothelial cell	0	17	19	90	0.000	0.000	1.297	0	1	0	0.000	rounded_zero	2727044	source/effects_batch_005.json.gz
ENSG00000164327	RICTOR	36516485	GSE167186	ctx_416833ac90ca	Mesenchymal stem cell 3	Adventitial cell	Mesenchymal stromal cell	0	17	19	90	-0.001	-0.001	1.195	0	1	0	-0.055	down	2781514	source/effects_batch_005.json.gz
ENSG00000164327	RICTOR	36516485	GSE167186	ctx_51a23717b452	Mesenchymal stem cell	Pericyte	NA	0	17	19	90	0.002	0.002	1.205	0	1	0	0.110	up	2792735	source/effects_batch_005.json.gz
ENSG00000164327	RICTOR	36516485	GSE167186	ctx_5243fb2c6d5c	Adventitial cell 4	Mesenchymal stem cell	Muscle-derived cell	0	17	19	90	0.002	0.002	1.239	0	1	0	0.110	up	2691784	source/effects_batch_005.json.gz
ENSG00000164327	RICTOR	36516485	GSE167186	ctx_5da05f63762a	Unkown 4	NA	NA	0	17	19	90	0.001	0.001	1.294	0	1	0	0.055	up	2825271	source/effects_batch_005.json.gz
ENSG00000164327	RICTOR	36516485	GSE167186	ctx_66b8877333b1	Adventitial cell 3	Mesenchymal stem cell	Myogenic endothelial cell	0	17	19	90	0.001	0.001	1.129	0	1	0	0.055	up	2679952	source/effects_batch_005.json.gz
ENSG00000164327	RICTOR	36516485	GSE167186	ctx_926384c8242b	Unkown 5	NA	NA	0	17	19	90	0.003	0.003	1.154	0	1	0	0.165	up	2836048	source/effects_batch_005.json.gz
ENSG00000164327	RICTOR	36516485	GSE167186	ctx_93986af51167	Adventitial cell 5	Mesenchymal stem cell	Muscle-derived cell	0	17	19	90	0.001	0.001	1.137	0	1	0	0.055	up	2703628	source/effects_batch_005.json.gz
ENSG00000164327	RICTOR	36516485	GSE167186	ctx_9aa0a69d626d	Adventitial cell 6	Mesenchymal stem cell	Myogenic endothelial cell	0	17	19	90	0.003	0.003	1.216	0	1	0	0.165	up	2715333	source/effects_batch_005.json.gz
ENSG00000164327	RICTOR	36516485	GSE167186	ctx_bfd71711437a	Unkown 2	NA	NA	0	17	19	90	0.001	0.001	1.218	0	1	0	0.055	up	2803719	source/effects_batch_005.json.gz
ENSG00000164327	RICTOR	36516485	GSE167186	ctx_c138321e7ebd	Unkown 3	NA	NA	0	17	19	90	0.000	0.000	1.240	0	1	0	0.000	rounded_zero	2814350	source/effects_batch_005.json.gz
ENSG00000164327	RICTOR	36516485	GSE167186	ctx_c157cf74c34b	Mesenchymal stem cell 2	Adventitial cell	Mesenchymal stromal cell	0	17	19	90	0.005	0.005	1.568	0	1	0	0.275	up	2770675	source/effects_batch_005.json.gz
ENSG00000164327	RICTOR	36516485	GSE167186	ctx_d30649d2fd62	Unkown 7	NA	NA	0	17	19	90	-0.001	-0.001	1.348	0	1	0	-0.055	down	2858723	source/effects_batch_005.json.gz
ENSG00000164327	RICTOR	36516485	GSE167186	ctx_d78029928f98	Adventitial cell	Mesenchymal stem cell	Muscle-derived cell	0	17	19	90	-0.002	-0.002	1.204	0	1	0	-0.110	down	2748215	source/effects_batch_005.json.gz
ENSG00000164327	RICTOR	36516485	GSE167186	ctx_e129c8e975de	Unkown 8	NA	NA	0	17	19	90	0.004	0.004	1.500	0	1	0	0.220	up	2869949	source/effects_batch_005.json.gz
ENSG00000164327	RICTOR	36516485	GSE167186	ctx_e81eac8c401a	Unkown 6	NA	NA	0	17	19	90	0.003	0.003	1.180	0	1	0	0.165	up	2847290	source/effects_batch_005.json.gz
ENSG00000145332	KLHL8	36516485	GSE167186	ctx_0234b64ace9c	All Cells,  Skeletal Muscle	NA	NA	1	17	19	90	0.001	0.001	1.048	0	1	0	0.055	up	2758028	source/effects_batch_005.json.gz
ENSG00000145332	KLHL8	36516485	GSE167186	ctx_0fd5032b2b0c	Adventitial cell 8	Mesenchymal stem cell	Myogenic endothelial cell	0	17	19	90	0.000	0.000	1.000	0	1	0	0.000	rounded_zero	2736612	source/effects_batch_005.json.gz
ENSG00000145332	KLHL8	36516485	GSE167186	ctx_1f3e2a4066d7	Adventitial cell 2	Mesenchymal stem cell	Myogenic endothelial cell	0	17	19	90	0.000	0.000	1.080	0	1	0	0.000	rounded_zero	2666496	source/effects_batch_005.json.gz
ENSG00000145332	KLHL8	36516485	GSE167186	ctx_238c34ecff52	Unkown	NA	NA	0	17	19	90	0.001	0.001	1.050	0	1	0	0.055	up	2879496	source/effects_batch_005.json.gz
ENSG00000145332	KLHL8	36516485	GSE167186	ctx_3c1aedecb8ec	Adventitial cell 7	Mesenchymal stem cell	Myogenic endothelial cell	0	17	19	90	0.009	0.009	1.083	0	1	0	0.495	up	2725522	source/effects_batch_005.json.gz
ENSG00000145332	KLHL8	36516485	GSE167186	ctx_416833ac90ca	Mesenchymal stem cell 3	Adventitial cell	Mesenchymal stromal cell	0	17	19	90	0.008	0.008	1.000	0	1	0	0.440	up	2780143	source/effects_batch_005.json.gz
ENSG00000145332	KLHL8	36516485	GSE167186	ctx_51a23717b452	Mesenchymal stem cell	Pericyte	NA	0	17	19	90	0.005	0.005	1.100	0	1	0	0.275	up	2791216	source/effects_batch_005.json.gz
ENSG00000145332	KLHL8	36516485	GSE167186	ctx_5243fb2c6d5c	Adventitial cell 4	Mesenchymal stem cell	Muscle-derived cell	0	17	19	90	0.005	0.005	1.028	0	1	0	0.275	up	2690260	source/effects_batch_005.json.gz
ENSG00000145332	KLHL8	36516485	GSE167186	ctx_5da05f63762a	Unkown 4	NA	NA	0	17	19	90	0.000	0.000	1.054	0	1	0	0.000	rounded_zero	2823865	source/effects_batch_005.json.gz
ENSG00000145332	KLHL8	36516485	GSE167186	ctx_66b8877333b1	Adventitial cell 3	Mesenchymal stem cell	Myogenic endothelial cell	0	17	19	90	-0.002	-0.002	1.000	0	1	0	-0.110	down	2678384	source/effects_batch_005.json.gz
ENSG00000145332	KLHL8	36516485	GSE167186	ctx_926384c8242b	Unkown 5	NA	NA	0	17	19	90	-0.003	-0.003	1.029	0	1	0	-0.165	down	2834699	source/effects_batch_005.json.gz
ENSG00000145332	KLHL8	36516485	GSE167186	ctx_93986af51167	Adventitial cell 5	Mesenchymal stem cell	Muscle-derived cell	0	17	19	90	0.000	0.000	1.053	0	1	0	0.000	rounded_zero	2702093	source/effects_batch_005.json.gz
ENSG00000145332	KLHL8	36516485	GSE167186	ctx_9aa0a69d626d	Adventitial cell 6	Mesenchymal stem cell	Myogenic endothelial cell	0	17	19	90	0.013	0.013	1.000	0	1	0	0.715	up	2713836	source/effects_batch_005.json.gz
ENSG00000145332	KLHL8	36516485	GSE167186	ctx_bfd71711437a	Unkown 2	NA	NA	0	17	19	90	0.000	0.000	1.034	0	1	0	0.000	rounded_zero	2802382	source/effects_batch_005.json.gz
ENSG00000145332	KLHL8	36516485	GSE167186	ctx_c138321e7ebd	Unkown 3	NA	NA	0	17	19	90	0.001	0.001	1.054	0	1	0	0.055	up	2812960	source/effects_batch_005.json.gz
ENSG00000145332	KLHL8	36516485	GSE167186	ctx_c157cf74c34b	Mesenchymal stem cell 2	Adventitial cell	Mesenchymal stromal cell	0	17	19	90	0.004	0.004	1.000	0	1	0	0.220	up	2769270	source/effects_batch_005.json.gz
ENSG00000145332	KLHL8	36516485	GSE167186	ctx_d30649d2fd62	Unkown 7	NA	NA	0	17	19	90	0.000	0.000	1.041	0	1	0	0.000	rounded_zero	2857320	source/effects_batch_005.json.gz
ENSG00000145332	KLHL8	36516485	GSE167186	ctx_d78029928f98	Adventitial cell	Mesenchymal stem cell	Muscle-derived cell	0	17	19	90	0.003	0.003	1.023	0	1	0	0.165	up	2746823	source/effects_batch_005.json.gz
ENSG00000145332	KLHL8	36516485	GSE167186	ctx_e129c8e975de	Unkown 8	NA	NA	0	17	19	90	-0.003	-0.003	1.059	0	1	0	-0.165	down	2868459	source/effects_batch_005.json.gz
ENSG00000145332	KLHL8	36516485	GSE167186	ctx_e81eac8c401a	Unkown 6	NA	NA	0	17	19	90	0.003	0.003	1.058	0	1	0	0.165	up	2845725	source/effects_batch_005.json.gz
ENSG00000163577	EIF5A2	36516485	GSE167186	ctx_0fd5032b2b0c	Adventitial cell 8	Mesenchymal stem cell	Myogenic endothelial cell	0	17	19	90	0.030	0.030	1.000	0	1	0	1.650	up	2737770	source/effects_batch_005.json.gz
ENSG00000163577	EIF5A2	36516485	GSE167186	ctx_1f3e2a4066d7	Adventitial cell 2	Mesenchymal stem cell	Myogenic endothelial cell	0	17	19	90	0.006	0.006	1.063	0	1	0	0.330	up	2667847	source/effects_batch_005.json.gz
ENSG00000163577	EIF5A2	36516485	GSE167186	ctx_3c1aedecb8ec	Adventitial cell 7	Mesenchymal stem cell	Myogenic endothelial cell	0	17	19	90	-0.005	-0.005	1.111	0	1	0	-0.275	down	2726873	source/effects_batch_005.json.gz
ENSG00000163577	EIF5A2	36516485	GSE167186	ctx_51a23717b452	Mesenchymal stem cell	Pericyte	NA	0	17	19	90	0.015	0.015	1.067	0	1	0	0.825	up	2792565	source/effects_batch_005.json.gz
ENSG00000163577	EIF5A2	36516485	GSE167186	ctx_93986af51167	Adventitial cell 5	Mesenchymal stem cell	Muscle-derived cell	0	17	19	90	-0.009	-0.009	1.000	0	1	0	-0.495	down	2703453	source/effects_batch_005.json.gz
ENSG00000163577	EIF5A2	36516485	GSE167186	ctx_9aa0a69d626d	Adventitial cell 6	Mesenchymal stem cell	Myogenic endothelial cell	0	17	19	90	-0.017	-0.017	1.200	0	1	0	-0.935	down	2715169	source/effects_batch_005.json.gz
ENSG00000163577	EIF5A2	36516485	GSE167186	ctx_e81eac8c401a	Unkown 6	NA	NA	0	17	19	90	0.002	0.002	1.026	0	1	0	0.110	up	2847114	source/effects_batch_005.json.gz
ENSG00000051523	CYBA	36516485	GSE167186	ctx_0234b64ace9c	All Cells,  Skeletal Muscle	NA	NA	1	17	19	90	0.000	0.000	1.134	0	1	0	0.000	rounded_zero	2752765	source/effects_batch_005.json.gz
ENSG00000051523	CYBA	36516485	GSE167186	ctx_0fd5032b2b0c	Adventitial cell 8	Mesenchymal stem cell	Myogenic endothelial cell	0	17	19	90	-0.009	-0.009	1.063	0	1	0	-0.495	down	2731962	source/effects_batch_005.json.gz
ENSG00000051523	CYBA	36516485	GSE167186	ctx_1f3e2a4066d7	Adventitial cell 2	Mesenchymal stem cell	Myogenic endothelial cell	0	17	19	90	-0.002	-0.002	1.097	0	1	0	-0.110	down	2661221	source/effects_batch_005.json.gz
ENSG00000051523	CYBA	36516485	GSE167186	ctx_238c34ecff52	Unkown	NA	NA	0	17	19	90	-0.004	-0.004	1.031	0	1	0	-0.220	down	2874840	source/effects_batch_005.json.gz
ENSG00000051523	CYBA	36516485	GSE167186	ctx_3c1aedecb8ec	Adventitial cell 7	Mesenchymal stem cell	Myogenic endothelial cell	0	17	19	90	-0.004	-0.004	1.020	0	1	0	-0.220	down	2720262	source/effects_batch_005.json.gz
ENSG00000051523	CYBA	36516485	GSE167186	ctx_416833ac90ca	Mesenchymal stem cell 3	Adventitial cell	Mesenchymal stromal cell	0	17	19	90	-0.012	-0.012	1.160	0	1	0	-0.660	down	2775290	source/effects_batch_005.json.gz
ENSG00000051523	CYBA	36516485	GSE167186	ctx_51a23717b452	Mesenchymal stem cell	Pericyte	NA	0	17	19	90	-0.003	-0.003	1.072	0	1	0	-0.165	down	2785947	source/effects_batch_005.json.gz
ENSG00000051523	CYBA	36516485	GSE167186	ctx_5243fb2c6d5c	Adventitial cell 4	Mesenchymal stem cell	Muscle-derived cell	0	17	19	90	0.003	0.003	1.033	0	1	0	0.165	up	2684974	source/effects_batch_005.json.gz
ENSG00000051523	CYBA	36516485	GSE167186	ctx_5da05f63762a	Unkown 4	NA	NA	0	17	19	90	-0.003	-0.003	1.048	0	1	0	-0.165	down	2818972	source/effects_batch_005.json.gz
ENSG00000051523	CYBA	36516485	GSE167186	ctx_66b8877333b1	Adventitial cell 3	Mesenchymal stem cell	Myogenic endothelial cell	0	17	19	90	0.000	0.000	1.318	0	1	0	0.000	rounded_zero	2673035	source/effects_batch_005.json.gz
ENSG00000051523	CYBA	36516485	GSE167186	ctx_926384c8242b	Unkown 5	NA	NA	0	17	19	90	0.007	0.007	1.034	0	1	0	0.385	up	2829919	source/effects_batch_005.json.gz
ENSG00000051523	CYBA	36516485	GSE167186	ctx_93986af51167	Adventitial cell 5	Mesenchymal stem cell	Muscle-derived cell	0	17	19	90	-0.003	-0.003	1.139	0	1	0	-0.165	down	2696804	source/effects_batch_005.json.gz
ENSG00000051523	CYBA	36516485	GSE167186	ctx_9aa0a69d626d	Adventitial cell 6	Mesenchymal stem cell	Myogenic endothelial cell	0	17	19	90	0.001	0.001	1.308	0	1	0	0.055	up	2708600	source/effects_batch_005.json.gz
ENSG00000051523	CYBA	36516485	GSE167186	ctx_bfd71711437a	Unkown 2	NA	NA	0	17	19	90	-0.006	-0.006	1.033	0	1	0	-0.330	down	2797703	source/effects_batch_005.json.gz
ENSG00000051523	CYBA	36516485	GSE167186	ctx_c138321e7ebd	Unkown 3	NA	NA	0	17	19	90	-0.002	-0.002	1.028	0	1	0	-0.110	down	2808063	source/effects_batch_005.json.gz
ENSG00000051523	CYBA	36516485	GSE167186	ctx_c157cf74c34b	Mesenchymal stem cell 2	Adventitial cell	Mesenchymal stromal cell	0	17	19	90	-0.025	-0.025	1.000	0	1	0	-1.375	down	2764394	source/effects_batch_005.json.gz
ENSG00000051523	CYBA	36516485	GSE167186	ctx_d30649d2fd62	Unkown 7	NA	NA	0	17	19	90	-0.005	-0.005	1.030	0	1	0	-0.275	down	2852390	source/effects_batch_005.json.gz
ENSG00000051523	CYBA	36516485	GSE167186	ctx_d78029928f98	Adventitial cell	Mesenchymal stem cell	Muscle-derived cell	0	17	19	90	0.005	0.005	1.019	0	1	0	0.275	up	2741929	source/effects_batch_005.json.gz
ENSG00000051523	CYBA	36516485	GSE167186	ctx_e129c8e975de	Unkown 8	NA	NA	0	17	19	90	-0.004	-0.004	1.000	0	1	0	-0.220	down	2863359	source/effects_batch_005.json.gz
ENSG00000051523	CYBA	36516485	GSE167186	ctx_e81eac8c401a	Unkown 6	NA	NA	0	17	19	90	-0.001	-0.001	1.064	0	1	0	-0.055	down	2840353	source/effects_batch_005.json.gz
ENSG00000117598	PLPPR5	36516485	GSE167186	ctx_e81eac8c401a	Unkown 6	NA	NA	0	17	19	90	-0.008	-0.008	1.015	0	1	0	-0.440	down	2843183	source/effects_batch_005.json.gz
ENSG00000174109	UQCC4	36516485	GSE167186	ctx_0234b64ace9c	All Cells,  Skeletal Muscle	NA	NA	1	17	19	90	-0.004	-0.004	1.014	0	1	0	-0.220	down	2760735	source/effects_batch_005.json.gz
ENSG00000174109	UQCC4	36516485	GSE167186	ctx_0fd5032b2b0c	Adventitial cell 8	Mesenchymal stem cell	Myogenic endothelial cell	0	17	19	90	0.019	0.019	1.200	0	1	0	1.045	up	2738952	source/effects_batch_005.json.gz
ENSG00000174109	UQCC4	36516485	GSE167186	ctx_1f3e2a4066d7	Adventitial cell 2	Mesenchymal stem cell	Myogenic endothelial cell	0	17	19	90	-0.004	-0.004	1.047	0	1	0	-0.220	down	2669230	source/effects_batch_005.json.gz
ENSG00000174109	UQCC4	36516485	GSE167186	ctx_238c34ecff52	Unkown	NA	NA	0	17	19	90	-0.004	-0.004	1.035	0	1	0	-0.220	down	2881879	source/effects_batch_005.json.gz
ENSG00000174109	UQCC4	36516485	GSE167186	ctx_3c1aedecb8ec	Adventitial cell 7	Mesenchymal stem cell	Myogenic endothelial cell	0	17	19	90	-0.008	-0.008	1.000	0	1	0	-0.440	down	2728249	source/effects_batch_005.json.gz
ENSG00000174109	UQCC4	36516485	GSE167186	ctx_416833ac90ca	Mesenchymal stem cell 3	Adventitial cell	Mesenchymal stromal cell	0	17	19	90	0.006	0.006	1.000	0	1	0	0.330	up	2782611	source/effects_batch_005.json.gz
ENSG00000174109	UQCC4	36516485	GSE167186	ctx_51a23717b452	Mesenchymal stem cell	Pericyte	NA	0	17	19	90	-0.004	-0.004	1.047	0	1	0	-0.220	down	2793965	source/effects_batch_005.json.gz
ENSG00000174109	UQCC4	36516485	GSE167186	ctx_5243fb2c6d5c	Adventitial cell 4	Mesenchymal stem cell	Muscle-derived cell	0	17	19	90	-0.002	-0.002	1.026	0	1	0	-0.110	down	2692994	source/effects_batch_005.json.gz
ENSG00000174109	UQCC4	36516485	GSE167186	ctx_5da05f63762a	Unkown 4	NA	NA	0	17	19	90	-0.005	-0.005	1.020	0	1	0	-0.275	down	2826390	source/effects_batch_005.json.gz
ENSG00000174109	UQCC4	36516485	GSE167186	ctx_66b8877333b1	Adventitial cell 3	Mesenchymal stem cell	Myogenic endothelial cell	0	17	19	90	0.007	0.007	1.026	0	1	0	0.385	up	2681180	source/effects_batch_005.json.gz
ENSG00000174109	UQCC4	36516485	GSE167186	ctx_926384c8242b	Unkown 5	NA	NA	0	17	19	90	0.003	0.003	1.024	0	1	0	0.165	up	2837131	source/effects_batch_005.json.gz
ENSG00000174109	UQCC4	36516485	GSE167186	ctx_93986af51167	Adventitial cell 5	Mesenchymal stem cell	Muscle-derived cell	0	17	19	90	-0.019	-0.019	1.040	0	1	0	-1.045	down	2704847	source/effects_batch_005.json.gz
ENSG00000174109	UQCC4	36516485	GSE167186	ctx_9aa0a69d626d	Adventitial cell 6	Mesenchymal stem cell	Myogenic endothelial cell	0	17	19	90	-0.009	-0.009	1.000	0	1	0	-0.495	down	2716531	source/effects_batch_005.json.gz
ENSG00000174109	UQCC4	36516485	GSE167186	ctx_bfd71711437a	Unkown 2	NA	NA	0	17	19	90	-0.003	-0.003	1.031	0	1	0	-0.165	down	2804779	source/effects_batch_005.json.gz
ENSG00000174109	UQCC4	36516485	GSE167186	ctx_c138321e7ebd	Unkown 3	NA	NA	0	17	19	90	-0.005	-0.005	1.033	0	1	0	-0.275	down	2815474	source/effects_batch_005.json.gz
ENSG00000174109	UQCC4	36516485	GSE167186	ctx_c157cf74c34b	Mesenchymal stem cell 2	Adventitial cell	Mesenchymal stromal cell	0	17	19	90	-0.011	-0.011	1.083	0	1	0	-0.605	down	2771807	source/effects_batch_005.json.gz
ENSG00000174109	UQCC4	36516485	GSE167186	ctx_d30649d2fd62	Unkown 7	NA	NA	0	17	19	90	-0.013	-0.013	1.012	0	1	0	-0.715	down	2859842	source/effects_batch_005.json.gz
ENSG00000174109	UQCC4	36516485	GSE167186	ctx_d78029928f98	Adventitial cell	Mesenchymal stem cell	Muscle-derived cell	0	17	19	90	-0.002	-0.002	1.035	0	1	0	-0.110	down	2749314	source/effects_batch_005.json.gz
ENSG00000174109	UQCC4	36516485	GSE167186	ctx_e129c8e975de	Unkown 8	NA	NA	0	17	19	90	-0.013	-0.013	1.000	0	1	0	-0.715	down	2871123	source/effects_batch_005.json.gz
ENSG00000174109	UQCC4	36516485	GSE167186	ctx_e81eac8c401a	Unkown 6	NA	NA	0	17	19	90	-0.004	-0.004	1.024	0	1	0	-0.220	down	2848525	source/effects_batch_005.json.gz
ENSG00000172216	CEBPB	36516485	GSE167186	ctx_0234b64ace9c	All Cells,  Skeletal Muscle	NA	NA	1	17	19	90	0.002	0.002	1.080	0	1	0	0.110	up	2760537	source/effects_batch_005.json.gz
ENSG00000172216	CEBPB	36516485	GSE167186	ctx_0fd5032b2b0c	Adventitial cell 8	Mesenchymal stem cell	Myogenic endothelial cell	0	17	19	90	0.001	0.001	1.091	0	1	0	0.055	up	2738782	source/effects_batch_005.json.gz
ENSG00000172216	CEBPB	36516485	GSE167186	ctx_1f3e2a4066d7	Adventitial cell 2	Mesenchymal stem cell	Myogenic endothelial cell	0	17	19	90	0.007	0.007	1.062	0	1	0	0.385	up	2669029	source/effects_batch_005.json.gz
ENSG00000172216	CEBPB	36516485	GSE167186	ctx_238c34ecff52	Unkown	NA	NA	0	17	19	90	0.002	0.002	1.090	0	1	0	0.110	up	2881706	source/effects_batch_005.json.gz
ENSG00000172216	CEBPB	36516485	GSE167186	ctx_3c1aedecb8ec	Adventitial cell 7	Mesenchymal stem cell	Myogenic endothelial cell	0	17	19	90	0.006	0.006	1.041	0	1	0	0.330	up	2728054	source/effects_batch_005.json.gz
ENSG00000172216	CEBPB	36516485	GSE167186	ctx_416833ac90ca	Mesenchymal stem cell 3	Adventitial cell	Mesenchymal stromal cell	0	17	19	90	0.003	0.003	1.025	0	1	0	0.165	up	2782425	source/effects_batch_005.json.gz
ENSG00000172216	CEBPB	36516485	GSE167186	ctx_51a23717b452	Mesenchymal stem cell	Pericyte	NA	0	17	19	90	0.005	0.005	1.052	0	1	0	0.275	up	2793760	source/effects_batch_005.json.gz
ENSG00000172216	CEBPB	36516485	GSE167186	ctx_5243fb2c6d5c	Adventitial cell 4	Mesenchymal stem cell	Muscle-derived cell	0	17	19	90	0.007	0.007	1.070	0	1	0	0.385	up	2692796	source/effects_batch_005.json.gz
ENSG00000172216	CEBPB	36516485	GSE167186	ctx_5da05f63762a	Unkown 4	NA	NA	0	17	19	90	-0.001	-0.001	1.074	0	1	0	-0.055	down	2826208	source/effects_batch_005.json.gz
ENSG00000172216	CEBPB	36516485	GSE167186	ctx_66b8877333b1	Adventitial cell 3	Mesenchymal stem cell	Myogenic endothelial cell	0	17	19	90	0.002	0.002	1.148	0	1	0	0.110	up	2680979	source/effects_batch_005.json.gz
ENSG00000172216	CEBPB	36516485	GSE167186	ctx_926384c8242b	Unkown 5	NA	NA	0	17	19	90	0.002	0.002	1.122	0	1	0	0.110	up	2836951	source/effects_batch_005.json.gz
ENSG00000172216	CEBPB	36516485	GSE167186	ctx_93986af51167	Adventitial cell 5	Mesenchymal stem cell	Muscle-derived cell	0	17	19	90	-0.001	-0.001	1.038	0	1	0	-0.055	down	2704646	source/effects_batch_005.json.gz
ENSG00000172216	CEBPB	36516485	GSE167186	ctx_9aa0a69d626d	Adventitial cell 6	Mesenchymal stem cell	Myogenic endothelial cell	0	17	19	90	0.003	0.003	1.099	0	1	0	0.165	up	2716333	source/effects_batch_005.json.gz
ENSG00000172216	CEBPB	36516485	GSE167186	ctx_bfd71711437a	Unkown 2	NA	NA	0	17	19	90	0.001	0.001	1.078	0	1	0	0.055	up	2804605	source/effects_batch_005.json.gz
ENSG00000172216	CEBPB	36516485	GSE167186	ctx_c138321e7ebd	Unkown 3	NA	NA	0	17	19	90	0.001	0.001	1.114	0	1	0	0.055	up	2815289	source/effects_batch_005.json.gz
ENSG00000172216	CEBPB	36516485	GSE167186	ctx_c157cf74c34b	Mesenchymal stem cell 2	Adventitial cell	Mesenchymal stromal cell	0	17	19	90	-0.005	-0.005	1.129	0	1	0	-0.275	down	2771623	source/effects_batch_005.json.gz
ENSG00000172216	CEBPB	36516485	GSE167186	ctx_d30649d2fd62	Unkown 7	NA	NA	0	17	19	90	0.003	0.003	1.092	0	1	0	0.165	up	2859657	source/effects_batch_005.json.gz
ENSG00000172216	CEBPB	36516485	GSE167186	ctx_d78029928f98	Adventitial cell	Mesenchymal stem cell	Muscle-derived cell	0	17	19	90	0.006	0.006	1.110	0	1	0	0.330	up	2749138	source/effects_batch_005.json.gz
ENSG00000172216	CEBPB	36516485	GSE167186	ctx_e129c8e975de	Unkown 8	NA	NA	0	17	19	90	-0.001	-0.001	1.088	0	1	0	-0.055	down	2870932	source/effects_batch_005.json.gz
ENSG00000172216	CEBPB	36516485	GSE167186	ctx_e81eac8c401a	Unkown 6	NA	NA	0	17	19	90	0.004	0.004	1.052	0	1	0	0.220	up	2848316	source/effects_batch_005.json.gz
ENSG00000106603	COA1	36516485	GSE167186	ctx_0234b64ace9c	All Cells,  Skeletal Muscle	NA	NA	1	17	19	90	0.001	0.001	1.196	0	1	0	0.055	up	2754555	source/effects_batch_005.json.gz
ENSG00000106603	COA1	36516485	GSE167186	ctx_0fd5032b2b0c	Adventitial cell 8	Mesenchymal stem cell	Myogenic endothelial cell	0	17	19	90	-0.002	-0.002	1.000	0	1	0	-0.110	down	2733561	source/effects_batch_005.json.gz
ENSG00000106603	COA1	36516485	GSE167186	ctx_1f3e2a4066d7	Adventitial cell 2	Mesenchymal stem cell	Myogenic endothelial cell	0	17	19	90	0.005	0.005	1.184	0	1	0	0.275	up	2663024	source/effects_batch_005.json.gz
ENSG00000106603	COA1	36516485	GSE167186	ctx_238c34ecff52	Unkown	NA	NA	0	17	19	90	0.002	0.002	1.116	0	1	0	0.110	up	2876432	source/effects_batch_005.json.gz
ENSG00000106603	COA1	36516485	GSE167186	ctx_3c1aedecb8ec	Adventitial cell 7	Mesenchymal stem cell	Myogenic endothelial cell	0	17	19	90	0.002	0.002	1.136	0	1	0	0.110	up	2722074	source/effects_batch_005.json.gz
ENSG00000106603	COA1	36516485	GSE167186	ctx_416833ac90ca	Mesenchymal stem cell 3	Adventitial cell	Mesenchymal stromal cell	0	17	19	90	0.005	0.005	1.097	0	1	0	0.275	up	2776941	source/effects_batch_005.json.gz
ENSG00000106603	COA1	36516485	GSE167186	ctx_51a23717b452	Mesenchymal stem cell	Pericyte	NA	0	17	19	90	-0.001	-0.001	1.137	0	1	0	-0.055	down	2787741	source/effects_batch_005.json.gz
ENSG00000106603	COA1	36516485	GSE167186	ctx_5243fb2c6d5c	Adventitial cell 4	Mesenchymal stem cell	Muscle-derived cell	0	17	19	90	-0.002	-0.002	1.179	0	1	0	-0.110	down	2686773	source/effects_batch_005.json.gz
ENSG00000106603	COA1	36516485	GSE167186	ctx_5da05f63762a	Unkown 4	NA	NA	0	17	19	90	0.001	0.001	1.244	0	1	0	0.055	up	2820638	source/effects_batch_005.json.gz
ENSG00000106603	COA1	36516485	GSE167186	ctx_66b8877333b1	Adventitial cell 3	Mesenchymal stem cell	Myogenic endothelial cell	0	17	19	90	0.000	0.000	1.140	0	1	0	0.000	rounded_zero	2674857	source/effects_batch_005.json.gz
ENSG00000106603	COA1	36516485	GSE167186	ctx_926384c8242b	Unkown 5	NA	NA	0	17	19	90	0.003	0.003	1.080	0	1	0	0.165	up	2831543	source/effects_batch_005.json.gz
ENSG00000106603	COA1	36516485	GSE167186	ctx_93986af51167	Adventitial cell 5	Mesenchymal stem cell	Muscle-derived cell	0	17	19	90	0.004	0.004	1.168	0	1	0	0.220	up	2698605	source/effects_batch_005.json.gz
ENSG00000106603	COA1	36516485	GSE167186	ctx_9aa0a69d626d	Adventitial cell 6	Mesenchymal stem cell	Myogenic endothelial cell	0	17	19	90	0.002	0.002	1.188	0	1	0	0.110	up	2710385	source/effects_batch_005.json.gz
ENSG00000106603	COA1	36516485	GSE167186	ctx_bfd71711437a	Unkown 2	NA	NA	0	17	19	90	0.000	0.000	1.160	0	1	0	0.000	rounded_zero	2799295	source/effects_batch_005.json.gz
ENSG00000106603	COA1	36516485	GSE167186	ctx_c138321e7ebd	Unkown 3	NA	NA	0	17	19	90	0.002	0.002	1.242	0	1	0	0.110	up	2809739	source/effects_batch_005.json.gz
ENSG00000106603	COA1	36516485	GSE167186	ctx_c157cf74c34b	Mesenchymal stem cell 2	Adventitial cell	Mesenchymal stromal cell	0	17	19	90	-0.005	-0.005	1.189	0	1	0	-0.275	down	2766040	source/effects_batch_005.json.gz
ENSG00000106603	COA1	36516485	GSE167186	ctx_d30649d2fd62	Unkown 7	NA	NA	0	17	19	90	0.002	0.002	1.242	0	1	0	0.110	up	2854072	source/effects_batch_005.json.gz
ENSG00000106603	COA1	36516485	GSE167186	ctx_d78029928f98	Adventitial cell	Mesenchymal stem cell	Muscle-derived cell	0	17	19	90	0.002	0.002	1.133	0	1	0	0.110	up	2743595	source/effects_batch_005.json.gz
ENSG00000106603	COA1	36516485	GSE167186	ctx_e129c8e975de	Unkown 8	NA	NA	0	17	19	90	-0.001	-0.001	1.349	0	1	0	-0.055	down	2865089	source/effects_batch_005.json.gz
ENSG00000106603	COA1	36516485	GSE167186	ctx_e81eac8c401a	Unkown 6	NA	NA	0	17	19	90	0.001	0.001	1.116	0	1	0	0.055	up	2842187	source/effects_batch_005.json.gz
ENSG00000083720	OXCT1	36516485	GSE167186	ctx_0234b64ace9c	All Cells,  Skeletal Muscle	NA	NA	1	17	19	90	0.011	0.011	1.116	0	1	0	0.605	up	2753431	source/effects_batch_005.json.gz
ENSG00000083720	OXCT1	36516485	GSE167186	ctx_0fd5032b2b0c	Adventitial cell 8	Mesenchymal stem cell	Myogenic endothelial cell	0	17	19	90	0.010	0.010	1.000	0	1	0	0.550	up	2732573	source/effects_batch_005.json.gz
ENSG00000083720	OXCT1	36516485	GSE167186	ctx_1f3e2a4066d7	Adventitial cell 2	Mesenchymal stem cell	Myogenic endothelial cell	0	17	19	90	0.001	0.001	1.035	0	1	0	0.055	up	2661881	source/effects_batch_005.json.gz
ENSG00000083720	OXCT1	36516485	GSE167186	ctx_3c1aedecb8ec	Adventitial cell 7	Mesenchymal stem cell	Myogenic endothelial cell	0	17	19	90	0.005	0.005	1.000	0	1	0	0.275	up	2720927	source/effects_batch_005.json.gz
ENSG00000083720	OXCT1	36516485	GSE167186	ctx_416833ac90ca	Mesenchymal stem cell 3	Adventitial cell	Mesenchymal stromal cell	0	17	19	90	0.039	0.039	1.000	0	1	0	2.145	up	2775908	source/effects_batch_005.json.gz
ENSG00000083720	OXCT1	36516485	GSE167186	ctx_51a23717b452	Mesenchymal stem cell	Pericyte	NA	0	17	19	90	-0.001	-0.001	1.072	0	1	0	-0.055	down	2786607	source/effects_batch_005.json.gz
ENSG00000083720	OXCT1	36516485	GSE167186	ctx_5243fb2c6d5c	Adventitial cell 4	Mesenchymal stem cell	Muscle-derived cell	0	17	19	90	0.012	0.012	1.000	0	1	0	0.660	up	2685639	source/effects_batch_005.json.gz
ENSG00000083720	OXCT1	36516485	GSE167186	ctx_5da05f63762a	Unkown 4	NA	NA	0	17	19	90	0.020	0.020	1.116	0	1	0	1.100	up	2819592	source/effects_batch_005.json.gz
ENSG00000083720	OXCT1	36516485	GSE167186	ctx_66b8877333b1	Adventitial cell 3	Mesenchymal stem cell	Myogenic endothelial cell	0	17	19	90	0.003	0.003	1.000	0	1	0	0.165	up	2673701	source/effects_batch_005.json.gz
ENSG00000083720	OXCT1	36516485	GSE167186	ctx_926384c8242b	Unkown 5	NA	NA	0	17	19	90	0.010	0.010	1.039	0	1	0	0.550	up	2830523	source/effects_batch_005.json.gz
ENSG00000083720	OXCT1	36516485	GSE167186	ctx_93986af51167	Adventitial cell 5	Mesenchymal stem cell	Muscle-derived cell	0	17	19	90	0.003	0.003	1.041	0	1	0	0.165	up	2697457	source/effects_batch_005.json.gz
ENSG00000083720	OXCT1	36516485	GSE167186	ctx_9aa0a69d626d	Adventitial cell 6	Mesenchymal stem cell	Myogenic endothelial cell	0	17	19	90	0.013	0.013	1.068	0	1	0	0.715	up	2709259	source/effects_batch_005.json.gz
ENSG00000083720	OXCT1	36516485	GSE167186	ctx_bfd71711437a	Unkown 2	NA	NA	0	17	19	90	0.015	0.015	1.075	0	1	0	0.825	up	2798295	source/effects_batch_005.json.gz
ENSG00000083720	OXCT1	36516485	GSE167186	ctx_c138321e7ebd	Unkown 3	NA	NA	0	17	19	90	0.013	0.013	1.043	0	1	0	0.715	up	2808683	source/effects_batch_005.json.gz
ENSG00000083720	OXCT1	36516485	GSE167186	ctx_c157cf74c34b	Mesenchymal stem cell 2	Adventitial cell	Mesenchymal stromal cell	0	17	19	90	0.002	0.002	1.053	0	1	0	0.110	up	2765004	source/effects_batch_005.json.gz
ENSG00000083720	OXCT1	36516485	GSE167186	ctx_d30649d2fd62	Unkown 7	NA	NA	0	17	19	90	0.028	0.028	1.044	0	1	0	1.540	up	2853012	source/effects_batch_005.json.gz
ENSG00000083720	OXCT1	36516485	GSE167186	ctx_d78029928f98	Adventitial cell	Mesenchymal stem cell	Muscle-derived cell	0	17	19	90	0.003	0.003	1.077	0	1	0	0.165	up	2742548	source/effects_batch_005.json.gz
ENSG00000083720	OXCT1	36516485	GSE167186	ctx_e129c8e975de	Unkown 8	NA	NA	0	17	19	90	0.016	0.016	1.154	0	1	0	0.880	up	2864010	source/effects_batch_005.json.gz
ENSG00000083720	OXCT1	36516485	GSE167186	ctx_e81eac8c401a	Unkown 6	NA	NA	0	17	19	90	0.005	0.005	1.053	0	1	0	0.275	up	2841023	source/effects_batch_005.json.gz
ENSG00000116906	GNPAT	36516485	GSE167186	ctx_0234b64ace9c	All Cells,  Skeletal Muscle	NA	NA	1	17	19	90	-0.001	-0.001	1.076	0	1	0	-0.055	down	2755467	source/effects_batch_005.json.gz
ENSG00000116906	GNPAT	36516485	GSE167186	ctx_0fd5032b2b0c	Adventitial cell 8	Mesenchymal stem cell	Myogenic endothelial cell	0	17	19	90	-0.007	-0.007	1.038	0	1	0	-0.385	down	2734386	source/effects_batch_005.json.gz
ENSG00000116906	GNPAT	36516485	GSE167186	ctx_1f3e2a4066d7	Adventitial cell 2	Mesenchymal stem cell	Myogenic endothelial cell	0	17	19	90	0.001	0.001	1.032	0	1	0	0.055	up	2663944	source/effects_batch_005.json.gz
ENSG00000116906	GNPAT	36516485	GSE167186	ctx_238c34ecff52	Unkown	NA	NA	0	17	19	90	0.000	0.000	1.066	0	1	0	0.000	rounded_zero	2877247	source/effects_batch_005.json.gz
ENSG00000116906	GNPAT	36516485	GSE167186	ctx_3c1aedecb8ec	Adventitial cell 7	Mesenchymal stem cell	Myogenic endothelial cell	0	17	19	90	0.003	0.003	1.113	0	1	0	0.165	up	2722997	source/effects_batch_005.json.gz
ENSG00000116906	GNPAT	36516485	GSE167186	ctx_416833ac90ca	Mesenchymal stem cell 3	Adventitial cell	Mesenchymal stromal cell	0	17	19	90	0.003	0.003	1.048	0	1	0	0.165	up	2777786	source/effects_batch_005.json.gz
ENSG00000116906	GNPAT	36516485	GSE167186	ctx_51a23717b452	Mesenchymal stem cell	Pericyte	NA	0	17	19	90	-0.002	-0.002	1.070	0	1	0	-0.110	down	2788664	source/effects_batch_005.json.gz
ENSG00000116906	GNPAT	36516485	GSE167186	ctx_5243fb2c6d5c	Adventitial cell 4	Mesenchymal stem cell	Muscle-derived cell	0	17	19	90	-0.004	-0.004	1.085	0	1	0	-0.220	down	2687694	source/effects_batch_005.json.gz
ENSG00000116906	GNPAT	36516485	GSE167186	ctx_5da05f63762a	Unkown 4	NA	NA	0	17	19	90	-0.001	-0.001	1.066	0	1	0	-0.055	down	2821497	source/effects_batch_005.json.gz
ENSG00000116906	GNPAT	36516485	GSE167186	ctx_66b8877333b1	Adventitial cell 3	Mesenchymal stem cell	Myogenic endothelial cell	0	17	19	90	-0.002	-0.002	1.082	0	1	0	-0.110	down	2675785	source/effects_batch_005.json.gz
ENSG00000116906	GNPAT	36516485	GSE167186	ctx_926384c8242b	Unkown 5	NA	NA	0	17	19	90	0.000	0.000	1.032	0	1	0	0.000	rounded_zero	2832375	source/effects_batch_005.json.gz
ENSG00000116906	GNPAT	36516485	GSE167186	ctx_93986af51167	Adventitial cell 5	Mesenchymal stem cell	Muscle-derived cell	0	17	19	90	-0.003	-0.003	1.096	0	1	0	-0.165	down	2699521	source/effects_batch_005.json.gz
ENSG00000116906	GNPAT	36516485	GSE167186	ctx_9aa0a69d626d	Adventitial cell 6	Mesenchymal stem cell	Myogenic endothelial cell	0	17	19	90	0.003	0.003	1.093	0	1	0	0.165	up	2711287	source/effects_batch_005.json.gz
ENSG00000116906	GNPAT	36516485	GSE167186	ctx_bfd71711437a	Unkown 2	NA	NA	0	17	19	90	-0.001	-0.001	1.066	0	1	0	-0.055	down	2800117	source/effects_batch_005.json.gz
ENSG00000116906	GNPAT	36516485	GSE167186	ctx_c138321e7ebd	Unkown 3	NA	NA	0	17	19	90	0.001	0.001	1.076	0	1	0	0.055	up	2810597	source/effects_batch_005.json.gz
ENSG00000116906	GNPAT	36516485	GSE167186	ctx_c157cf74c34b	Mesenchymal stem cell 2	Adventitial cell	Mesenchymal stromal cell	0	17	19	90	-0.005	-0.005	1.014	0	1	0	-0.275	down	2766884	source/effects_batch_005.json.gz
ENSG00000116906	GNPAT	36516485	GSE167186	ctx_d30649d2fd62	Unkown 7	NA	NA	0	17	19	90	0.000	0.000	1.086	0	1	0	0.000	rounded_zero	2854931	source/effects_batch_005.json.gz
ENSG00000116906	GNPAT	36516485	GSE167186	ctx_d78029928f98	Adventitial cell	Mesenchymal stem cell	Muscle-derived cell	0	17	19	90	-0.002	-0.002	1.087	0	1	0	-0.110	down	2744452	source/effects_batch_005.json.gz
ENSG00000116906	GNPAT	36516485	GSE167186	ctx_e129c8e975de	Unkown 8	NA	NA	0	17	19	90	0.011	0.011	1.018	0	1	0	0.605	up	2865978	source/effects_batch_005.json.gz
ENSG00000116906	GNPAT	36516485	GSE167186	ctx_e81eac8c401a	Unkown 6	NA	NA	0	17	19	90	0.001	0.001	1.070	0	1	0	0.055	up	2843119	source/effects_batch_005.json.gz
ENSG00000177971	IMP3	36516485	GSE167186	ctx_0234b64ace9c	All Cells,  Skeletal Muscle	NA	NA	1	17	19	90	0.002	0.002	1.028	0	1	0	0.110	up	2761043	source/effects_batch_005.json.gz
ENSG00000177971	IMP3	36516485	GSE167186	ctx_0fd5032b2b0c	Adventitial cell 8	Mesenchymal stem cell	Myogenic endothelial cell	0	17	19	90	0.006	0.006	1.091	0	1	0	0.330	up	2739215	source/effects_batch_005.json.gz
ENSG00000177971	IMP3	36516485	GSE167186	ctx_1f3e2a4066d7	Adventitial cell 2	Mesenchymal stem cell	Myogenic endothelial cell	0	17	19	90	0.004	0.004	1.038	0	1	0	0.220	up	2669546	source/effects_batch_005.json.gz
ENSG00000177971	IMP3	36516485	GSE167186	ctx_238c34ecff52	Unkown	NA	NA	0	17	19	90	0.001	0.001	1.014	0	1	0	0.055	up	2882152	source/effects_batch_005.json.gz
ENSG00000177971	IMP3	36516485	GSE167186	ctx_3c1aedecb8ec	Adventitial cell 7	Mesenchymal stem cell	Myogenic endothelial cell	0	17	19	90	0.001	0.001	1.000	0	1	0	0.055	up	2728570	source/effects_batch_005.json.gz
ENSG00000177971	IMP3	36516485	GSE167186	ctx_416833ac90ca	Mesenchymal stem cell 3	Adventitial cell	Mesenchymal stromal cell	0	17	19	90	-0.007	-0.007	1.100	0	1	0	-0.385	down	2782896	source/effects_batch_005.json.gz
ENSG00000177971	IMP3	36516485	GSE167186	ctx_51a23717b452	Mesenchymal stem cell	Pericyte	NA	0	17	19	90	0.003	0.003	1.021	0	1	0	0.165	up	2794284	source/effects_batch_005.json.gz
ENSG00000177971	IMP3	36516485	GSE167186	ctx_5243fb2c6d5c	Adventitial cell 4	Mesenchymal stem cell	Muscle-derived cell	0	17	19	90	0.002	0.002	1.029	0	1	0	0.110	up	2693310	source/effects_batch_005.json.gz
ENSG00000177971	IMP3	36516485	GSE167186	ctx_5da05f63762a	Unkown 4	NA	NA	0	17	19	90	-0.001	-0.001	1.033	0	1	0	-0.055	down	2826679	source/effects_batch_005.json.gz
ENSG00000177971	IMP3	36516485	GSE167186	ctx_66b8877333b1	Adventitial cell 3	Mesenchymal stem cell	Myogenic endothelial cell	0	17	19	90	0.002	0.002	1.036	0	1	0	0.110	up	2681496	source/effects_batch_005.json.gz
ENSG00000177971	IMP3	36516485	GSE167186	ctx_926384c8242b	Unkown 5	NA	NA	0	17	19	90	0.001	0.001	1.024	0	1	0	0.055	up	2837405	source/effects_batch_005.json.gz
ENSG00000177971	IMP3	36516485	GSE167186	ctx_93986af51167	Adventitial cell 5	Mesenchymal stem cell	Muscle-derived cell	0	17	19	90	0.004	0.004	1.015	0	1	0	0.220	up	2705160	source/effects_batch_005.json.gz
ENSG00000177971	IMP3	36516485	GSE167186	ctx_9aa0a69d626d	Adventitial cell 6	Mesenchymal stem cell	Myogenic endothelial cell	0	17	19	90	-0.005	-0.005	1.029	0	1	0	-0.275	down	2716835	source/effects_batch_005.json.gz
ENSG00000177971	IMP3	36516485	GSE167186	ctx_bfd71711437a	Unkown 2	NA	NA	0	17	19	90	0.002	0.002	1.039	0	1	0	0.110	up	2805053	source/effects_batch_005.json.gz
ENSG00000177971	IMP3	36516485	GSE167186	ctx_c138321e7ebd	Unkown 3	NA	NA	0	17	19	90	0.000	0.000	1.019	0	1	0	0.000	rounded_zero	2815763	source/effects_batch_005.json.gz
ENSG00000177971	IMP3	36516485	GSE167186	ctx_c157cf74c34b	Mesenchymal stem cell 2	Adventitial cell	Mesenchymal stromal cell	0	17	19	90	-0.003	-0.003	1.143	0	1	0	-0.165	down	2772097	source/effects_batch_005.json.gz
ENSG00000177971	IMP3	36516485	GSE167186	ctx_d30649d2fd62	Unkown 7	NA	NA	0	17	19	90	0.004	0.004	1.009	0	1	0	0.220	up	2860132	source/effects_batch_005.json.gz
ENSG00000177971	IMP3	36516485	GSE167186	ctx_d78029928f98	Adventitial cell	Mesenchymal stem cell	Muscle-derived cell	0	17	19	90	0.001	0.001	1.031	0	1	0	0.055	up	2749601	source/effects_batch_005.json.gz
ENSG00000177971	IMP3	36516485	GSE167186	ctx_e129c8e975de	Unkown 8	NA	NA	0	17	19	90	-0.001	-0.001	1.048	0	1	0	-0.055	down	2871435	source/effects_batch_005.json.gz
ENSG00000177971	IMP3	36516485	GSE167186	ctx_e81eac8c401a	Unkown 6	NA	NA	0	17	19	90	0.007	0.007	1.028	0	1	0	0.385	up	2848850	source/effects_batch_005.json.gz
ENSG00000169908	TM4SF1	36516485	GSE167186	ctx_0234b64ace9c	All Cells,  Skeletal Muscle	NA	NA	1	17	19	90	-0.006	-0.006	1.170	0	1	0	-0.330	down	2760292	source/effects_batch_005.json.gz
ENSG00000169908	TM4SF1	36516485	GSE167186	ctx_0fd5032b2b0c	Adventitial cell 8	Mesenchymal stem cell	Myogenic endothelial cell	0	17	19	90	0.005	0.005	1.122	0	1	0	0.275	up	2738575	source/effects_batch_005.json.gz
ENSG00000169908	TM4SF1	36516485	GSE167186	ctx_1f3e2a4066d7	Adventitial cell 2	Mesenchymal stem cell	Myogenic endothelial cell	0	17	19	90	0.003	0.003	1.294	0	1	0	0.165	up	2668775	source/effects_batch_005.json.gz
ENSG00000169908	TM4SF1	36516485	GSE167186	ctx_238c34ecff52	Unkown	NA	NA	0	17	19	90	0.002	0.002	1.030	0	1	0	0.110	up	2881484	source/effects_batch_005.json.gz
ENSG00000169908	TM4SF1	36516485	GSE167186	ctx_3c1aedecb8ec	Adventitial cell 7	Mesenchymal stem cell	Myogenic endothelial cell	0	17	19	90	0.000	0.000	1.438	0	1	0	0.000	rounded_zero	2727801	source/effects_batch_005.json.gz
ENSG00000169908	TM4SF1	36516485	GSE167186	ctx_416833ac90ca	Mesenchymal stem cell 3	Adventitial cell	Mesenchymal stromal cell	0	17	19	90	-0.019	-0.019	1.000	0	1	0	-1.045	down	2782190	source/effects_batch_005.json.gz
ENSG00000169908	TM4SF1	36516485	GSE167186	ctx_51a23717b452	Mesenchymal stem cell	Pericyte	NA	0	17	19	90	0.004	0.004	1.073	0	1	0	0.220	up	2793505	source/effects_batch_005.json.gz
ENSG00000169908	TM4SF1	36516485	GSE167186	ctx_5243fb2c6d5c	Adventitial cell 4	Mesenchymal stem cell	Muscle-derived cell	0	17	19	90	-0.006	-0.006	1.050	0	1	0	-0.330	down	2692549	source/effects_batch_005.json.gz
ENSG00000169908	TM4SF1	36516485	GSE167186	ctx_5da05f63762a	Unkown 4	NA	NA	0	17	19	90	-0.002	-0.002	1.000	0	1	0	-0.110	down	2825976	source/effects_batch_005.json.gz
ENSG00000169908	TM4SF1	36516485	GSE167186	ctx_66b8877333b1	Adventitial cell 3	Mesenchymal stem cell	Myogenic endothelial cell	0	17	19	90	0.000	0.000	1.192	0	1	0	0.000	rounded_zero	2680722	source/effects_batch_005.json.gz
ENSG00000169908	TM4SF1	36516485	GSE167186	ctx_926384c8242b	Unkown 5	NA	NA	0	17	19	90	-0.001	-0.001	1.019	0	1	0	-0.055	down	2836732	source/effects_batch_005.json.gz
ENSG00000169908	TM4SF1	36516485	GSE167186	ctx_93986af51167	Adventitial cell 5	Mesenchymal stem cell	Muscle-derived cell	0	17	19	90	-0.007	-0.007	1.000	0	1	0	-0.385	down	2704396	source/effects_batch_005.json.gz
ENSG00000169908	TM4SF1	36516485	GSE167186	ctx_9aa0a69d626d	Adventitial cell 6	Mesenchymal stem cell	Myogenic endothelial cell	0	17	19	90	-0.003	-0.003	1.000	0	1	0	-0.165	down	2716081	source/effects_batch_005.json.gz
ENSG00000169908	TM4SF1	36516485	GSE167186	ctx_bfd71711437a	Unkown 2	NA	NA	0	17	19	90	-0.003	-0.003	1.023	0	1	0	-0.165	down	2804383	source/effects_batch_005.json.gz
ENSG00000169908	TM4SF1	36516485	GSE167186	ctx_c138321e7ebd	Unkown 3	NA	NA	0	17	19	90	0.002	0.002	1.009	0	1	0	0.110	up	2815055	source/effects_batch_005.json.gz
ENSG00000169908	TM4SF1	36516485	GSE167186	ctx_d30649d2fd62	Unkown 7	NA	NA	0	17	19	90	0.002	0.002	1.000	0	1	0	0.110	up	2859427	source/effects_batch_005.json.gz
ENSG00000169908	TM4SF1	36516485	GSE167186	ctx_d78029928f98	Adventitial cell	Mesenchymal stem cell	Muscle-derived cell	0	17	19	90	-0.014	-0.014	1.069	0	1	0	-0.770	down	2748906	source/effects_batch_005.json.gz
ENSG00000169908	TM4SF1	36516485	GSE167186	ctx_e129c8e975de	Unkown 8	NA	NA	0	17	19	90	0.007	0.007	1.000	0	1	0	0.385	up	2870684	source/effects_batch_005.json.gz
ENSG00000169908	TM4SF1	36516485	GSE167186	ctx_e81eac8c401a	Unkown 6	NA	NA	0	17	19	90	-0.008	-0.008	1.039	0	1	0	-0.440	down	2848065	source/effects_batch_005.json.gz
ENSG00000090013	BLVRB	36516485	GSE167186	ctx_0234b64ace9c	All Cells,  Skeletal Muscle	NA	NA	1	17	19	90	0.005	0.005	1.072	0	1	0	0.275	up	2753621	source/effects_batch_005.json.gz
ENSG00000090013	BLVRB	36516485	GSE167186	ctx_0fd5032b2b0c	Adventitial cell 8	Mesenchymal stem cell	Myogenic endothelial cell	0	17	19	90	-0.011	-0.011	1.000	0	1	0	-0.605	down	2732738	source/effects_batch_005.json.gz
ENSG00000090013	BLVRB	36516485	GSE167186	ctx_1f3e2a4066d7	Adventitial cell 2	Mesenchymal stem cell	Myogenic endothelial cell	0	17	19	90	0.011	0.011	1.031	0	1	0	0.605	up	2662069	source/effects_batch_005.json.gz
ENSG00000090013	BLVRB	36516485	GSE167186	ctx_238c34ecff52	Unkown	NA	NA	0	17	19	90	0.006	0.006	1.090	0	1	0	0.330	up	2875604	source/effects_batch_005.json.gz
ENSG00000090013	BLVRB	36516485	GSE167186	ctx_3c1aedecb8ec	Adventitial cell 7	Mesenchymal stem cell	Myogenic endothelial cell	0	17	19	90	-0.011	-0.011	1.042	0	1	0	-0.605	down	2721113	source/effects_batch_005.json.gz
ENSG00000090013	BLVRB	36516485	GSE167186	ctx_416833ac90ca	Mesenchymal stem cell 3	Adventitial cell	Mesenchymal stromal cell	0	17	19	90	0.002	0.002	1.074	0	1	0	0.110	up	2776079	source/effects_batch_005.json.gz
ENSG00000090013	BLVRB	36516485	GSE167186	ctx_51a23717b452	Mesenchymal stem cell	Pericyte	NA	0	17	19	90	0.008	0.008	1.095	0	1	0	0.440	up	2786793	source/effects_batch_005.json.gz
ENSG00000090013	BLVRB	36516485	GSE167186	ctx_5243fb2c6d5c	Adventitial cell 4	Mesenchymal stem cell	Muscle-derived cell	0	17	19	90	0.007	0.007	1.050	0	1	0	0.385	up	2685824	source/effects_batch_005.json.gz
ENSG00000090013	BLVRB	36516485	GSE167186	ctx_5da05f63762a	Unkown 4	NA	NA	0	17	19	90	0.004	0.004	1.088	0	1	0	0.220	up	2819772	source/effects_batch_005.json.gz
ENSG00000090013	BLVRB	36516485	GSE167186	ctx_66b8877333b1	Adventitial cell 3	Mesenchymal stem cell	Myogenic endothelial cell	0	17	19	90	0.008	0.008	1.112	0	1	0	0.440	up	2673891	source/effects_batch_005.json.gz
ENSG00000090013	BLVRB	36516485	GSE167186	ctx_926384c8242b	Unkown 5	NA	NA	0	17	19	90	0.000	0.000	1.054	0	1	0	0.000	rounded_zero	2830695	source/effects_batch_005.json.gz
ENSG00000090013	BLVRB	36516485	GSE167186	ctx_93986af51167	Adventitial cell 5	Mesenchymal stem cell	Muscle-derived cell	0	17	19	90	0.007	0.007	1.069	0	1	0	0.385	up	2697641	source/effects_batch_005.json.gz
ENSG00000090013	BLVRB	36516485	GSE167186	ctx_9aa0a69d626d	Adventitial cell 6	Mesenchymal stem cell	Myogenic endothelial cell	0	17	19	90	-0.001	-0.001	1.065	0	1	0	-0.055	down	2709443	source/effects_batch_005.json.gz
ENSG00000090013	BLVRB	36516485	GSE167186	ctx_bfd71711437a	Unkown 2	NA	NA	0	17	19	90	0.004	0.004	1.084	0	1	0	0.220	up	2798466	source/effects_batch_005.json.gz
ENSG00000090013	BLVRB	36516485	GSE167186	ctx_c138321e7ebd	Unkown 3	NA	NA	0	17	19	90	0.007	0.007	1.086	0	1	0	0.385	up	2808864	source/effects_batch_005.json.gz
ENSG00000090013	BLVRB	36516485	GSE167186	ctx_c157cf74c34b	Mesenchymal stem cell 2	Adventitial cell	Mesenchymal stromal cell	0	17	19	90	0.000	0.000	1.000	0	1	0	0.000	rounded_zero	2765176	source/effects_batch_005.json.gz
ENSG00000090013	BLVRB	36516485	GSE167186	ctx_d30649d2fd62	Unkown 7	NA	NA	0	17	19	90	0.010	0.010	1.072	0	1	0	0.550	up	2853190	source/effects_batch_005.json.gz
ENSG00000090013	BLVRB	36516485	GSE167186	ctx_d78029928f98	Adventitial cell	Mesenchymal stem cell	Muscle-derived cell	0	17	19	90	0.002	0.002	1.048	0	1	0	0.110	up	2742721	source/effects_batch_005.json.gz
ENSG00000090013	BLVRB	36516485	GSE167186	ctx_e129c8e975de	Unkown 8	NA	NA	0	17	19	90	-0.011	-0.011	1.059	0	1	0	-0.605	down	2864191	source/effects_batch_005.json.gz
ENSG00000090013	BLVRB	36516485	GSE167186	ctx_e81eac8c401a	Unkown 6	NA	NA	0	17	19	90	0.001	0.001	1.040	0	1	0	0.055	up	2841212	source/effects_batch_005.json.gz
ENSG00000135924	DNAJB2	36516485	GSE167186	ctx_0234b64ace9c	All Cells,  Skeletal Muscle	NA	NA	1	17	19	90	-0.001	-0.001	1.098	0	1	0	-0.055	down	2757046	source/effects_batch_005.json.gz
ENSG00000135924	DNAJB2	36516485	GSE167186	ctx_0fd5032b2b0c	Adventitial cell 8	Mesenchymal stem cell	Myogenic endothelial cell	0	17	19	90	0.000	0.000	1.042	0	1	0	0.000	rounded_zero	2735752	source/effects_batch_005.json.gz
ENSG00000135924	DNAJB2	36516485	GSE167186	ctx_1f3e2a4066d7	Adventitial cell 2	Mesenchymal stem cell	Myogenic endothelial cell	0	17	19	90	-0.002	-0.002	1.103	0	1	0	-0.110	down	2665524	source/effects_batch_005.json.gz
ENSG00000135924	DNAJB2	36516485	GSE167186	ctx_238c34ecff52	Unkown	NA	NA	0	17	19	90	-0.001	-0.001	1.102	0	1	0	-0.055	down	2878636	source/effects_batch_005.json.gz
ENSG00000135924	DNAJB2	36516485	GSE167186	ctx_3c1aedecb8ec	Adventitial cell 7	Mesenchymal stem cell	Myogenic endothelial cell	0	17	19	90	0.005	0.005	1.087	0	1	0	0.275	up	2724561	source/effects_batch_005.json.gz
ENSG00000135924	DNAJB2	36516485	GSE167186	ctx_416833ac90ca	Mesenchymal stem cell 3	Adventitial cell	Mesenchymal stromal cell	0	17	19	90	0.004	0.004	1.063	0	1	0	0.220	up	2779232	source/effects_batch_005.json.gz
ENSG00000135924	DNAJB2	36516485	GSE167186	ctx_51a23717b452	Mesenchymal stem cell	Pericyte	NA	0	17	19	90	-0.003	-0.003	1.118	0	1	0	-0.165	down	2790234	source/effects_batch_005.json.gz
ENSG00000135924	DNAJB2	36516485	GSE167186	ctx_5243fb2c6d5c	Adventitial cell 4	Mesenchymal stem cell	Muscle-derived cell	0	17	19	90	0.000	0.000	1.091	0	1	0	0.000	rounded_zero	2689268	source/effects_batch_005.json.gz
ENSG00000135924	DNAJB2	36516485	GSE167186	ctx_5da05f63762a	Unkown 4	NA	NA	0	17	19	90	-0.001	-0.001	1.118	0	1	0	-0.055	down	2822951	source/effects_batch_005.json.gz
ENSG00000135924	DNAJB2	36516485	GSE167186	ctx_66b8877333b1	Adventitial cell 3	Mesenchymal stem cell	Myogenic endothelial cell	0	17	19	90	-0.001	-0.001	1.085	0	1	0	-0.055	down	2677381	source/effects_batch_005.json.gz
ENSG00000135924	DNAJB2	36516485	GSE167186	ctx_926384c8242b	Unkown 5	NA	NA	0	17	19	90	-0.001	-0.001	1.098	0	1	0	-0.055	down	2833806	source/effects_batch_005.json.gz
ENSG00000135924	DNAJB2	36516485	GSE167186	ctx_93986af51167	Adventitial cell 5	Mesenchymal stem cell	Muscle-derived cell	0	17	19	90	0.003	0.003	1.143	0	1	0	0.165	up	2701102	source/effects_batch_005.json.gz
ENSG00000135924	DNAJB2	36516485	GSE167186	ctx_9aa0a69d626d	Adventitial cell 6	Mesenchymal stem cell	Myogenic endothelial cell	0	17	19	90	0.004	0.004	1.098	0	1	0	0.220	up	2712853	source/effects_batch_005.json.gz
ENSG00000135924	DNAJB2	36516485	GSE167186	ctx_bfd71711437a	Unkown 2	NA	NA	0	17	19	90	0.000	0.000	1.092	0	1	0	0.000	rounded_zero	2801517	source/effects_batch_005.json.gz
ENSG00000135924	DNAJB2	36516485	GSE167186	ctx_c138321e7ebd	Unkown 3	NA	NA	0	17	19	90	-0.004	-0.004	1.114	0	1	0	-0.220	down	2812048	source/effects_batch_005.json.gz
ENSG00000135924	DNAJB2	36516485	GSE167186	ctx_c157cf74c34b	Mesenchymal stem cell 2	Adventitial cell	Mesenchymal stromal cell	0	17	19	90	-0.005	-0.005	1.146	0	1	0	-0.275	down	2768356	source/effects_batch_005.json.gz
ENSG00000135924	DNAJB2	36516485	GSE167186	ctx_d30649d2fd62	Unkown 7	NA	NA	0	17	19	90	-0.002	-0.002	1.118	0	1	0	-0.110	down	2856405	source/effects_batch_005.json.gz
ENSG00000135924	DNAJB2	36516485	GSE167186	ctx_d78029928f98	Adventitial cell	Mesenchymal stem cell	Muscle-derived cell	0	17	19	90	-0.002	-0.002	1.196	0	1	0	-0.110	down	2745907	source/effects_batch_005.json.gz
ENSG00000135924	DNAJB2	36516485	GSE167186	ctx_e129c8e975de	Unkown 8	NA	NA	0	17	19	90	0.017	0.017	1.082	0	1	0	0.935	up	2867496	source/effects_batch_005.json.gz
ENSG00000135924	DNAJB2	36516485	GSE167186	ctx_e81eac8c401a	Unkown 6	NA	NA	0	17	19	90	-0.001	-0.001	1.086	0	1	0	-0.055	down	2844722	source/effects_batch_005.json.gz
ENSG00000167136	ENDOG	36516485	GSE167186	ctx_0234b64ace9c	All Cells,  Skeletal Muscle	NA	NA	1	17	19	90	-0.008	-0.008	1.044	0	1	0	-0.440	down	2759916	source/effects_batch_005.json.gz
ENSG00000167136	ENDOG	36516485	GSE167186	ctx_0fd5032b2b0c	Adventitial cell 8	Mesenchymal stem cell	Myogenic endothelial cell	0	17	19	90	0.007	0.007	1.000	0	1	0	0.385	up	2738254	source/effects_batch_005.json.gz
ENSG00000167136	ENDOG	36516485	GSE167186	ctx_1f3e2a4066d7	Adventitial cell 2	Mesenchymal stem cell	Myogenic endothelial cell	0	17	19	90	-0.007	-0.007	1.075	0	1	0	-0.385	down	2668396	source/effects_batch_005.json.gz
ENSG00000167136	ENDOG	36516485	GSE167186	ctx_238c34ecff52	Unkown	NA	NA	0	17	19	90	-0.006	-0.006	1.026	0	1	0	-0.330	down	2881164	source/effects_batch_005.json.gz
ENSG00000167136	ENDOG	36516485	GSE167186	ctx_3c1aedecb8ec	Adventitial cell 7	Mesenchymal stem cell	Myogenic endothelial cell	0	17	19	90	0.005	0.005	1.000	0	1	0	0.275	up	2727427	source/effects_batch_005.json.gz
ENSG00000167136	ENDOG	36516485	GSE167186	ctx_416833ac90ca	Mesenchymal stem cell 3	Adventitial cell	Mesenchymal stromal cell	0	17	19	90	0.000	0.000	1.000	0	1	0	0.000	rounded_zero	2781851	source/effects_batch_005.json.gz
ENSG00000167136	ENDOG	36516485	GSE167186	ctx_51a23717b452	Mesenchymal stem cell	Pericyte	NA	0	17	19	90	-0.010	-0.010	1.059	0	1	0	-0.550	down	2793127	source/effects_batch_005.json.gz
ENSG00000167136	ENDOG	36516485	GSE167186	ctx_5243fb2c6d5c	Adventitial cell 4	Mesenchymal stem cell	Muscle-derived cell	0	17	19	90	-0.010	-0.010	1.032	0	1	0	-0.550	down	2692175	source/effects_batch_005.json.gz
ENSG00000167136	ENDOG	36516485	GSE167186	ctx_5da05f63762a	Unkown 4	NA	NA	0	17	19	90	-0.008	-0.008	1.036	0	1	0	-0.440	down	2825636	source/effects_batch_005.json.gz
ENSG00000167136	ENDOG	36516485	GSE167186	ctx_66b8877333b1	Adventitial cell 3	Mesenchymal stem cell	Myogenic endothelial cell	0	17	19	90	-0.009	-0.009	1.020	0	1	0	-0.495	down	2680336	source/effects_batch_005.json.gz
ENSG00000167136	ENDOG	36516485	GSE167186	ctx_926384c8242b	Unkown 5	NA	NA	0	17	19	90	-0.006	-0.006	1.066	0	1	0	-0.330	down	2836401	source/effects_batch_005.json.gz
ENSG00000167136	ENDOG	36516485	GSE167186	ctx_93986af51167	Adventitial cell 5	Mesenchymal stem cell	Muscle-derived cell	0	17	19	90	-0.018	-0.018	1.028	0	1	0	-0.990	down	2704020	source/effects_batch_005.json.gz
ENSG00000167136	ENDOG	36516485	GSE167186	ctx_9aa0a69d626d	Adventitial cell 6	Mesenchymal stem cell	Myogenic endothelial cell	0	17	19	90	-0.015	-0.015	1.000	0	1	0	-0.825	down	2715713	source/effects_batch_005.json.gz
ENSG00000167136	ENDOG	36516485	GSE167186	ctx_bfd71711437a	Unkown 2	NA	NA	0	17	19	90	-0.014	-0.014	1.022	0	1	0	-0.770	down	2804060	source/effects_batch_005.json.gz
ENSG00000167136	ENDOG	36516485	GSE167186	ctx_c138321e7ebd	Unkown 3	NA	NA	0	17	19	90	-0.011	-0.011	1.030	0	1	0	-0.605	down	2814714	source/effects_batch_005.json.gz
ENSG00000167136	ENDOG	36516485	GSE167186	ctx_c157cf74c34b	Mesenchymal stem cell 2	Adventitial cell	Mesenchymal stromal cell	0	17	19	90	-0.005	-0.005	1.000	0	1	0	-0.275	down	2771046	source/effects_batch_005.json.gz
ENSG00000167136	ENDOG	36516485	GSE167186	ctx_d30649d2fd62	Unkown 7	NA	NA	0	17	19	90	-0.013	-0.013	1.012	0	1	0	-0.715	down	2859086	source/effects_batch_005.json.gz
ENSG00000167136	ENDOG	36516485	GSE167186	ctx_d78029928f98	Adventitial cell	Mesenchymal stem cell	Muscle-derived cell	0	17	19	90	0.000	0.000	1.031	0	1	0	0.000	rounded_zero	2748577	source/effects_batch_005.json.gz
ENSG00000167136	ENDOG	36516485	GSE167186	ctx_e129c8e975de	Unkown 8	NA	NA	0	17	19	90	-0.005	-0.005	1.000	0	1	0	-0.275	down	2870335	source/effects_batch_005.json.gz
ENSG00000167136	ENDOG	36516485	GSE167186	ctx_e81eac8c401a	Unkown 6	NA	NA	0	17	19	90	-0.009	-0.009	1.021	0	1	0	-0.495	down	2847686	source/effects_batch_005.json.gz
ENSG00000162695	SLC30A7	36516485	GSE167186	ctx_0234b64ace9c	All Cells,  Skeletal Muscle	NA	NA	1	17	19	90	0.001	0.001	1.056	0	1	0	0.055	up	2759239	source/effects_batch_005.json.gz
ENSG00000162695	SLC30A7	36516485	GSE167186	ctx_0fd5032b2b0c	Adventitial cell 8	Mesenchymal stem cell	Myogenic endothelial cell	0	17	19	90	-0.009	-0.009	1.000	0	1	0	-0.495	down	2737658	source/effects_batch_005.json.gz
ENSG00000162695	SLC30A7	36516485	GSE167186	ctx_1f3e2a4066d7	Adventitial cell 2	Mesenchymal stem cell	Myogenic endothelial cell	0	17	19	90	0.000	0.000	1.101	0	1	0	0.000	rounded_zero	2667720	source/effects_batch_005.json.gz
ENSG00000162695	SLC30A7	36516485	GSE167186	ctx_238c34ecff52	Unkown	NA	NA	0	17	19	90	0.002	0.002	1.054	0	1	0	0.110	up	2880551	source/effects_batch_005.json.gz
ENSG00000162695	SLC30A7	36516485	GSE167186	ctx_3c1aedecb8ec	Adventitial cell 7	Mesenchymal stem cell	Myogenic endothelial cell	0	17	19	90	-0.007	-0.007	1.100	0	1	0	-0.385	down	2726742	source/effects_batch_005.json.gz
ENSG00000162695	SLC30A7	36516485	GSE167186	ctx_416833ac90ca	Mesenchymal stem cell 3	Adventitial cell	Mesenchymal stromal cell	0	17	19	90	-0.004	-0.004	1.000	0	1	0	-0.220	down	2781244	source/effects_batch_005.json.gz
ENSG00000162695	SLC30A7	36516485	GSE167186	ctx_51a23717b452	Mesenchymal stem cell	Pericyte	NA	0	17	19	90	0.001	0.001	1.045	0	1	0	0.055	up	2792435	source/effects_batch_005.json.gz
ENSG00000162695	SLC30A7	36516485	GSE167186	ctx_5243fb2c6d5c	Adventitial cell 4	Mesenchymal stem cell	Muscle-derived cell	0	17	19	90	0.001	0.001	1.046	0	1	0	0.055	up	2691484	source/effects_batch_005.json.gz
ENSG00000162695	SLC30A7	36516485	GSE167186	ctx_5da05f63762a	Unkown 4	NA	NA	0	17	19	90	0.002	0.002	1.060	0	1	0	0.110	up	2824990	source/effects_batch_005.json.gz
ENSG00000162695	SLC30A7	36516485	GSE167186	ctx_66b8877333b1	Adventitial cell 3	Mesenchymal stem cell	Myogenic endothelial cell	0	17	19	90	0.002	0.002	1.061	0	1	0	0.110	up	2679651	source/effects_batch_005.json.gz
ENSG00000162695	SLC30A7	36516485	GSE167186	ctx_926384c8242b	Unkown 5	NA	NA	0	17	19	90	0.002	0.002	1.021	0	1	0	0.110	up	2835784	source/effects_batch_005.json.gz
ENSG00000162695	SLC30A7	36516485	GSE167186	ctx_93986af51167	Adventitial cell 5	Mesenchymal stem cell	Muscle-derived cell	0	17	19	90	0.005	0.005	1.115	0	1	0	0.275	up	2703325	source/effects_batch_005.json.gz
ENSG00000162695	SLC30A7	36516485	GSE167186	ctx_9aa0a69d626d	Adventitial cell 6	Mesenchymal stem cell	Myogenic endothelial cell	0	17	19	90	0.006	0.006	1.088	0	1	0	0.330	up	2715039	source/effects_batch_005.json.gz
ENSG00000162695	SLC30A7	36516485	GSE167186	ctx_bfd71711437a	Unkown 2	NA	NA	0	17	19	90	0.003	0.003	1.066	0	1	0	0.165	up	2803450	source/effects_batch_005.json.gz
ENSG00000162695	SLC30A7	36516485	GSE167186	ctx_c138321e7ebd	Unkown 3	NA	NA	0	17	19	90	0.002	0.002	1.056	0	1	0	0.110	up	2814073	source/effects_batch_005.json.gz
ENSG00000162695	SLC30A7	36516485	GSE167186	ctx_c157cf74c34b	Mesenchymal stem cell 2	Adventitial cell	Mesenchymal stromal cell	0	17	19	90	-0.014	-0.014	1.174	0	1	0	-0.770	down	2770403	source/effects_batch_005.json.gz
ENSG00000162695	SLC30A7	36516485	GSE167186	ctx_d30649d2fd62	Unkown 7	NA	NA	0	17	19	90	-0.001	-0.001	1.064	0	1	0	-0.055	down	2858441	source/effects_batch_005.json.gz
ENSG00000162695	SLC30A7	36516485	GSE167186	ctx_d78029928f98	Adventitial cell	Mesenchymal stem cell	Muscle-derived cell	0	17	19	90	0.005	0.005	1.070	0	1	0	0.275	up	2747938	source/effects_batch_005.json.gz
ENSG00000162695	SLC30A7	36516485	GSE167186	ctx_e129c8e975de	Unkown 8	NA	NA	0	17	19	90	0.000	0.000	1.038	0	1	0	0.000	rounded_zero	2869651	source/effects_batch_005.json.gz
ENSG00000162695	SLC30A7	36516485	GSE167186	ctx_e81eac8c401a	Unkown 6	NA	NA	0	17	19	90	0.003	0.003	1.056	0	1	0	0.165	up	2846977	source/effects_batch_005.json.gz
